tax_year,filer_ein,filer_name,recipient_name,recipient_ein,recipient_address1,recipient_address2,recipient_city,recipient_state,recipient_country,recipient_postal,amount,purpose
2020,263753801,Foundation to Promote Open Society,Oral History Institute of Moldova Public Associa,,Vasile Alecsandri Str 46,,Chisinau,,MD,MD-2012,18000,to provide general support
2020,263753801,Foundation to Promote Open Society,350org,,20 Jay Street Suite 732,,Brooklyn,NY,,11201,250000,to provide general support
2020,263753801,Foundation to Promote Open Society,A New Way of Life Re-Entry Project,,PO Box 875288,,Los Angeles,CA,,90087,200000,to provide general support
2020,263753801,Foundation to Promote Open Society,APhilip Randolph Educational Fund,,815 16th Street NW,,Washington DC,DC,,20006,100000,"to support the Grantee's civic engagement programming at the national level, and civic engagement field programs across selected target states and communities"
2020,263753801,Foundation to Promote Open Society,Abdorrahman Boroumand Center for Human Rights In I,,3220 N Street NW Suite 357,,Washington,DC,,20007,100000,to support advocacy and campaigning efforts for release of prisoners in the MENA region
2020,263753801,Foundation to Promote Open Society,Abdorrahman Boroumand Center for Human Rights In I,,3220 N Street NW Suite 357,,Washington,DC,,20007,183333,"to provide, in collaboration with HRI, general support for three years to promote human rights and democracy in Iran, with a particular emphasis on due process and the right to life"
2020,263753801,Foundation to Promote Open Society,Abolitionist Law Center,,PO Box 8654,,Pittsburgh,PA,,15221,100000,to provide general support
2020,263753801,Foundation to Promote Open Society,Academy of Medical and Public Health Services,,5306 Third Avenue 2nd Floor,,Brooklyn,NY,,11220,25000,to provide general support
2020,263753801,Foundation to Promote Open Society,Accelerator for America,,7119 W Sunset Blvd No 195,,Los Angeles,CA,,90046,750000,to provide support to the Grantee's work to provide cash assistance and other critical support to immigrant and other vulnerable workers impacted by the COVID 19
2020,263753801,Foundation to Promote Open Society,Access Foundation,,Urbanizacion Buenos Aires casa 23,,San Jose,,CS,00000,40000,to provide general support
2020,263753801,Foundation to Promote Open Society,Access Info Europe,,Cava de San Miguel 8 4 Centro,,Madrid,,SP,28005,100000,to provide general support
2020,263753801,Foundation to Promote Open Society,Access Now,,34 West 27th Street 6th Floor,,New York City,NY,,10001,145000,to provide general support
2020,263753801,Foundation to Promote Open Society,Access Now,,34 West 27th Street 6th Floor,,New York City,NY,,10001,200000,to provide general support
2020,263753801,Foundation to Promote Open Society,Access Now Europe,,Rue Belliard 12,,Brussels,,BE,1040,100000,to provide general support
2020,263753801,Foundation to Promote Open Society,Accountability Counsel,,244 Kearny Street Floor 6,,San Francisco,CA,,94108,300000,to provide general support
2020,263753801,Foundation to Promote Open Society,Accountability Lab Nepal,,Neel Sarswoti Marg,,Kathmandu,,NP,44600,71092,to provide general support
2020,263753801,Foundation to Promote Open Society,ACLU Fund of Michigan,,2966 Woodward,,Detroit,MI,,48201,750000,to provide general support
2020,263753801,Foundation to Promote Open Society,ACLU of Maine,,PO Box 7860,,Portland,ME,,04112,94787,to research the economic and social costs of punitive drug policies in Maine and produce a report with comparison to alternative drug policy models
2020,263753801,Foundation to Promote Open Society,Action Center on Race and the Economy Institute,,1901 West Carroll Avenue,,Chicago,IL,,60612,45000,to provide general support
2020,263753801,Foundation to Promote Open Society,ActionAid USA,,1220 L St NW Suite 725,,Washington,DC,,20005,100000,"to educate civil society on monetary and fiscal policy, and to mobilize and strengthen domestic resources around the world"
2020,263753801,Foundation to Promote Open Society,ActionAid USA,,1220 L St NW Suite 725,,Washington,DC,,20005,40000,"to support stakeholders in Ghana, Kenya and Uganda to link issues of education finance, tax justice and the growth of private actors in education"
2020,263753801,Foundation to Promote Open Society,Adalah - The Legal Center for Arab Minority Rights,,Yaffa Street 94 PO Box 8921,,Haifa,,IS,3109001,100000,"to support litigation and advocacy for equal access to health, dignified living conditions, and protection of civil liberties during the coronavirus pandemic"
2020,263753801,Foundation to Promote Open Society,Addis Ababa University,,Arada Sub City,,Addis Ababa,,ET,150131,170000,"to support the Grantee's Institute for Peace and Security Studies to generate and deepen African knowledge about African peace and security through education; professional development; and research to advance conflict prevention, management, resolution and peace building"
2020,263753801,Foundation to Promote Open Society,Advocates for Children and Youth Inc,,1 N Charles Street Suite 2400,,Baltimore,MD,,21201,100000,to provide general support
2020,263753801,Foundation to Promote Open Society,Advocates for Children and Youth Inc,,1 N Charles Street Suite 2400,,Baltimore,MD,,21201,100000,"to engage in outreach and education to reduce the number of youth impacted by Maryland's juvenile justice system, with fewer young people involved at every level"
2020,263753801,Foundation to Promote Open Society,Advocates for Children and Youth Inc,,1 N Charles Street Suite 2400,,Baltimore,MD,,21201,80000,to advocate for equitable school funding and policies and practices that improve school climate and reduce harsh school discipline
2020,263753801,Foundation to Promote Open Society,Advocates for Informed Choice,,365 Boston Post Rd 163,,Sudbury,MA,,01776,100000,to provide general support
2020,263753801,Foundation to Promote Open Society,Advocates for Informed Choice,,365 Boston Post Rd 163,,Sudbury,MA,,01776,80000,to provide general support
2020,263753801,Foundation to Promote Open Society,Afghan Independent Bar Association,,Masjid Hanzala Road Cross from Bal,,Kabul,,AF,00000,20000,to support charitable and educational activities of Conduct 3rd general Assembly
2020,263753801,Foundation to Promote Open Society,Africa Centre for Open Governance (AfriCOG),,Kabarsiran Avenue off James Gichur,,Nairobi,,KE,00100,80000,to examine the manifestations and impact of state capture in selected African countries in order to develop a shared understanding and raised awareness of both
2020,263753801,Foundation to Promote Open Society,Africa Health Budget Initiative,,No 9 Berbera Street Wuse Zone 6,,Abuja,,NI,900281,120000,to promote accountability for COVID-19 finances in Africa
2020,263753801,Foundation to Promote Open Society,Africa-America Institute,,60 East 42nd Street Suite 1700,,New York,NY,,10165,1000000,to provide general support
2020,263753801,Foundation to Promote Open Society,African Artists' Foundation,,3b Isiola Oyeken Close Off Adeleke,,Victoria Island Lagos,,NI,3b Isiola Oyeka,20000,to support the 2020 Lagos Photo Festival
2020,263753801,Foundation to Promote Open Society,African Artists' Foundation,,3b Isiola Oyeken Close Off Adeleke,,Victoria Island Lagos,,NI,3b Isiola Oyeka,100000,to provide general support
2020,263753801,Foundation to Promote Open Society,African Center for Economic Transformation,,1776 K Street NW Suite 200,,Washington,DC,,20006,350000,to provide general support
2020,263753801,Foundation to Promote Open Society,African Center for Economic Transformation,,1776 K Street NW Suite 200,,Washington,DC,,20006,165000,to provide voice to smallholder farmers and other marginalized voices from agriculture in the national agriculture policy debate to positively impact policy for a more inclusive and transformational agriculture sector
2020,263753801,Foundation to Promote Open Society,African Centre for Justice and Peace Studies,,1483 York Avenue No 20463,,New York,NY,,10021,30000,to document work done in defending human and civil rights among underprivileged communities
2020,263753801,Foundation to Promote Open Society,African Civic Leadership Program,,6118 Phelps Lane,,Hanover,MD,,21076,138000,"to develop a Civil Society Resource Center with the aim of identifying, training and mentoring emerging and existing civil society organization's leadership and organizations helping to rebuild civil society in Ethiopia"
2020,263753801,Foundation to Promote Open Society,African Culture Fund,,Sogoniko Rue 80 Porte 186,,Bamako,,ML,00000,185138,"to support Grantee's charitable programs, which aim to promote and develop of African culture and art"
2020,263753801,Foundation to Promote Open Society,African Development Solutions,,PO Box 70331-00400,,Nairobi,,KE,70331 -00400,74000,to support Adeso health work
2020,263753801,Foundation to Promote Open Society,African Development Solutions,,PO Box 70331-00400,,Nairobi,,KE,70331 -00400,135000,"To support the development and implementation of NEAR 2019-2020 Advocacy Program, to advocate for the rights of local actors to make decisions in and provide guidance to national, regional and international decision-making fora, including health assistance-related decision-making spaces"
2020,263753801,Foundation to Promote Open Society,African Leadership Centre Trust,,PO Box 25742,,Nairobi,,KE,00000,25000,to support work on accountability mechanisms and retribution for victims of sexual and gender based violence in coordination with the United Nations Commission on Human Rights in South Sudan
2020,263753801,Foundation to Promote Open Society,African Leadership Centre Trust,,PO Box 25742,,Nairobi,,KE,00000,60000,"to support the leadership development for young African women working in the areas of peace, security and development in Africa in addition to facilitating the contribution of leading practitioners in the field of peace, security and development to the learning experience of Africa Leadership Centre fellows"
2020,263753801,Foundation to Promote Open Society,African Palliative Care Association,,PO Box 72518,,Kampala,,UG,256,48000,to provide general support
2020,263753801,Foundation to Promote Open Society,African Policing Civilian Oversight Forum,,Suite 103- 105A Building 17 The Wa,,Cape Town,,SF,7925,140000,to provide general support
2020,263753801,Foundation to Promote Open Society,African School of Economics,,Abomey-Calavi Arconville Route de,,AbomeyCalavi,,BN,02 BP 372,200023,"to support the development of the Pan-African Scientific Research Council (PASRC), a platform for sharing knowledge and developing collaborative research initiatives among African scientists from a range of disciplines"
2020,263753801,Foundation to Promote Open Society,African Sex Workers Alliance,,Office Number 12 Second floor Jogoo,,Nairobi,,KE,00300,56400,to support the African Sex Workers Alliance to build a strategy process that meaningfully includes its membership
2020,263753801,Foundation to Promote Open Society,African Society for Laboratory Medicine,,Joseph Tito Street Nega City Mall,,Kirkos Subcity Kebele,,ET,00000,500000,"to support Africa CDC in its regional, cross-regional,cross-regional and global coordination efforts, and advance the advocacy component of its vaccine strategy"
2020,263753801,Foundation to Promote Open Society,African Society for Laboratory Medicine,,Joseph Tito Street Nega City Mall,,Kirkos Subcity Kebele,,ET,00000,500000,to coordinate regional efforts to mitigate severe illness and death from COVID-19 infection in African Union Member States and to minimize social disruption and economic consequences of COVID-19 outbreaks
2020,263753801,Foundation to Promote Open Society,African Union,,P O Box 3243,,Addis Ababa,,ET,00000,300000,to strengthen the capacity of the Grantee's Department of Rural Economy and Agriculture and Regional Economic Communities to advance intra-Africa Trade in Agricultural commodities and Services through the Africa free Continental Free Trade Agreement (AfCFTA)
2020,263753801,Foundation to Promote Open Society,African Women's Development and Communications Net,,PO Box 54562,,Nairobi,,KE,00200,180000,to provide general support
2020,263753801,Foundation to Promote Open Society,Africans Rising for Justice Peace and Dignity,,Actionaid Complex MDI Road Kanifin,,Serekunda,,GA,00000,300000,is to support AR's mobilization and amplification of the voices of African youth in advancing access to quality healthcare for all Africans
2020,263753801,Foundation to Promote Open Society,Afro-Colombian Pastoral Center Corporation - CEPAC,,Calle 67 no 14 A-26 Chapinero,,Bogota DC,,CO,110231,110000,to engage in community organizing with an intersectional lens in Colombia with a focus on racial justice advocacy and leadership support
2020,263753801,Foundation to Promote Open Society,AFTURD (Association des Femmes Tunisiennes pour la,,Cite Sprols rue 7301 bloc 9 El M,,Tunis,,TS,00000,75000,to support raising public awareness on Tunisia's law on eliminating all forms of violence against women
2020,263753801,Foundation to Promote Open Society,AHEL for Training,,PO Box 950654,,Amman,,JO,00000,90000,"to educate, train, and mentor community-led campaigns as a means building the resilience of civil society in the MENA region"
2020,263753801,Foundation to Promote Open Society,Airwars,,37 Laurie GroveGoldsmiths Universi,,London,,OC,SE14 6NH,125000,to provide general support
2020,263753801,Foundation to Promote Open Society,Al Khatt,,16 bis Rue Alphonse Laveran,,Tunis,,TS,1002,100000,"to support quality online journalism, and specifically good practices of investigative journalism and data visualization"
2020,263753801,Foundation to Promote Open Society,Al Mezan Center For Human Rights,,5/102-1 Al Mena Omar El-Mukhtar St,,Gaza,,OC,00972,250000,to monitor and document violations against Palestinians and pursue accountability for abuses
2020,263753801,Foundation to Promote Open Society,Al Otro Lado,,1200 N State St 1008,,Los Angeles,CA,,90033,120000,to support efforts to improve protection outcomes for migrants and refugees
2020,263753801,Foundation to Promote Open Society,Al Qaws for Sexual & Gender Diversity in Palestini,,PO Box 1616,,Jerusalem,,IS,00000,60000,to provide general support
2020,263753801,Foundation to Promote Open Society,Alankar Innovations and Digital Ventures Pvt Ltd,,Kathmandu Metropolitan City Ward n,,Kathmandu,,NP,00000,18961,"to support Alankar Innovations and Digital Ventures Pvt Ltd, a private company, for a project called ""Stories of Rebuilding"", which will educate the Nepali public on disaster recovery, reconstruction and preparedness by developing freely-available materials and enhancing methods of dissemination"
2020,263753801,Foundation to Promote Open Society,Al-Bawsala,,16 Rue de Syrie Epi Centre Bloc C,,Tunis,,TS,1000,200000,to provide general support
2020,263753801,Foundation to Promote Open Society,Al-Haq,,54 Main Street 2nd 3rd Fl - Opp,,Ramallah,,OC,00000,300000,to provide general support
2020,263753801,Foundation to Promote Open Society,Alianza Americas,,2875 W Cermak Rd,,Chicago,IL,,60623,200000,"to strengthen the grantee's transnational network, particularly in Central America and Mexico; promote protections for migrants and returnees, and raise awareness about the drivers of displacement, through advocacy, networking and communications"
2020,263753801,Foundation to Promote Open Society,Alianza Nacional de Campesinas Inc,,319 Lambert Street Suite D,,Oxnard,CA,,93034,150000,to provide general support
2020,263753801,Foundation to Promote Open Society,Alin Thit Social Development Group,,NO633 KHU LEE ROAD NARNATTAW WAR,,LOIKAW,,BM,00000,60000,to continue the grantee's work supporting teachers and parents with educational initiatives and training youth in monitoring and documenting the election process
2020,263753801,Foundation to Promote Open Society,Alinthit Social Development Association,,No 22 Ywardaw Mingalar Market Co,,Nay Pyi Taw,,BM,15011,100000,to support the development of a national drug rehabilitation strategy that is in line with health- and human rights-oriented approaches
2020,263753801,Foundation to Promote Open Society,Alinthit Social Development Association,,No 22 Ywardaw Mingalar Market Co,,Nay Pyi Taw,,BM,15011,50000,to support sustainable drug rehabilitation in Myanmar
2020,263753801,Foundation to Promote Open Society,AlJumhuriya Collective,,zgr Kltr ve Dsnce Kollektif D,,Istanbul,,TU,00000,39500,"to provide state-of-the-art coverage and analysis of Syrian politics, the trials and tribulations of the Syrian diaspora, and the Syrian 'question' in international diplomacy"
2020,263753801,Foundation to Promote Open Society,Alliance for a Just Society,,3518 South Edmunds Street,,Seattle,WA,,98118,25000,"to support the Grantee's fiscally sponsored program,We Are Down Home, to mobilize policy advocacy on economic, gender, and racial justice, and put an end to the overdose epidemic"
2020,263753801,Foundation to Promote Open Society,Alliance for Global Justice,,225 E 26th St Suite 1,,Tucson,AZ,,85713,250000,to catalyze Black communities into the global movement for climate justice
2020,263753801,Foundation to Promote Open Society,Alliance for Open Society International Inc,,224 West 57th Street,,New York,NY,,10019,350000,to provide general support
2020,263753801,Foundation to Promote Open Society,Alliance for Open Society International Inc,,224 West 57th Street,,New York,NY,,10019,3351314,to provide support for Open Society Institute-Baltimore's charitable programs and operations
2020,263753801,Foundation to Promote Open Society,Alliance for Open Society International Inc,,224 West 57th Street,,New York,NY,,10019,2045100,to support Open Society Institute-Baltimore's charitable and educational programming
2020,263753801,Foundation to Promote Open Society,Alliance for Youth Organizing,,915 5th St NW,,Washington,DC,,20001,80000,"to allow Leaders Igniting Transformation, a fiscally -sponsored project of the Grantee, to build on its youth leadership development work with a focus on engaging historically disenfranchised communities"
2020,263753801,Foundation to Promote Open Society,Allied Media Projects,,4126 Third Street,,Detroit,MI,,48201,150000,"to support education on misinformation and disinformation , and how they are used to destabilize and harm communities of color"
2020,263753801,Foundation to Promote Open Society,Allied Media Projects,,4126 Third Street,,Detroit,MI,,48201,300000,"to support the Kairos Fellowship, a project of the Grantee, in developing and running collaborative projects and events that bring together and strengthen cohorts of racial justice organizers and digital strategists"
2020,263753801,Foundation to Promote Open Society,Allied Media Pvt Ltd,,Kupondole-01,,Lalitpur,,NP,00000,53000,"to support The Record, an independent digital publication, to counter disinformation and suppression of information about the pandemic through in-depth and accurate reporting"
2020,263753801,Foundation to Promote Open Society,Alternate Roots Inc,,1083 Austin Avenue,,Atlanta,GA,,303071940,300000,"to provide program funding to SpiritHouse, a project of the Grantee, for continuing efforts in Durham, NC to engage Black and Brown residents and those most directly impacted by the justice system in the growth of Harm Free Zones and community accountability networks"
2020,263753801,Foundation to Promote Open Society,Amadeu Antonio Stiftung,,Novalisstrabe 12,,Berlin,,GM,10115,291612,to support a re-granting project to strengthen civil society in Eastern Germany
2020,263753801,Foundation to Promote Open Society,Amalgamated Charitable Foundation,,1825 K St NW,,Washington,DC,,20006,671490,to support Grantee's work in uplifting and including essential workers and vulnerable communities impacted by Covid-19
2020,263753801,Foundation to Promote Open Society,Amalgamated Charitable Foundation,,1825 K St NW,,Washington,DC,,20006,200000,"to launch the Independent Resource Generation Hub,which seeks to centralize learning and exploration of resource generation models for non-profits"
2020,263753801,Foundation to Promote Open Society,Amalgamated Charitable Foundation,,1825 K St NW,,Washington,DC,,20006,750000,to deepen understanding of Latinx communities in order to increase nonpartisan civic participation and engagement of these populations
2020,263753801,Foundation to Promote Open Society,Amalgamated Charitable Foundation,,1825 K St NW,,Washington,DC,,20006,1600000,"to support the Grantee to launch the Families and Workers Fund and support the establishment of the Capital Markets Hub in order to address the economic crisis facing workers, families, and communities, and to strengthen the power of worker advocates to intervene in the financial sector in the wake of COVID-19"
2020,263753801,Foundation to Promote Open Society,Amalgamated Charitable Foundation,,1825 K St NW,,Washington,DC,,20006,125000,"to support organizations responding to the impact of COVID-19 on vulnerable communities in Washington, D.C."
2020,263753801,Foundation to Promote Open Society,Amalgamated Charitable Foundation,,1825 K St NW,,Washington,DC,,20006,575000,"to support the Return to the Heart Foundation, a sponsored project of the Grantee, to procure and distribute Personal Protective Equipment and other needs in response to the COVID-19 outbreaks in tribal communities"
2020,263753801,Foundation to Promote Open Society,Amalgamated Charitable Foundation,,1825 K St NW,,Washington,DC,,20006,500000,"to mobilize funders in support of building power,, influence, and direct decision-making authority of communities of color and low-income communities to advance equitable and regional development"
2020,263753801,Foundation to Promote Open Society,American Civil Liberties Union Foundation of Maryl,,3600 Clipper Mill Rd Suite 350,,Baltimore,MD,,21201,13000,"to provide support to Family Support Network, a fiscally-sponsored project of the Grantee, in order to expand its capacity to reduce mass incarceration in Maryland, especially in the era of COVID-19"
2020,263753801,Foundation to Promote Open Society,American Friends of Jamaica,,1697 Broadway Suite 501,,New York,NY,,10019,320000,"to support Caribbean artists and cultural practitioners to focus on the themes of climate justice, human rights, gender and culture in light of the COVID crisis"
2020,263753801,Foundation to Promote Open Society,American Jewish World Service Inc,,45 West 36th Street 11th Floor,,New York,NY,,10018,160000,to provide general support
2020,263753801,Foundation to Promote Open Society,American Jewish World Service Inc,,45 West 36th Street 11th Floor,,New York,NY,,10018,90000,to strengthen and increase the visibility of victims and groups disproportionately affected by militarization of citizen security in Mexico
2020,263753801,Foundation to Promote Open Society,American Jewish World Service Inc,,45 West 36th Street 11th Floor,,New York,NY,,10018,100000,to support promoting economic justice in Thailand with a special focus on the promotion and defense of land & natural resource rights for local communities
2020,263753801,Foundation to Promote Open Society,American University,,4400 Massachusetts Avenue NW,,Washington,DC,,20016,30000,"to support Accountability Research Center's capacity building initiatives in monitoring, evaluation, and learning, and strategic communications"
2020,263753801,Foundation to Promote Open Society,American University,,4400 Massachusetts Avenue NW,,Washington,DC,,20016,25000,to host a research fellow to complete a book- length analysis of Cuba's economy and economic reforms
2020,263753801,Foundation to Promote Open Society,American University,,4400 Massachusetts Avenue NW,,Washington,DC,,20016,50000,to support a conference and workshop on care work and the economy for civil society groups
2020,263753801,Foundation to Promote Open Society,American University,,4400 Massachusetts Avenue NW,,Washington,DC,,20016,100000,to support faculty from universities in the global south in preparing and launching graduate courses on gender analysis in economics in their home universities
2020,263753801,Foundation to Promote Open Society,American University,,4400 Massachusetts Avenue NW,,Washington,DC,,20016,150000,"to incorporate legal aid into government programs,policies, and initiatives at the state and local level"
2020,263753801,Foundation to Promote Open Society,American University of Beirut,,3 Dag Hammarskjold Plz Fl 8,,New York,NY,,10017,150000,to support the documentation and generation of knowledge and analysis on how feminist organizations and activists have responded to COVID-19 in the MENA region
2020,263753801,Foundation to Promote Open Society,American University of Beirut,,3 Dag Hammarskjold Plz Fl 8,,New York,NY,,10017,50000,"to support a mapping of the approaches carried out by civil society actors in the MENA region in order to expand their impact on civil, cultural, and other socio-economic issues"
2020,263753801,Foundation to Promote Open Society,American University of Beirut,,3 Dag Hammarskjold Plz Fl 8,,New York,NY,,10017,170000,"to train health professionals among refugees and their host communities, using state of the art distance learning"
2020,263753801,Foundation to Promote Open Society,American University of Central Asia,,7/6 Aaly Tokombaev Street,,Bishkek,,KG,720060,843500,"to support students from Central Asian countries with scholarships and provide program support for AUCA's liberal arts activities, student mobility, and faculty and student research"
2020,263753801,Foundation to Promote Open Society,American University of Central Asia,,7/6 Aaly Tokombaev Street,,Bishkek,,KG,720060,746000,"to support students from Central Asian countries with scholarships and provide program support for AUCA's liberal arts activities, student mobility, and faculty and student research"
2020,263753801,Foundation to Promote Open Society,Americans for Financial Reform Education Fund,,1615 L Street NW,,Washington,DC,,20036,100000,to provide general support
2020,263753801,Foundation to Promote Open Society,Americans for Financial Reform Education Fund,,1615 L Street NW,,Washington,DC,,20036,100000,to provide general support
2020,263753801,Foundation to Promote Open Society,Americas Society Inc,,680 Park Avenue,,New York City,NY,,10065,25000,to support a series of op-eds and a panel to educate the public on the role of multilateralism in COVID-19 response and recovery efforts in Latin America
2020,263753801,Foundation to Promote Open Society,America's Voice Education Fund,,1050 17th Street NW Suite 490,,Washington,DC,,20036,100000,to provide general support
2020,263753801,Foundation to Promote Open Society,America's Voice Education Fund,,1050 17th Street NW Suite 490,,Washington,DC,,20036,150000,to provide general support
2020,263753801,Foundation to Promote Open Society,Amnesty International Limited,,Peter Benenson House 1 Easton Stre,,London,,OC,WC1X ODW,100000,to protect refugee and migrants rights' against harmful technological developments
2020,263753801,Foundation to Promote Open Society,Amnesty International Limited,,Peter Benenson House 1 Easton Stre,,London,,OC,WC1X ODW,100000,to support Amnesty International's campaign on 'Surveillance Giants'
2020,263753801,Foundation to Promote Open Society,Amnesty International Limited,,Peter Benenson House 1 Easton Stre,,London,,OC,WC1X ODW,225000,"to promote the protection of migrants, asylum seekers and refugees in Mexico and Central America in the context of COVID-19."
2020,263753801,Foundation to Promote Open Society,Amnesty International Limited,,Peter Benenson House 1 Easton Stre,,London,,OC,WC1X ODW,210000,to explore good practices for law enforcement monitoring and oversight as a means to reduce police/military killings
2020,263753801,Foundation to Promote Open Society,Amnesty International Limited,,Peter Benenson House 1 Easton Stre,,London,,OC,WC1X ODW,100000,to support the Grantee to play a crucial role in helping to achieve meaningful rights-based regulation of the artificial intelligence and data ecosystem
2020,263753801,Foundation to Promote Open Society,Amnesty International Limited,,Peter Benenson House 1 Easton Stre,,London,,OC,WC1X ODW,270000,"to support the Grantee to engage and empower rights -holders in and from the global south and Central Asia to hold East Asia countries' activities in their regions accountable, through research, community awareness raising and education"
2020,263753801,Foundation to Promote Open Society,Amnesty International Limited,,Peter Benenson House 1 Easton Stre,,London,,OC,WC1X ODW,99998,to improve state regulation and corporate accountability for recruitment abuses against migrant workers in Asia and the Middle East
2020,263753801,Foundation to Promote Open Society,Amnesty International USA Inc,,5 Penn Plaza 14th Floor,,New York,NY,,100018001,15000,to create a youth network of activists doing peer education and fighting climate change issues in Spanish speaking Caribbean islands
2020,263753801,Foundation to Promote Open Society,An End to Ignorance Inc,,401 E Lafayette Ave,,Baltimore,MD,,21202,15000,to provide general support
2020,263753801,Foundation to Promote Open Society,Andean Information Network,,1112 16th Street NW 600,,Washington,DC,,20006,50000,to mitigate the health and economic impact of COVID-19 in Bolivia and increased repression of those living in coca growing regions and facilitate their engagement in policy debates
2020,263753801,Foundation to Promote Open Society,ANDI - Agencia de Noticias dos Direitos da Infanci,,SDS Ed Miguel Badya Bloco L Sala,,Asa Sul,,BR,00000,75000,"to spotlight Brazil's progressive innovations in the intersection of child well-being and justice, and to share experience with professionals working in the justice sector around the globe"
2020,263753801,Foundation to Promote Open Society,Anistia Internacional Brasil,,Rua da Gloria 344 - 3 Andar,,Rio de Janeiro,,BR,22231-170,150000,"to enable the Grantee to conduct programming on citizen security, human rights, and protection of human rights defenders"
2020,263753801,Foundation to Promote Open Society,Anti-Racism Movement,,7th FloorAl Hammoud Building Sadat,,Beirut,,LE,00000,50000,to provide emergency relief to migrant workers impacted by the Beirut blast
2020,263753801,Foundation to Promote Open Society,Anti-Racism Movement,,7th FloorAl Hammoud Building Sadat,,Beirut,,LE,00000,25000,"to support an emergency response to the needs of migrant domestic workers during COVID-19, including distributing food and hygiene kits to the people in need"
2020,263753801,Foundation to Promote Open Society,Anti-Racism Movement,,7th FloorAl Hammoud Building Sadat,,Beirut,,LE,00000,109140,"to support the Grantee's Migrant Community Centers to grow in size and scope, improve the quality and effectiveness of their services, and to support capacity-building for the Grantee's staff"
2020,263753801,Foundation to Promote Open Society,Aprabashi Mahila Kamdar Samuha,,Dharapati Maharajgunj Kathmandu -,,Kathmandu,,NP,00000,39000,to provide immediate relief support and advocacy for the reintegration of women migrant workers
2020,263753801,Foundation to Promote Open Society,Arab American Institute Foundation,,1600 K st NW Suite 601,,Washington,DC,,20006,75000,to provide general support
2020,263753801,Foundation to Promote Open Society,Arab American Institute Foundation,,1600 K st NW Suite 601,,Washington,DC,,20006,87500,to support AAIF's general strategy around issues relevant to Arab Americans
2020,263753801,Foundation to Promote Open Society,Arab Association of Constitutional Law (AACL),,Tunisia,,Tunis,,TS,00000,31212,to support the development of a modernized teaching curriculum and to encourage regional debate and knowledge production on constitutional and judicial reforms in the Arab region
2020,263753801,Foundation to Promote Open Society,Arab Community Center for Economic and Social Serv,,2651 Saulino Court,,Dearborn,MI,,48120,100000,to provide general support
2020,263753801,Foundation to Promote Open Society,Arab Council for the Social Sciences,,Alamuddin Bldg 2nd FloorJohn Kenn,,Beirut,,LE,00000,85000,to map and analyze scholarly research conducted on gender and women in the Arab region
2020,263753801,Foundation to Promote Open Society,Arab Council for the Social Sciences,,Alamuddin Bldg 2nd FloorJohn Kenn,,Beirut,,LE,00000,250000,"to incubate a new generation of social scientists capable of, and committed to, conducting research for social change, developing and teaching critical approaches to social issues and building new institutions and infrastructures for knowledge production in the MENA region"
2020,263753801,Foundation to Promote Open Society,Arab Fund for Art and Culture (AFAC),,Charles Aoun Building Sursock Stre,,Beirut,,LE,135290,387500,to provide general support
2020,263753801,Foundation to Promote Open Society,Arab Fund for Art and Culture (AFAC),,Charles Aoun Building Sursock Stre,,Beirut,,LE,135290,410000,to provide general support
2020,263753801,Foundation to Promote Open Society,Arab Reform Initiative,,10 Rue des Bluets,,Paris,,FR,75011,300000,to provide general support
2020,263753801,Foundation to Promote Open Society,Arab Reform Initiative,,10 Rue des Bluets,,Paris,,FR,75011,21000,"to support a convening of activists, professionals , and academics on the future of human rights action in the Arab region"
2020,263753801,Foundation to Promote Open Society,Arab Reform Initiative,,10 Rue des Bluets,,Paris,,FR,75011,250000,General Support
2020,263753801,Foundation to Promote Open Society,Arab Studies Institute (ASI-KP),,10832 Oakcrest Court,,Fairfax,VA,,22030,200000,to provide general support
2020,263753801,Foundation to Promote Open Society,Arab Watch Coalition,,9510 Babson Court,,Fairfax,VA,,22032,22839,to organize a General Assembly meeting and to finalize action plans around reconstruction in conflict-affected countries
2020,263753801,Foundation to Promote Open Society,Arizona Coalition to End Sexual and Domestic Viole,,2800 N Central Ave STE 1570,,Phoenix,AZ,,850041065,25000,"to guide large numbers of transgender and queer people of color and migrants by documenting their lived experiences, generating analysis, and creating transformative sociopolitical theory"
2020,263753801,Foundation to Promote Open Society,Arizona State University Foundation for A New Amer,,ASU FoundationPO Box 2260,,Tempe,AZ,,852802260,250000,"to support the mission of the Grantee's McCain Institute for International Leadership to advance security, economic opportunity, freedom, democracy and human rights in the United States and around the world"
2020,263753801,Foundation to Promote Open Society,Armed Conflict Location and Event Data Project,,1204 Dolan Drive,,Sun Prairie,WI,,53590,75000,"to support the Yemen Data Project, which will collect and analyze data on airstrikes and other sources of civilian harm in the conflict in Yemen in order to increase transparency over the conduct of the war and to inform humanitarian response"
2020,263753801,Foundation to Promote Open Society,Article 19,,Free Word Centre 60 Farringdon Roa,,London Greater London,,OC,EC1R 3GA,115000,to provide general support
2020,263753801,Foundation to Promote Open Society,Article 19,,Free Word Centre 60 Farringdon Roa,,London Greater London,,OC,EC1R 3GA,50000,to support research and advocacy work on freedom of expression and online resilience
2020,263753801,Foundation to Promote Open Society,Article 19,,Free Word Centre 60 Farringdon Roa,,London Greater London,,OC,EC1R 3GA,137500,to provide general support for two years
2020,263753801,Foundation to Promote Open Society,Article 19,,Free Word Centre 60 Farringdon Roa,,London Greater London,,OC,EC1R 3GA,50000,to provide general support
2020,263753801,Foundation to Promote Open Society,Article 19 Tunisia,,Centre Galaxie 2000 Bureau 3 5eme,,Tunis,,TS,1002,75000,to provide general support
2020,263753801,Foundation to Promote Open Society,Articulate Foundation Inc,,111 Town Square Place Suite 1203,,Jersey City,NJ,,07310,118500,to support a United Nations focused advocacy strategy on the crises in Venezuela
2020,263753801,Foundation to Promote Open Society,As You Sow,,2150 Kittredge StSuite 450,,Berkeley,CA,,94708,1000000,to provide general support
2020,263753801,Foundation to Promote Open Society,ASAPbio,,Phoebe Grigg600 16th St STE N312E M,,San Francisco,CA,,94143,50000,"to support the development of best practices and trainings on preprints in the media for scientists, press officers, and journalists"
2020,263753801,Foundation to Promote Open Society,Ashkal Alwan The Lebanese Association for the Pla,,Jisr El Wati Street 90Building 110,,Beirut,,LE,2066-8421,100000,to provide general support
2020,263753801,Foundation to Promote Open Society,Asia Catalyst Inc,,c/o HRW 350 Fifth Avenue34th Floo,,New York,NY,,10118,262272,to provide general support
2020,263753801,Foundation to Promote Open Society,Asia Catalyst Inc,,c/o HRW 350 Fifth Avenue34th Floo,,New York,NY,,10118,90000,to build human rights documentation and advocacy capacity in South East Asia Myanmar to claim their human rights and request development assistance in civic space
2020,263753801,Foundation to Promote Open Society,Asia Catalyst Inc,,c/o HRW 350 Fifth Avenue34th Floo,,New York,NY,,10118,50000,"to support an online training platform to increase the capacity of human rights advocates, and to help build the Grantee's expansion of training and advocacy work in Southeast Asia"
2020,263753801,Foundation to Promote Open Society,Asia Democracy Network,,100 Cheonggyecheonro Junggu Signa,,Seoul,,KS,04542,50000,"to support the Grantee's development, implementation and training of a new academic curriculum focused on in depth discussion and learning of democracy and human rights within Asia"
2020,263753801,Foundation to Promote Open Society,Asia Indigenous Peoples Pact Foundation,,112 Moo 1 Tambon San Phranet Amph,,Chiang Mai,,TH,50210,75000,to provide general support
2020,263753801,Foundation to Promote Open Society,Asia Pacific Transgender Foundation,,sukhumvit 69 - 71,,Bangkok,,TH,10110,50000,"to document the severe impact of the COVID-19 pandemic on trans communities, carry out public education to raise the visibility of the humanitarian and human rights crisis facing the trans community, and to carry out immediate humanitarian assistance"
2020,263753801,Foundation to Promote Open Society,Asian Americans Advancing Justice - AAJC,,1620 L Street NW Suite 1050,,Washington,DC,,20036,175000,to support the Grantee's Census 2020 policy and education program in its efforts to ensure a fair and accurate census
2020,263753801,Foundation to Promote Open Society,Asian Americans Advancing Justice - Asian Law Cauc,,55 Columbus Avenue,,San Francisco,CA,,94111,75000,to provide general support
2020,263753801,Foundation to Promote Open Society,Asian Americans Advancing Justice - Asian Law Cauc,,55 Columbus Avenue,,San Francisco,CA,,94111,187500,to provide general support
2020,263753801,Foundation to Promote Open Society,Asian Justice and Rights,,Jalan Tebet Utara IIC no 22A,,Jakarta,,ID,12810,75000,"to expand capacity and impact of the Grantee in pursuing its charitable and educational mission of empowering local and national actors to fight against entrenched impunity and contribute to building cultures based on accountability, justice and the willingness to learn from the root causes of mass human rights violations in Asia Pacific"
2020,263753801,Foundation to Promote Open Society,Asian University for Women Support Foundation,,1100 Massachusetts Avenue Suite 10,,Cambridge,MA,,02138,50000,to provide general support
2020,263753801,Foundation to Promote Open Society,Asociacion Ambiente y Sociedad,,Calle 19 3-50 Office 1401,,Bogota,,CO,00000,318000,to provide general support
2020,263753801,Foundation to Promote Open Society,Asociacion Azul Originario,,Colonia Medica Avenida Isidro Men,,San Salvador,,ES,00000,82500,to promote young people's participation in citizen security debates and criminal justice reform as a means of protecting victims of illegal and arbitrary detention
2020,263753801,Foundation to Promote Open Society,Asociacion Civil Dialogos,,0 Calle 16-26 Zona 15 Colonia El M,,Guatemala City,,GT,01015,110000,to support the grantee in developing the Regional Observatory focused on reducing lethal violence in Guatemala
2020,263753801,Foundation to Promote Open Society,Asociacion Civil Familiares y Amigos contra la Del,,10 calle 9-68 zona 1Edificio Rosanc,,Guatemala City,,GT,1001,80000,to promote the principles of plurality and transparency and to stimulate public debate on electoral reform in Guatemala
2020,263753801,Foundation to Promote Open Society,Asociacion Civil por la Igualdad y la Justicia,,Av de Mayo 1161 Piso 1 Of 1,,Buenos Aires,,AR,1085,150000,to provide general support
2020,263753801,Foundation to Promote Open Society,Asociacion Cultural Azoro,,Calle Las Palmas 144 San Benito,,San Salvador,,ES,0000,60000,to support a platform to respond to gender violence and generate dialogue and actions aimed at social change to eliminate violence against women
2020,263753801,Foundation to Promote Open Society,Asociacion Educacion para El Desarrollo Intipacham,,Carretera Sur Condominio San Patri,,Managua,,NU,00000,20000,to support a forum and a course for leaders to advocate for change as regards financial debt models and socio-environmental justice in the Caribbean region
2020,263753801,Foundation to Promote Open Society,Asociacion Juvenil GatoEncerrado Media,,Colonia Yumuri avenida Mayari 2,,San Salvador,,ES,cp1101,55340,to support investigative journalism meant to educate the public around corruption in the justice system in El Salvador
2020,263753801,Foundation to Promote Open Society,Asociacion para una Sociedad mas Justa (ASJ),,Residencial Villa Universitaria ca,,Tegucigalpa,,HO,11101,75000,"to elaborate research and discussion papers, , convene meetings, and carry out advocacy to support transparency and anti-corruption initiatives"
2020,263753801,Foundation to Promote Open Society,Asociacion Por Una Vida Digna,,Ruta 4 6-63 zona 4,,Guatemala City,,GT,01004,65000,to support the design and implementation of an evidence-based homicide reduction strategy
2020,263753801,Foundation to Promote Open Society,Aspiration,,PO Box 880264,,San Francisco,CA,,941880264,60000,"to support the """"Save Internet Freedom Tech"""" (SIFT) initiative, which will enhance collaborative efforts to advance the interests of internet freedom"
2020,263753801,Foundation to Promote Open Society,Assistance Association for Political Prisoners (Bu,,NO 75 OHATHAPHAYA STREET 33 EXTE,,Yangon,,BM,00000,10000,"to support the grantee's work on prison reform, , including trainings on self-care techniques at quarantine centers and sanitation supplies for prison populations"
2020,263753801,Foundation to Promote Open Society,Associacao Antonio Vieira,,Av Luiz Manoel Gonzaga 700 - Petr,,Porto Alegre,,BR,00000,90000,"to promote and protect the rights of migrants, asylum seekers and refugees in Brazil"
2020,263753801,Foundation to Promote Open Society,Associacao Azmina,,R Santa Isabel 160 8th floor - V,,Sao Paulo,,BR,01221-010,21147,to support the Grantee's feminist investigative reporting and disseminate news and educational materials related to gender equality
2020,263753801,Foundation to Promote Open Society,Associacao Coletivo Cultural,,Rua Jose Bento 106 Cambuci,,Sao Paulo,,BR,01523030,140000,"to build a platform to promote mobilization, dialogue, and training among groups including woman, young people, and indigenous communities as a means of protecting and restoring the Amazon Rainforest"
2020,263753801,Foundation to Promote Open Society,Associacao Data Labe,,Rua Zamenhof 26,,Rio de Janeiro,,BR,20250-070,307000,to provide general support
2020,263753801,Foundation to Promote Open Society,Associacao Direitos Humanos em Rede,,Av Paulista 575 19 floor,,Sao Paulo,,BR,01311-000,1000000,to support Grantee's charitable and educational activities
2020,263753801,Foundation to Promote Open Society,Associacao Direitos Humanos em Rede,,Av Paulista 575 19 floor,,Sao Paulo,,BR,01311-000,440000,to provide general support
2020,263753801,Foundation to Promote Open Society,Associacao Redes de Desenvolvimento da Mare,,R Srg Silva Nunes 1012 - Nova Ho,,Rio de Janeiro,,BR,"RJ, 21044-242",265000,to provide general support
2020,263753801,Foundation to Promote Open Society,Associated Catholic Charities Inc,,320 Cathedral Street 3rd Floor,,Baltimore,MD,,212014421,20000,to facilitate the distribution of financial assistance to Baltimore City residents who are struggling to meet basic food and household needs due to COVID-19
2020,263753801,Foundation to Promote Open Society,Association des jeunes pour la citoyennete active,,Rue 132 Porte 804Badalabougou /B,,Bamako,,ML,BPE 538,60000,to promote vibrant youth participation in electoral processes and promote peer learning among West African youth
2020,263753801,Foundation to Promote Open Society,Association for Civil Rights in Israel (ACRI),,Nahalat Binyamin 75 65154,,Tel Aviv,,IS,00000,100000,to provide general support
2020,263753801,Foundation to Promote Open Society,Association for Legal Intervention,,ul Siedmiogrodzka 5/51,,Warsaw,,PL,01-204,100000,to advocate for and support alternatives to detention during the COVID-19 outbreak and beyond
2020,263753801,Foundation to Promote Open Society,Association for Promoting Inclusion (API),,Bleiweissova 15,,Zagreb,,HR,10000,100000,to fund Grantee's charitable operations
2020,263753801,Foundation to Promote Open Society,Association for Promoting Inclusion (API),,Bleiweissova 15,,Zagreb,,HR,10000,677000,to provide general support for the period 2018-2020
2020,263753801,Foundation to Promote Open Society,Association for Promotion of Jewish Secularism In,,PO Box 130049,,Brooklyn,NY,,11213,100000,to provide general support
2020,263753801,Foundation to Promote Open Society,Association for Psycho-Social Help Susret,,A Brescenskog 9,,Zagreb,,HR,10000,49960,to support charitable and educational activities of FRONTLINE - Community based services for people with psychosocial disabilities in Zagreb
2020,263753801,Foundation to Promote Open Society,Association for Women's Rights in Development,,215 Spadina Avenue Suite 225,,Toronto,,CA,M5T 2C7,112000,to provide general support
2020,263753801,Foundation to Promote Open Society,Association for Women's Rights in Development,,215 Spadina Avenue Suite 225,,Toronto,,CA,M5T 2C7,250000,to provide general support
2020,263753801,Foundation to Promote Open Society,Association of Chinese American Physicians USA Inc,,131-07 40th Road Suite E32,,Flushing,NY,,11354,25000,to provide general support
2020,263753801,Foundation to Promote Open Society,Association of Roma Novi Becej,,Djure Jaksica 29,,Novi Becej,,RI,23272,30000,to provide general support
2020,263753801,Foundation to Promote Open Society,Association of the Bar of the City of New York Fun,,42 West 44th Street,,New York,NY,,100366690,70450,"to support the Cyrus R. Vance Center for International Justice to strengthen their legal support for investigative journalism, anti-corruption activism, and human rights defense"
2020,263753801,Foundation to Promote Open Society,Association Racines AISBL,,40 Bd de la Cambre,,Brussels,,BE,1000,100000,to provide general support
2020,263753801,Foundation to Promote Open Society,Association Sherpa,,80 Quai de Jemmapes,,Paris,,FR,75010,125000,to provide general support
2020,263753801,Foundation to Promote Open Society,Associazione per gli Studi Giuridici sull'Immigraz,,Via Gerdil 7,,Torino,,IT,10152,30000,to support a convening to develop strategies to uphold the right to liberty of African migrants in and unlawfully repatriated from Europe
2020,263753801,Foundation to Promote Open Society,Astraea Foundation Inc,,116 East 16th Street 7th Floor,,New York,NY,,10003,69500,to support the Grantee's work in resourcing trans communities around the globe
2020,263753801,Foundation to Promote Open Society,Astraea Foundation Inc,,116 East 16th Street 7th Floor,,New York,NY,,10003,75000,"to support the Intersex Human Rights Fund, a community-advised re-granting mechanism"
2020,263753801,Foundation to Promote Open Society,Asuntos del Sur Asociacion Civil,,Cordoba 4918,,Buenos Aires,,AR,1414,55000,"to support new communications, trainings, workshops, and courses which will increase the audience of the Grantee in order to develop the ecosystem of democratic innovation in Latin America"
2020,263753801,Foundation to Promote Open Society,Asylum Access,,555 12th Street 5th Floor,,Oakland,CA,,94607,50800,to mobilize support for refugee leadership in Covid-19 response and recovery
2020,263753801,Foundation to Promote Open Society,Asylum Access,,555 12th Street 5th Floor,,Oakland,CA,,94607,137500,to enhance refugee access to long-term solutions by engaging host governments to improve policies and practices.
2020,263753801,Foundation to Promote Open Society,Auburn Theological Seminary,,475 Riverside Drive Suite 1800,,New York,NY,,10115,25000,to provide general support
2020,263753801,Foundation to Promote Open Society,Austin Justice Coalition,,4718 Depew Ave,,Austin,TX,,78751,765000,to provide general support
2020,263753801,Foundation to Promote Open Society,Autistic Self Advocacy Network,,PO Box 66122,,Washington,DC,,20035,75000,to provide general support
2020,263753801,Foundation to Promote Open Society,Autistic Self Advocacy Network,,PO Box 66122,,Washington,DC,,20035,103500,to provide general support
2020,263753801,Foundation to Promote Open Society,Avina Americas Inc,,1300 I Street NW Suite 400E PMB -,,Washington,DC,,20005,1000000,"to support addressing systemic issues of global economic inequality in responding to the COVID-19 crisis, particularly for frontline workers and communities"
2020,263753801,Foundation to Promote Open Society,Avina Americas Inc,,1300 I Street NW Suite 400E PMB -,,Washington,DC,,20005,300000,to partially cover the administrative costs and grantmaking budget of a new collaborative 3-year fund to advance digital rights in Latin America
2020,263753801,Foundation to Promote Open Society,Avina Americas Inc,,1300 I Street NW Suite 400E PMB -,,Washington,DC,,20005,350000,"to accompany, strengthen and empower online and offline capacity building of organizations, collectives, movements, and mobilizations led by citizens working towards deeper democratic spaces in Latin America"
2020,263753801,Foundation to Promote Open Society,AW AlgorithmWatch gGmbH,,Linienstr 13,,Berlin,,GM,10178,200000,to provide general support
2020,263753801,Foundation to Promote Open Society,Awakening Foundation,,Longjiang Street No 264 4th floor,,Zhongshan District,,TW,Taipei City 104,77250,to provide general support
2020,263753801,Foundation to Promote Open Society,Awakening Foundation,,Longjiang Street No 264 4th floor,,Zhongshan District,,TW,Taipei City 104,30000,to support advocacy efforts focused on promoting and protecting gender equality and feminist activism in Taiwan
2020,263753801,Foundation to Promote Open Society,Ayuda,,6925 B Willow Street NW,,Washington,DC,,20012,250000,to provide general support
2020,263753801,Foundation to Promote Open Society,Ayuda Legal Puerto Rico,,465 Ave Hostos,,San Juan,,RQ,00919,100000,to support legal assistance efforts that are targeted to low income families in need of accessing government aid during the COVID19 crisis in Puerto Rico
2020,263753801,Foundation to Promote Open Society,Ayuda Legal Puerto Rico,,465 Ave Hostos,,San Juan,,RQ,00919,75000,to support the Grantee's work post earthquakes to ensure housing rights in the south of Puerto Rico
2020,263753801,Foundation to Promote Open Society,Baltimore Civic Fund,,One North Charles Street Suite 160,,Baltimore,MD,,21201,50000,"to provide emergency support to the Mayor's Office of Immigrant Affairs, fiscally sponsored by the Grantee, to respond to the urgent needs of immigrants impacted by COVID-19"
2020,263753801,Foundation to Promote Open Society,Baltimore Civic Fund,,One North Charles Street Suite 160,,Baltimore,MD,,21201,200000,"to provide support to the Baltimore City Mayor's Office of Employment Development, fiscally sponsored by the Grantee, for a transitional jobs program to train and employ community health workers in response to COVID-19"
2020,263753801,Foundation to Promote Open Society,Baltimore Community Foundation,,11 E Mount Royal Avenue 2nd floor,,Baltimore,MD,,21202,50000,to enable the Baltimore Small Business Support Fund to support Black and Latinx owned businesses and entrepreneurs impacted by COVID-19
2020,263753801,Foundation to Promote Open Society,Baltimore Safe Haven,,2117 N Charles St,,Baltimore,MD,,21218,50000,to provide general support
2020,263753801,Foundation to Promote Open Society,Baltimoreans United in Leadership Development Inc,,2349 Maryland Ave,,Baltimore,MD,,21218,25000,"to provide support to Turnaround Tuesday, a program of BUILD, for returning citizens by conducting essential skills training, case management, job readiness, and job placements services in response to the challenges presented by COVID-19"
2020,263753801,Foundation to Promote Open Society,Bangkok Edge Co Ltd,,396/1 Maharaj Road Phra Barommahar,,Bangkok,,TH,10200,11575,"to support the BangkokEdge Festival which aims to provide an open platform for knowledge exchange and discourse on social, cultural, and public affairs"
2020,263753801,Foundation to Promote Open Society,Bangladesh Legal Aid and Services Trust (BLAST),,1/1 Pioneer Road Kakrail,,Dhaka,,BG,1000,150000,to provide general support
2020,263753801,Foundation to Promote Open Society,Bangladesh Legal Aid and Services Trust (BLAST),,1/1 Pioneer Road Kakrail,,Dhaka,,BG,1000,225000,to provide general support
2020,263753801,Foundation to Promote Open Society,Bangladesh Legal Aid and Services Trust (BLAST),,1/1 Pioneer Road Kakrail,,Dhaka,,BG,1000,150000,"first to ensure protection of the sexual and eproductive health and rights (SRHR) of women and girls, both within the Rohingya and host community, in Cox's Bazar, Bangladesh, through increasing access to information and health services, building the capacity of health service providers and the community itself to address SRHR, and through strengthening responsiveness of relevant authorities and services. Second it aims to document the experiences of women and girls within the Rohingya community in respect of violations of such rights. Third, it aims to build greater understanding within the host and Rohingya communities of the impact of experiences of displacement and conflict, and of entrenched discrimination, and strategies of response."
2020,263753801,Foundation to Promote Open Society,Bank Information Center,,1023 15th Street NW10th Floor,,Washington,DC,,20005,75000,to strengthen civil society capacity in Latin America to demand transparency and accountability from the International Financial Institutions
2020,263753801,Foundation to Promote Open Society,Bank Information Center,,1023 15th Street NW10th Floor,,Washington,DC,,20005,470000,to support the Grantee's operations and to support the Grantee's projects that oversee the World Bank Group's policies and recommendations
2020,263753801,Foundation to Promote Open Society,Bard College,,PO Box 5000,,AnnandaleonHudson,NY,,125045000,278483,to support a senior fellow appointment at Bard's Institute for International Liberal Education
2020,263753801,Foundation to Promote Open Society,Bard College,,PO Box 5000,,AnnandaleonHudson,NY,,125045000,370000,to provide program support for Al-Quds Bard College for Arts and Sciences in the academic year of 2020-2021
2020,263753801,Foundation to Promote Open Society,Bard College,,PO Box 5000,,AnnandaleonHudson,NY,,125045000,100000,"to support blended learning initiatives for refugees and traditional learners in Germany, Jordan and Palestine"
2020,263753801,Foundation to Promote Open Society,Bard College,,PO Box 5000,,AnnandaleonHudson,NY,,125045000,2500000,to support the initial planning and development phase of the Open Society University Network
2020,263753801,Foundation to Promote Open Society,Bard College,,PO Box 5000,,AnnandaleonHudson,NY,,125045000,925000,to provide operating support for Al-Quds Bard College for Arts and Sciences in the academic year of 2019-2020
2020,263753801,Foundation to Promote Open Society,Bard College Berlin A Liberal Arts University GGMB,,Platanenstrasse 24,,Berlin,,GM,13156,212650,to support the Open Learning Initiative (OLIve) at Bard College Berlin
2020,263753801,Foundation to Promote Open Society,Base Publica,,Jose Victorino Lastarria 90,,Santiago,,CI,00000,35000,to produce journalistic and creative content and to connect civil society actors in order to promote dialogue and reflection on public matters
2020,263753801,Foundation to Promote Open Society,Basic Needs Basic Rights Kenya,,Mai Mahiu Road House No 21 PO,,Nairobi,,KE,00100,60000,to improve access to Mental Health treatment and social support services in response to the COVID-19 pandemic in Kenya
2020,263753801,Foundation to Promote Open Society,Basmeh & Zeitooneh,,Furn El Shebbak Rezekallah Semaan,,Beirut,,LE,00000,300000,to support a humanitarian relief effort to help refugees and vulnerable citizens to cope with the corona virus outbreak
2020,263753801,Foundation to Promote Open Society,Basmeh & Zeitooneh,,Furn El Shebbak Rezekallah Semaan,,Beirut,,LE,00000,300000,to continue empowering Syrian refugees and vulnerable host communities in Lebanon through community facilitators
2020,263753801,Foundation to Promote Open Society,Baudo Agencia Publica,,Calle 24 7 - 29,,Pereira,,CO,660001,25000,to support an investigation around the development of a shipping port in order to make the public aware of the environmental implications of its construction
2020,263753801,Foundation to Promote Open Society,BCSicletos Colectivo de Ciclismo Urbano AC,,Callejon topete 93 El Manglito,,La Paz,,MX,23060,50000,"to support a series of trainings, meetings, and workshops in an effort to engage citizens and improve air quality in Baja California, Mexico"
2020,263753801,Foundation to Promote Open Society,BDO East Africa Kenya,,C1 Sameer Business Park Mombasa R,,Nairobi,,KE,00000,45,"to support the African Sex Workers Alliance, a fiscally sponsored project of the Grantee, to build a strategy process that meaningfully includes its membership"
2020,263753801,Foundation to Promote Open Society,Behavioral Health Leadership Institute Inc,,2200 Arden Road,,Baltimore,MD,,21209,25000,to provide general support
2020,263753801,Foundation to Promote Open Society,Behavioral Health Leadership Institute Inc,,2200 Arden Road,,Baltimore,MD,,21209,110000,"to support a mobile treatment van that provides buprenorphine, when appropriate, to individuals as they are released from the state-run Baltimore City jail"
2020,263753801,Foundation to Promote Open Society,Bend the Arc A Jewish Partnership for Justice,,330 7th Avenue Suite 1900,,New York,NY,,10001,500000,to support the grantee's efforts to combat antisemitism and build solidarity with communities experiencing other forms of hatred
2020,263753801,Foundation to Promote Open Society,Bend the Arc A Jewish Partnership for Justice,,330 7th Avenue Suite 1900,,New York,NY,,10001,93500,"to support the Funders' Collaborative on Youth Organizing, a project of the Grantee, in training young activists in youth-driven racial justice and civic engagement organizing"
2020,263753801,Foundation to Promote Open Society,Bend the Arc A Jewish Partnership for Justice,,330 7th Avenue Suite 1900,,New York,NY,,10001,440000,to support efforts to combat antisemitism
2020,263753801,Foundation to Promote Open Society,Beta-Local,,52 Calle Jose Celso Barbosa,,San Juan,,RQ,00901,250000,to provide general support
2020,263753801,Foundation to Promote Open Society,Beyond the Rainbow Foundation,,3rd Floor 105 Poeun-ro Mapo-gu,,Seoul,,KS,00000,120000,to provide general support
2020,263753801,Foundation to Promote Open Society,BHB Emissary LLC,,1450 Emerson Avenue 217,,Mclean,VA,,22101,80000,"to support the Grantee's work on economic development,diplomacy, and justice in the Middle East"
2020,263753801,Foundation to Promote Open Society,Biennale of Sydney,,Level 4 10 Hickson Road,,The Rocks,,AS,02000,200000,"to support the 22nd Biennale of Sydney, an exhibition and conference for indigenous and First Nations artists"
2020,263753801,Foundation to Promote Open Society,Bikash Nepal,,Shreepur 11,,Birgunju,,NP,44300,15786,to monitor the education polices and its implementation for better delivery of public education
2020,263753801,Foundation to Promote Open Society,Bikemore Inc,,2209 Maryland Avenue,,Baltimore,MD,,21218,15000,to provide general support
2020,263753801,Foundation to Promote Open Society,Birkbeck College University of London,,University of London Malet Street,,London,,OC,WC1E 7HX,19000,to support a documentary film to explore the transformative effect of access to higher education for forced migrants
2020,263753801,Foundation to Promote Open Society,Birzeit University,,PO Box 14,,Birzeit,,OC,00000,143333,to provide programmatic support to ICPH
2020,263753801,Foundation to Promote Open Society,Birzeit University,,PO Box 14,,Birzeit,,OC,00000,237000,to provide support for the expansion and consolidation of the Interdisciplinary Ph.D. program in the social sciences at Birzeit University
2020,263753801,Foundation to Promote Open Society,Birzeit University,,PO Box 14,,Birzeit,,OC,00000,166425,"to support the Women's Studies Institutes' academic training and research on women's rights in Palestine and bridging the gap between scholarly research and activism, with a focus on producing participatory community-based knowledge on gender and development issues"
2020,263753801,Foundation to Promote Open Society,Birzeit University,,PO Box 14,,Birzeit,,OC,00000,150000,to support a broadening of knowledge production by engaging students and other youth in topics around democracy and human rights inside and out of the university
2020,263753801,Foundation to Promote Open Society,Bizchut the Israel Human Rights Center for People,,3 Kanfei Nesharim Street,,Jerusalem,,IS,9546406,120000,to provide general support
2020,263753801,Foundation to Promote Open Society,Bizchut the Israel Human Rights Center for People,,3 Kanfei Nesharim Street,,Jerusalem,,IS,9546406,55000,to create new training resources intended to educate individuals engaged in providing accommodations for persons with disabilities involved in justice procedures and to raise awareness on the subject
2020,263753801,Foundation to Promote Open Society,Black Alliance for Just Immigration,,1360 Fulton Street Bldg B Suite,,Brooklyn,NY,,11216,60000,"to provide support to Equality for Flatbush, a fiscally sponsored project of the Grantee, for a community-oriented response to COVID-19 in Brooklyn, NY"
2020,263753801,Foundation to Promote Open Society,Black Alliance for Just Immigration,,1360 Fulton Street Bldg B Suite,,Brooklyn,NY,,11216,120000,to provide general support
2020,263753801,Foundation to Promote Open Society,Black Alliance for Just Immigration,,1360 Fulton Street Bldg B Suite,,Brooklyn,NY,,11216,150000,to provide general support
2020,263753801,Foundation to Promote Open Society,Black Stripe Foundation NPC,,63 Craighall Road Victory Park,,Johannesburg,,SF,2195,24500,"to fund the research phase for a film on the global pharmaceutical industry, with specific focus on ways to improve access to medicines."
2020,263753801,Foundation to Promote Open Society,Blind Women Association Nepal (BWAN),,RARA Marga,,Kathmandu,,NP,00000,18000,to support strengthening the capacity of paralegals to serve visually impaired women
2020,263753801,Foundation to Promote Open Society,Blogosfera Producciones SAS,,Carrera 3 no 61 - 56,,Bogota,,CO,00000,40000,to support an edition of Mesa de Centro videos in order to promote public debate and citizen participation in Colombia
2020,263753801,Foundation to Promote Open Society,Blue Diamond Society,,Dhumbarahi Height,,Kathmandu,,NP,00000,35000,to provide general support
2020,263753801,Foundation to Promote Open Society,Blueprint North Carolina,,3125 Poplarwood CtSuite 300,,Raleigh,NC,,27604,250000,"to support the North Carolina Black Leadership and Organizing Collective, a sponsored project of the Grantee dedicated to advancing Black and marginalized communities across North Carolina"
2020,263753801,Foundation to Promote Open Society,Blueprint North Carolina,,3125 Poplarwood CtSuite 300,,Raleigh,NC,,27604,1000000,to provide general support
2020,263753801,Foundation to Promote Open Society,Board of Trustees of Southern Illinois University,,4224 Faner Hall,,Carbondale,IL,,62901,168022,"to support work that addresses over incarceration in pre-trial detention as well as restorative justice for incarcerated persons, particularly women who use drugs"
2020,263753801,Foundation to Promote Open Society,Bombozila,,Dr Newton Porto Brasil31,,Niteroi,,BR,24358-280,25000,to produce an online collaborative video series on public health in Brazil
2020,263753801,Foundation to Promote Open Society,Bon Secours of Maryland Foundation Inc dba Bon S,,26 North Fulton Avenue,,Baltimore,MD,,21223,20000,to facilitate the distribution of financial assistance to Baltimore City residents who are struggling to meet basic food and household needs due to COVID-19
2020,263753801,Foundation to Promote Open Society,Borealis Philanthropy,,PO Box 3295,,Minneapolis,MN,,55403,200000,"to support the Black-Led Movement Fund, a project of the grantee, a national donor collaborative seeking to build a new generation of racial justice advocates promoting systemic social change"
2020,263753801,Foundation to Promote Open Society,Borealis Philanthropy,,PO Box 3295,,Minneapolis,MN,,55403,200000,to support the Grantee's Immigration Litigation Fund
2020,263753801,Foundation to Promote Open Society,Borealis Philanthropy,,PO Box 3295,,Minneapolis,MN,,55403,1150000,"to support the Communities Transforming Policing Fund, a fund to support local community-based police reform campaigns, which is housed at Borealis Philanthropy"
2020,263753801,Foundation to Promote Open Society,Boys and Girls Clubs of Puerto Rico,,Ave Barbosa 569,,San Juan,,RQ,00000,100000,to support a youth led initiative to create and promote public policy solutions to the issue of child and youth poverty in Puerto Rico
2020,263753801,Foundation to Promote Open Society,Boys and Girls Clubs of Puerto Rico,,Ave Barbosa 569,,San Juan,,RQ,00000,100000,to provide general support
2020,263753801,Foundation to Promote Open Society,BRAC USA Inc,,100 William Street 18th Floor,,New York,NY,,10038,4000000,"to provide general and scholarship support to BRAC University, Bangladesh"
2020,263753801,Foundation to Promote Open Society,Brave New Films,,10510 Culver Blvd,,Culver City,CA,,90232,5000,to provide general support
2020,263753801,Foundation to Promote Open Society,Brave New Films,,10510 Culver Blvd,,Culver City,CA,,90232,150000,"to create and support digital media campaigns designed to educate people and engage them on efforts to advance sentencing and corrections reforms and to popularize restorative, community-based solutions to health and safety that reduce reliance on incarceration"
2020,263753801,Foundation to Promote Open Society,Brazilian Institute for Consumers Defense (IDEC),,Rua Desembargador Guimaraes 21 - A,,Sao Paulo SP,,BR,05002-050,60000,"to provide support to Costs of War's ongoing campaign to educate the public and policymakers about the budgetary, human, and political costs of the ongoing U.S. post-9/11 wars"
2020,263753801,Foundation to Promote Open Society,Brazilian Institute for Consumers Defense (IDEC),,Rua Desembargador Guimaraes 21 - A,,Sao Paulo SP,,BR,05002-050,70000,to utilize consumer protection advocacy and voice to improve access to medicines and innovation in Brazil.
2020,263753801,Foundation to Promote Open Society,Bread for the City Inc,,1525 7th Street NW,,Washington,DC,,20001,37500,to provide general support
2020,263753801,Foundation to Promote Open Society,Bread for the World Institute Inc,,425 3rd Street SW,,Washington,DC,,20024,100000,"to support the grantee as it draws attention to the plight of various marginalized populations who have been negatively impacted by COVID-19, leading to increased attention to these communities and mitigation of the effects of COVID-19"
2020,263753801,Foundation to Promote Open Society,Breaking the Silence,,PO Box 51027,,Tel Aviv,,IS,6713206,100000,to support Grantees' strategy in educating the public about Israeli occupation and expose violations against Palestinians
2020,263753801,Foundation to Promote Open Society,Bronx Foundation Inc,,557 Grand ConcourseSuite 3 125,,Bronx,NY,,10451,500000,to provide general support
2020,263753801,Foundation to Promote Open Society,Brooklyn Institute for Social Research,,68 Jay Street Suite 308,,Brooklyn,NY,,11201,10000,"to support the Brooklyn Institute for Social Research's Day of Learning, which aims to provide accessible education to the American public about US foreign policy"
2020,263753801,Foundation to Promote Open Society,Brown University,,Office of Sponsored ProjectsUnivers,,Providence,RI,,02912,25000,to provide support to Costs of War's ongoing campa
2020,263753801,Foundation to Promote Open Society,Brown University,,Office of Sponsored ProjectsUnivers,,Providence,RI,,02912,200000,to support the Grantee's Climate and Development Lab in developing a decarbonization plan for New England
2020,263753801,Foundation to Promote Open Society,B'tselem the Israeli Information Center for Human,,PO Box 53132,,Jerusalem,,IS,9153002,140000,to support B'Tselem's 2019-2021 strategy aimed at promoting the protection of human rights in the Occupied Palestinian Territories (OPT)
2020,263753801,Foundation to Promote Open Society,Building and Wood Workers International,,54 Route des Acacias,,Carouge,,SZ,CH-1227,350000,to provide general support
2020,263753801,Foundation to Promote Open Society,Building and Wood Workers International,,54 Route des Acacias,,Carouge,,SZ,CH-1227,200000,"to strengthen the Grantee's capacity for organizing, membership recruitment, base building, and leadership development, with a focus on women, youth and migrants, to catalyze trade union growth and sustainability in the Global South"
2020,263753801,Foundation to Promote Open Society,Bulgarian Helsinki Committee,,7 Varbitsa Street,,Sofia,,BU,1504,118000,to provide general support
2020,263753801,Foundation to Promote Open Society,Bureau Europeen Des Unions De Consommateurs AISBL,,Rue dArlon 80 Bte 1,,Brussels,,BE,B-1040,150000,to provide general support
2020,263753801,Foundation to Promote Open Society,Burma Medical Association (BMA),,PO Box 156,,Mae Sot,,TH,63110,20000,to support evidence-based research and advocacy in Myanmar's ethnic health system
2020,263753801,Foundation to Promote Open Society,Burma News International,,205/2066C DAMAYONE STROYAL ZAWTI,,Yangon,,BM,00000,30000,to engage in policy dialogues with policy makers on freedom of press and media regulation by holding meetings with the key stakeholders
2020,263753801,Foundation to Promote Open Society,Business & Human Rights Resource Centre US Ltd,,205 East 42nd Street13th Floor Roo,,New York,NY,,10017,255000,to provide general support
2020,263753801,Foundation to Promote Open Society,Business & Human Rights Resource Centre US Ltd,,205 East 42nd Street13th Floor Roo,,New York,NY,,10017,400000,to provide general support
2020,263753801,Foundation to Promote Open Society,Business Volunteers Maryland,,1201 S Sharp StreetSuite 302,,Baltimore,MD,,21230,45000,"to provide support to strengthen organizations founded by Baltimore Community Fellows by identifying specific needs and opportunities for various types of volunteer services and matching the organizations with appropriate volunteers, mentors, and advisers from the Baltimore business community"
2020,263753801,Foundation to Promote Open Society,BVM Capacity Building Institute Inc,,4751 Best RoadSuite 490,,Atlanta,GA,,30337,500000,to provide general support
2020,263753801,Foundation to Promote Open Society,BYP100 Education Fund,,239 E 51st Street,,Chicago,IL,,60615,414900,to provide general support
2020,263753801,Foundation to Promote Open Society,BYP100 Education Fund,,239 E 51st Street,,Chicago,IL,,60615,200000,to provide general support
2020,263753801,Foundation to Promote Open Society,C40 Cities Climate Leadership Group Inc,,120 Park Avenue 23rd Floor,,New York,NY,,10017,1600000,to support the Grantee's work to build public support in cities for the transformational change required to prevent climate breakdown by demonstrating locally that a clean economy can deliver a more prosperous and equitable society
2020,263753801,Foundation to Promote Open Society,C40 Cities Climate Leadership Group Inc,,120 Park Avenue 23rd Floor,,New York,NY,,10017,103040,to bring cities' international climate and migration policy agendas together
2020,263753801,Foundation to Promote Open Society,Cairo Institute for Human Rights Studies,,18 Rue des Asters,,Genve,,SZ,1202,100000,to support advocacy for the rights of prisoners in the MENA region within the context of Covid-19
2020,263753801,Foundation to Promote Open Society,Cairo Institute for Human Rights Studies,,18 Rue des Asters,,Genve,,SZ,1202,300000,General support 2019/2020
2020,263753801,Foundation to Promote Open Society,California Coalition for Women Prisoners,,4400 Market Street,,Oakland,CA,,94608,100000,to urgently promote decarceration in California during the COVID-19 public health crisis
2020,263753801,Foundation to Promote Open Society,California Community Foundation,,221 Figueroa StreetSuite 400,,Los Angeles,CA,,90012,50000,"to support Protect The Sacred, a project of the Grantee, in responding to the devastating impact of COVID-19 on Navajo Nation"
2020,263753801,Foundation to Promote Open Society,Campaign for the Fair Sentencing of Youth,,1319 F Street NW Suite 303,,Washington,DC,,20004,300000,to provide general support
2020,263753801,Foundation to Promote Open Society,Campaign Legal Center Inc,,1101 14th St NW Suite 400,,Washington,DC,,20005,200000,to provide general support
2020,263753801,Foundation to Promote Open Society,Campana Global por la Libertad de Expresion A 19 A,,Av Jose Vasconcelos 131 San Migue,,Mexico City,,MX,11850,112500,to further the Grantee's work on right to truth and civic space in Mexico and to provide information to the public based on its documentation of grave crimes
2020,263753801,Foundation to Promote Open Society,Candid,,32 Old Slip,,New York,NY,,10005,300000,to provide general support
2020,263753801,Foundation to Promote Open Society,Capital Litigation Communications Project,,Squire Patton Boggs LLP 2550 M St,,Washington,DC,,20037,50000,"to provide support to death penalty attorneys on raising public awareness of concerns related to the death penalty, through strategic placement of case-related media stories"
2020,263753801,Foundation to Promote Open Society,Capital Litigation Communications Project,,Squire Patton Boggs LLP 2550 M St,,Washington,DC,,20037,150000,"to provide support to death penalty attorneys on raising public awareness of concerns related to the death penalty, through strategic placement of case-related media stories"
2020,263753801,Foundation to Promote Open Society,Carbon Tracker Initiative Limited,,40 Bermondsey Street,,London,,OC,SE1 3UD,200000,to provide general support
2020,263753801,Foundation to Promote Open Society,Carey Institute for Global Good Inc,,63 Huyck Road,,Rensselaerville,NY,,12147,75000,to provide fellowships for journalists to allow them to complete longform projects
2020,263753801,Foundation to Promote Open Society,Carey Institute for Global Good Inc,,63 Huyck Road,,Rensselaerville,NY,,12147,100000,to conduct research on higher education online pedagogy in the Middle East to improve teaching practice in refugee contexts
2020,263753801,Foundation to Promote Open Society,Carnegie Council for Ethics in International Affai,,Merrill House170 East 64th Street,,New York,NY,,100657478,200000,to provide general support
2020,263753801,Foundation to Promote Open Society,Carnegie Endowment for International Peace,,1779 Massachusetts Avenue NW,,Washington,DC,,200362103,50000,to advance a more responsible U.S. engagement strategy with MENA governments and citizens
2020,263753801,Foundation to Promote Open Society,Carnegie Endowment for International Peace,,1779 Massachusetts Avenue NW,,Washington,DC,,200362103,100000,to identify responses and examine critical questions about how civic activists can adapt new approaches to counter digital strategies of state control with a particular emphasis on two core areas: internet shutdowns and digital surveillance strategies
2020,263753801,Foundation to Promote Open Society,Carnegie Endowment for International Peace,,1779 Massachusetts Avenue NW,,Washington,DC,,200362103,40000,to continue to support research in Europe
2020,263753801,Foundation to Promote Open Society,Carnegie Endowment for International Peace,,1779 Massachusetts Avenue NW,,Washington,DC,,200362103,244750,"to support research, writing, and convening activities on identifying foreign policy priorities for a new U.S. administration"
2020,263753801,Foundation to Promote Open Society,Carnegie Endowment for International Peace,,1779 Massachusetts Avenue NW,,Washington,DC,,200362103,42500,to support research in Europe
2020,263753801,Foundation to Promote Open Society,Carnegie Endowment for International Peace,,1779 Massachusetts Avenue NW,,Washington,DC,,200362103,214221,"to provide policy recommendations for a progressive US foreign policy that will advance freedom, equality and justice for Palestinians"
2020,263753801,Foundation to Promote Open Society,Carnegie Endowment for International Peace,,1779 Massachusetts Avenue NW,,Washington,DC,,200362103,170781,"to explore and advance a more responsible U.S. engagement strategy with MENA governments and citizens, as well as with U.S. allies and adversaries active in MENA"
2020,263753801,Foundation to Promote Open Society,Carnegie Endowment for International Peace,,1779 Massachusetts Avenue NW,,Washington,DC,,200362103,400000,to support the Grantee's Europe Program and its Geo-Economics and Strategy initiative
2020,263753801,Foundation to Promote Open Society,Carnegie Endowment for International Peace,,1779 Massachusetts Avenue NW,,Washington,DC,,200362103,178827,to support Grantee's research and education work on the defense industry's role in shaping the EU defense decisions and procurement procedures; and to foster a community of actors dedicated to overseeing cases of outright corruption in the EU defense policies
2020,263753801,Foundation to Promote Open Society,Carnegie Mellon University,,5000 Forbes Avenue,,Pittsburgh,PA,,15213,40000,to support the Human Rights Technology Program of the Center for Human Rights Science at Carnegie Mellon University defense policies
2020,263753801,Foundation to Promote Open Society,Carnegie Mellon University,,5000 Forbes Avenue,,Pittsburgh,PA,,15213,40000,"To support the Center for Human Rights Science to continue exploration and documentation of emerging technologies, and build an evaluation framework for human rights impact of technology."
2020,263753801,Foundation to Promote Open Society,Casa de las Munecas Tiresias (CAMTAC),,Calle Lazaro Cardenas 59 Col La,,Mexico City,,MX,00000,40000,to support incarcerated and formerly incarcerated transwomen to uphold their rights and be reintegrated in society
2020,263753801,Foundation to Promote Open Society,CASA de Maryland,,8151 15th Ave,,Hyattsville,MD,,20783,20000,to facilitate the distribution of financial assistance to Baltimore City residents who are struggling to meet basic food and household needs due to COVID-19
2020,263753801,Foundation to Promote Open Society,CASA de Maryland,,8151 15th Ave,,Hyattsville,MD,,20783,100000,"to support the continued activities of the Campaign for Justice, Safety & Jobs to bring about policing reforms in Baltimore and Maryland"
2020,263753801,Foundation to Promote Open Society,CASA de Maryland,,8151 15th Ave,,Hyattsville,MD,,20783,30000,to enable the Grantee to engage youth in collecting community input to bring about policing reform in Baltimore
2020,263753801,Foundation to Promote Open Society,Casa San Jose,,2116 Broadway Avenue,,Pittsburgh,PA,,15216,500000,"to provide support to the Grantee, serving as the fiduciary for the City of Pittsburgh and Welcoming Pittsburgh in their work to provide cash assistance and other critical support to immigrant and other vulnerable workers impacted by the COVID 19 pandemic"
2020,263753801,Foundation to Promote Open Society,Catholic Legal Immigration Network Inc,,8757 Georgia Avenue Suite 850,,Silver Spring,MD,,20910,100000,to provide general support
2020,263753801,Foundation to Promote Open Society,Catholics for Choice,,1436 U Street NW Suite 301,,Washington,DC,,20009,100000,to provide general support
2020,263753801,Foundation to Promote Open Society,Cato Institute,,1000 Massachusetts Ave NW,,Washington,DC,,20001,150000,to help build a national consensus to end qualified immunity and other policies that undermine victims of police misconduct and police accountability
2020,263753801,Foundation to Promote Open Society,CCF-Community Initiatives Fund,,221 S Figueroa Street No 400,,Los Angeles,CA,,90012,45000,"to support youth education and non-partisan civic engagement in the Navajo Nation by the Harness Fund, a fiscally-sponsored project of the Grantee"
2020,263753801,Foundation to Promote Open Society,CEC ArtsLink Inc,,28 Hubert Street,,New York,NY,,10013,195000,to help the arts community in the former Soviet Union respond to the new challenges of the Covid-19 pandemic
2020,263753801,Foundation to Promote Open Society,Center for a New American Security Inc,,1152 15th Street NW Suite 950,,Washington,DC,,20005,50000,to support research and analysis on technology security in order to enhance digital security in the Indo-Pacific region
2020,263753801,Foundation to Promote Open Society,Center for American Progress,,1333 H Street NW 10th Floor,,Washington,DC,,20005,425000,to support the Grantee's research and analysis on threats to election accountability; the work of the Race and Ethnicity Policy team; and research on restructuring the Department of Homeland Security
2020,263753801,Foundation to Promote Open Society,Center for American Progress,,1333 H Street NW 10th Floor,,Washington,DC,,20005,375000,to provide general support
2020,263753801,Foundation to Promote Open Society,Center for American Progress,,1333 H Street NW 10th Floor,,Washington,DC,,20005,100000,"to support work on hurricane relief, debt sustainability, and economic prosperity for Puerto Rico"
2020,263753801,Foundation to Promote Open Society,Center for Artistic Activism Inc,,86 Church Street 500,,Leeds,NY,,12451,65000,"to support the Free the Vaccine for COVID-19 campaign - a global campaign to ensure equitable access to testing, treatments and vaccine(s) for COVID-19"
2020,263753801,Foundation to Promote Open Society,Center for Artistic Activism Inc,,86 Church Street 500,,Leeds,NY,,12451,200000,to support non-partisan creative and artful strategies that educate voters about voter suppression and safe voting in a pandemic
2020,263753801,Foundation to Promote Open Society,Center for Children's Law and Policy,,1701 K Street NW Suite 1100,,Washington,DC,,20006,100000,to provide expert analysis of Maryland's current criminal and juvenile laws and make recommendations for how to reduce youth contact with the justice system
2020,263753801,Foundation to Promote Open Society,Center for Civilians in Conflict,,1828 L Street NW Suite 1050,,Washington,DC,,20036,160000,"to strengthen internal and external safeguards that protect civilians from U.S. military actions, through policy research, advocacy, and educational engagement"
2020,263753801,Foundation to Promote Open Society,Center for Civilians in Conflict,,1828 L Street NW Suite 1050,,Washington,DC,,20036,100000,to provide general support
2020,263753801,Foundation to Promote Open Society,Center for Civilians in Conflict,,1828 L Street NW Suite 1050,,Washington,DC,,20036,200000,to provide general support
2020,263753801,Foundation to Promote Open Society,Center for Common Ground,,145 Lexington Ave,,New York,NY,,10016,747540,"to ensure that underserved, marginalized voters have every opportunity to vote"
2020,263753801,Foundation to Promote Open Society,Center for Constitutional Rights Inc,,666 Broadway 7th Floor,,New York,NY,,10012,350000,to provide general support
2020,263753801,Foundation to Promote Open Society,Center for Constitutional Rights Inc,,666 Broadway 7th Floor,,New York,NY,,10012,250000,to provide general support
2020,263753801,Foundation to Promote Open Society,Center for Death Penalty Litigation,,123 West Main Street Suite 700,,Durham,NC,,277013228,395000,"to support the infrastructure of the 8th Amendment Project, a national campaign to abolish the death penalty, fiscally sponsored by the Grantee"
2020,263753801,Foundation to Promote Open Society,Center for Democracy and Technology,,1401 K Street NW 2nd Floor,,Washington,DC,,20005,100000,"to provide program support for the Freedom, Security, and Technology Project, which works to protect the rights of individuals in today's surveillance culture"
2020,263753801,Foundation to Promote Open Society,Center for Economic and Social Rights (CESR),,86 Chambers StreetSuite 704,,New York,NY,,10007,100000,to provide general support
2020,263753801,Foundation to Promote Open Society,Center for Economic and Social Rights (CESR),,86 Chambers StreetSuite 704,,New York,NY,,10007,100000,"to boost collective counter-power to advance fiscal justice in Latin America and the Caribbean by enabling cross-movement collaboration at regional and national levels between human rights and economic justice organizations, and strengthening the engagement of these coalitions with grassroots organizations."
2020,263753801,Foundation to Promote Open Society,Center for Health and Gender Equity Inc,,PO Box 14500,,Washington,DC,,20044,200000,to provide general support
2020,263753801,Foundation to Promote Open Society,Center for Health Human Rights Development (CEHUR,,Plot 614 Tufnell Drive Kamwokya,,Kampala,,UG,00000,185000,to strengthen initiatives responding to the long-term health and social sector governance problems and structural weaknesses exposed by COVID-19
2020,263753801,Foundation to Promote Open Society,Center for Humane Technology,,995 Market Street 312,,San Francisco,CA,,94103,500000,to provide general support
2020,263753801,Foundation to Promote Open Society,Center for Inclusion and Social Services (CIS),,Masarykova 8,,Bjelovar,,HR,43000,80000,to support charitable and educational activities of Organization level grant
2020,263753801,Foundation to Promote Open Society,Center for Inclusive Support Slavonski Brod,,F Folnegovica 14b,,Slavonski brod,,HR,35000,50000,to support charitable and educational activities of Organization-Level Support
2020,263753801,Foundation to Promote Open Society,Center for International Policy,,2000 M Street NW Suite 720,,Washington,DC,,20036,90000,"to support Freedom Forward, a project of the grantee, in developing public campaigns to curb U.S. support to Saudi Arabia"
2020,263753801,Foundation to Promote Open Society,Center for International Policy,,2000 M Street NW Suite 720,,Washington,DC,,20036,500000,to provide general support
2020,263753801,Foundation to Promote Open Society,Center for International Policy,,2000 M Street NW Suite 720,,Washington,DC,,20036,125000,to support the Freedom Forward initiative in developing public campaigns to curb U.S. support to Saudi Arabia
2020,263753801,Foundation to Promote Open Society,Center for Intersectional Justice eV,,Postfach 04 05 30,,Berlin,,GM,10063,100000,to provide general support
2020,263753801,Foundation to Promote Open Society,Center for Investigative Reporting Inc,,1400 65th Street Suite 200,,Emeryville,CA,,94608,325000,to provide general support
2020,263753801,Foundation to Promote Open Society,Center for Justice and International Law,,1630 Connecticut Avenue NW Suite 4,,Washington,DC,,200091053,100000,"to protect human rights by creating more transparency and accountability regarding the use of surveillance technology and data collection as measures to trace, track, and contain the spread of COVID-19"
2020,263753801,Foundation to Promote Open Society,Center for Justice and International Law,,1630 Connecticut Avenue NW Suite 4,,Washington,DC,,200091053,370000,"to strengthen communications and fundraising work, address grave human rights violations, and carry out domestic and regional advocacy"
2020,263753801,Foundation to Promote Open Society,Center for Lebanese Studies,,Lebanese American University Beiru,,Beirut,,LE,1102 2801,70000,to improve the preparedness and resilience of the education system in Lebanon in response to COVID-19 and similar emergencies
2020,263753801,Foundation to Promote Open Society,Center for Lebanese Studies,,Lebanese American University Beiru,,Beirut,,LE,1102 2801,25000,to support a mapping of existing research around disability issues in the Arab region and to identify relevant research and advocacy gaps
2020,263753801,Foundation to Promote Open Society,Center for Media Justice,,1300 Clay St Suite 600,,Oakland,CA,,94612,250000,to provide general support
2020,263753801,Foundation to Promote Open Society,Center for Media Research-Nepal,,House 717 Rudramati Marg Anamna,,Kathmandu,,NP,00000,35000,"to protect freedom of expression through policy advocacy, media literacy, and digital security trainings; support the grantee's fact-checking initiative; and amplify the voices and concerns of the most-at-risk populations through evidence based reporting"
2020,263753801,Foundation to Promote Open Society,Center for Military Human Rights Korea,,2nd FL 26 Sinchon-ro 12na-gil M,,Seoul,,KS,04057,108255,to provide general support
2020,263753801,Foundation to Promote Open Society,Center for NuLeadership on Urban Solutions,,7 Marcus Garvey Blvd Suite 423,,Brooklyn,NY,,11206,150000,to provide general support
2020,263753801,Foundation to Promote Open Society,Center for Popular Democracy,,449 Troutman Street Suite A,,Brooklyn,NY,,11237,100000,"to support Local Progress, a project of the Grantee, in its work to uplift local elected voices in context of the Emma Lazarus Campaign and the wake of Covid 19"
2020,263753801,Foundation to Promote Open Society,Center for Popular Democracy,,449 Troutman Street Suite A,,Brooklyn,NY,,11237,125000,to support the Grantee's Healthcare Justice work
2020,263753801,Foundation to Promote Open Society,Center for Popular Democracy,,449 Troutman Street Suite A,,Brooklyn,NY,,11237,45000,to support a youth focused voter education campaign in Puerto Rico
2020,263753801,Foundation to Promote Open Society,Center for Popular Democracy,,449 Troutman Street Suite A,,Brooklyn,NY,,11237,350000,to provide high quality training on core governance skills to incoming state and local elected officials
2020,263753801,Foundation to Promote Open Society,Center for Popular Democracy,,449 Troutman Street Suite A,,Brooklyn,NY,,11237,50000,"to help the Grantee's Puerto Rico based initiative, Construyamos Otro Acuerdo, to create a digital organizing fund to train and support local organizers working in social justice organizations and movements on the island"
2020,263753801,Foundation to Promote Open Society,Center for Popular Democracy,,449 Troutman Street Suite A,,Brooklyn,NY,,11237,50000,"to provide support for Local Progress, a project of the Grantee, to engage Muslim, Arab, and South Asian (MASA) local elected officials around the country and deepen Local Progress' relationship with MASA community organizations"
2020,263753801,Foundation to Promote Open Society,Center for Popular Democracy,,449 Troutman Street Suite A,,Brooklyn,NY,,11237,125000,to organize local residents against unjust debt repayment deals
2020,263753801,Foundation to Promote Open Society,Center for Popular Democracy,,449 Troutman Street Suite A,,Brooklyn,NY,,11237,250000,to provide high quality training on core governance skills to incoming state and local elected officials
2020,263753801,Foundation to Promote Open Society,Center for Public Representation,,22 Green Street,,Northampton,MA,,01060,75000,to provide general support
2020,263753801,Foundation to Promote Open Society,Center for Public Representation,,22 Green Street,,Northampton,MA,,01060,80000,to provide general support
2020,263753801,Foundation to Promote Open Society,Center for Responsible Lending,,302 West Main Street,,Durham,NC,,27701,750000,to provide general support
2020,263753801,Foundation to Promote Open Society,Center for Responsive Politics,,1300 L Street NW Suite 200,,Washington,DC,,20005,150000,to provide general support
2020,263753801,Foundation to Promote Open Society,Center for Strategic and International Studies,,1616 Rhode Island Avenue NW,,Washington,DC,,20036,86000,to support efforts to foster a city-level understanding of foreign policy in the U.S.
2020,263753801,Foundation to Promote Open Society,Center for the Advancement of Peace Initiatives,,King George 14,,Jerusalem,,IS,94229,15000,to assist West Bank Palestinians in protecting their legal rights under Israeli law
2020,263753801,Foundation to Promote Open Society,Center for the New Economy Inc,,PO Box 9024240,,San Juan,,RQ,00902-?4240,75000,to support the Grantee's work in Washington educating and providing research on the best ways to support Puerto Rico in Covid-related recovery matters
2020,263753801,Foundation to Promote Open Society,Center for the New Economy Inc,,PO Box 9024240,,San Juan,,RQ,00902-?4240,325000,"to provide support to Espacios Abiertos, a fiscally-sponsored project of the Grantee, for their work on government transparency and accountability in Puerto Rico"
2020,263753801,Foundation to Promote Open Society,Center for the New Economy Inc,,PO Box 9024240,,San Juan,,RQ,00902-?4240,95000,"to support Espacios Abiertos, a project of the Grantee that works to create mechanisms for government transparency and accountability in Puerto Rico"
2020,263753801,Foundation to Promote Open Society,Center for the New Economy Inc,,PO Box 9024240,,San Juan,,RQ,00902-?4240,75000,"to support Proyecto 85, a non-partisan project of the grantee that trains and motivates women to run for office in Puerto Rico"
2020,263753801,Foundation to Promote Open Society,Center for the New Economy Inc,,PO Box 9024240,,San Juan,,RQ,00902-?4240,300000,to provide general support
2020,263753801,Foundation to Promote Open Society,Center for Transformative Action,,119 Anabel Taylor Hall,,Ithaca,NY,,14853,25000,"to provide support to the Queer Detainee Empowerment Project, a fiscally sponsored project of the Grantee, to be more effective, strategic, and responsive to its community organizing and direct service programs"
2020,263753801,Foundation to Promote Open Society,Center for Transformative Action,,119 Anabel Taylor Hall,,Ithaca,NY,,14853,15000,to support the Grantee's Jahajee Sisters project
2020,263753801,Foundation to Promote Open Society,Center for Transformative Action,,119 Anabel Taylor Hall,,Ithaca,NY,,14853,30000,"to support the Queer Detainee Empowerment Project, a sponsored project of the Grantee, in its response to the COVID-19 crisis"
2020,263753801,Foundation to Promote Open Society,Center for Urban Families Inc,,2201 North Monroe Street,,Baltimore,MD,,21217,30000,to facilitate the distribution of financial assistance to Baltimore City residents who are struggling to meet basic food and household needs due to COVID-19
2020,263753801,Foundation to Promote Open Society,Center for Victims of Torture,,2356 University Avenue WestSuite 4,,St Paul,MN,,55114,70000,to provide project support for work to end unlawful U.S. policies of torture and indefinite detention and promote accountability
2020,263753801,Foundation to Promote Open Society,Center for Young Women's Development,,832 Folsom Street Suite 700,,San Francisco,CA,,94107,100000,to provide general support
2020,263753801,Foundation to Promote Open Society,Center on Budget and Policy Priorities,,1275 First Street NE Ste 1200,,Washington,DC,,20002,150000,to support research and education campaigns that focus on accessing funding and supporting public policy that advances justice and equality for the people of Puerto Rico
2020,263753801,Foundation to Promote Open Society,Center on Budget and Policy Priorities,,1275 First Street NE Ste 1200,,Washington,DC,,20002,1000000,to provide general support
2020,263753801,Foundation to Promote Open Society,Center on Policy Initiatives,,3727 Camino del Rio Street Suite 1,,San Diego,CA,,92108,150000,to provide general support
2020,263753801,Foundation to Promote Open Society,Center on Policy Initiatives,,3727 Camino del Rio Street Suite 1,,San Diego,CA,,92108,375000,"to support Partners for Progress San Diego, a project of the Grantee, in building an inclusive, open society"
2020,263753801,Foundation to Promote Open Society,Central European University,,224 West 57th Street 4th Floor,,New York,NY,,10019,31280,to support the Central European University's project to analyse its economic impact post relocating to Vienna
2020,263753801,Foundation to Promote Open Society,Central European University,,224 West 57th Street 4th Floor,,New York,NY,,10019,17778008,"""to provide support for completing Central European University's move to Vienna, which will help CEU advance on its learning and research ambitions for its Vienna campus"""
2020,263753801,Foundation to Promote Open Society,Central European University,,224 West 57th Street 4th Floor,,New York,NY,,10019,237000,"to support education, research and development in archival digital technology and sciences"
2020,263753801,Foundation to Promote Open Society,Central European University,,224 West 57th Street 4th Floor,,New York,NY,,10019,23409483,to provide general support
2020,263753801,Foundation to Promote Open Society,Central European University,,224 West 57th Street 4th Floor,,New York,NY,,10019,99647,to conduct research on the outcomes of whole-system education reforms in selected countries
2020,263753801,Foundation to Promote Open Society,Central European University,,224 West 57th Street 4th Floor,,New York,NY,,10019,262183,"to support the academic development of Romani youth through the Roma Graduate Preparation Program, as well as teaching, learning, and advocacy around Romani studies through the Roma in European Societies Initiative"
2020,263753801,Foundation to Promote Open Society,Central European University,,224 West 57th Street 4th Floor,,New York,NY,,10019,170434,to support charitable and educational activities of Romani Studies Program (RSP) 2017-2019
2020,263753801,Foundation to Promote Open Society,Centre for Environmental Rights,,2nd Floor Springtime Studios 1 Sc,,Cape Town,,SF,00000,20000,to promote and protect freedom of expression and association in support of climate activism in South Africa during COVID-19
2020,263753801,Foundation to Promote Open Society,Centre for European Policy Studies,,1 Place du Congres,,Brussels,,BE,1000,60000,"to support a diverse group of participants in terms of gender, age, geography and ethnic backgrounds to take part at CEPS's annual high level conference, CEPS Ideas Lab 2021, and to support the organization in setting up a sustainable in-house diversity strategy and policy"
2020,263753801,Foundation to Promote Open Society,Centre for International Law and Policy in Africa,,145 Circular Road - Freetown,,Freetown,,SL,00000,100000,"to support research with the view to amplify African participation in justice and accountability processes at the national, regional and international level"
2020,263753801,Foundation to Promote Open Society,Centre for Investigative Journalism (Nepal),,Machhindra Marga Jawalakhel - PO,,Kathmandu,,NP,00000,39853,"to support 'Promoting Investigative Journalism in Nepal 2019-2021' to inform and educate the public by producing investigative reports, capacitate investigative journalists, and strengthen their regional and international networks"
2020,263753801,Foundation to Promote Open Society,Centre for Law Enforcement and Public Health,,309 George Street,,Doncaster,,AS,3108,220000,"to identify, document, showcase, and increase accessibility of practical alternative initiatives aimed at achieving community safety and well-being across a wide range of settings globally"
2020,263753801,Foundation to Promote Open Society,Centro de Defesa da Crianca e do Adolescente do Ce,,Deputado Joao Lopes 83 Centro,,Fortaleza,,BR,60060-130,50000,to provide general support
2020,263753801,Foundation to Promote Open Society,Centro de Derechos Humanos Miguel Agustin Pro Juar,,Serapio Rendon 57-B Colonia San Ra,,Mexico City,,MX,06470,187500,to provide general support
2020,263753801,Foundation to Promote Open Society,Centro de Estudios de Derecho Justicia y Sociedad,,Carrera 24 34-61,,Bogota DC,,CO,111311,1000000,to provide: a) a challenge contribution towards Dejusticia's growth and transformation strategy for the 2018-2022 period; and b) general support for three years for the 2020-2022 period
2020,263753801,Foundation to Promote Open Society,Centro de Estudios y Estrategias Transnacionales p,,Tamaulipas 36,,Mexico City,,MX,10400,40000,to support work on social reintegration and reduction of recidivism among prisoners in Mexico
2020,263753801,Foundation to Promote Open Society,Centro de Estudos de Seguranca e Cidadania (CESeC),,Rua da Assembleia 10 Sala 810,,Rio de Janeiro,,BR,20011-901,35000,"to support the Grantee's fiscally sponsored program, Favelas na Luta, in strengthening a network of activists, collectives, movements, and organizations from different favelas, to protect and promote basic human rights in favelas during the COVID-19 pandemic"
2020,263753801,Foundation to Promote Open Society,Centro de Estudos de Seguranca e Cidadania (CESeC),,Rua da Assembleia 10 Sala 810,,Rio de Janeiro,,BR,20011-901,75000,"to support the grantee's fiscally sponsored program, Movimentos, to advance the health and rights of young people living in favelas in Brazil"
2020,263753801,Foundation to Promote Open Society,Centro de Estudos de Seguranca e Cidadania (CESeC),,Rua da Assembleia 10 Sala 810,,Rio de Janeiro,,BR,20011-901,323333,to provide general support
2020,263753801,Foundation to Promote Open Society,Centro de Investigacion y Docencia Economicas AC,,Carr Mexico-Toluca 3655 Altavista,,Ciudad de Mexico,,MX,1210,70000,to support a live-data model to project demand for health-services by COVID-19 at the local level in Mexico
2020,263753801,Foundation to Promote Open Society,Centro de los Derechos del Migrante Inc,,10 E North Ave Ste 9,,Baltimore,MD,,21202,200000,to provide general support
2020,263753801,Foundation to Promote Open Society,Centro de Periodismo Investigativo Inc,,Po Box 6834,,San Juan,,RQ,00914,300000,to provide general support
2020,263753801,Foundation to Promote Open Society,Centro Diocesano para los Derechos Humanos Fray Ju,,Hidalgo Sur 166 Zona Centro,,Saltillo,,MX,00000,40000,to contribute towards accountability processes within the new transitional justice framework in Mexico and to provide information and education to families and victims' associations on the processes
2020,263753801,Foundation to Promote Open Society,Centro Nacional de Consultoria,,Calle 82 6-51,,Bogota,,CO,00000,15000,to support a survey of families with children attending public schools in Bogot to understand better the conditions under which they are carrying out virtual and remote home-schooling activities
2020,263753801,Foundation to Promote Open Society,Chancellor Masters and Scholars of the Universit,,University Offices Wellington Squa,,Oxford,,OC,OX1 2JD,120000,"to foster a strong enough level of acceptance of the need to address the sensitive issue of migration in local, national and international debates, so that a dedicated initiative will no longer be needed"
2020,263753801,Foundation to Promote Open Society,Chancellor Masters and Scholars of the Universit,,University Offices Wellington Squa,,Oxford,,OC,OX1 2JD,212929,to support the Pitt River Museums's project which aims to build a network of non-national museums in the UK to build capacity and shared knowledge on restitution claims
2020,263753801,Foundation to Promote Open Society,Chancellor Masters and Scholars of the Universit,,University Offices Wellington Squa,,Oxford,,OC,OX1 2JD,256667,"to support the Action for Restitution to Africa program organized by the Pitt Rivers Museum and several co-PIs, which, through a series of workshops, research, and education, aims to shift the frame of reference and bring about cultural restitution to Africa"
2020,263753801,Foundation to Promote Open Society,Chancellor Masters and Scholars of the Universit,,University Offices Wellington Squa,,Oxford,,OC,OX1 2JD,100000,to study computational propaganda and political communication during critical moments-such as elections-in democracies; and develop policy recommendations on how to effectively challenge computational propaganda
2020,263753801,Foundation to Promote Open Society,Chancellor Masters and Scholars of the Universit,,University Offices Wellington Squa,,Oxford,,OC,OX1 2JD,89726,"to provide mobilizing support and research for the Foresight4Food initiative, which aims to enhance global and regional foresight processes for equitable and sustainable transformation of food systems"
2020,263753801,Foundation to Promote Open Society,Chancellor Masters and Scholars of the Universit,,University Offices Wellington Squa,,Oxford,,OC,OX1 2JD,50000,to support the Grantee's Centre for Criminology to gather and disseminate information about immigration detention in Greece and Italy in order to assist civil society organizations that are trying to safeguard human rights
2020,263753801,Foundation to Promote Open Society,Chancellor Masters and Scholars of the Universit,,University Offices Wellington Squa,,Oxford,,OC,OX1 2JD,301319,to support a program of scholarly inquiry into economics and social sciences at University of Oxford's Blavatnik School of Government
2020,263753801,Foundation to Promote Open Society,Chandani Nepal,,Butwal,,Rupandehi,,NP,00000,15000,"to build the capacity of local journalists to deliver in-depth, factual, people-centered news and information, with a focus on the impact of COVID-19 on society"
2020,263753801,Foundation to Promote Open Society,Charm City Care Connection,,1212 N Wolfe St,,Baltimore,MD,,21213,50000,to provide general support
2020,263753801,Foundation to Promote Open Society,Charm City Care Connection,,1212 N Wolfe St,,Baltimore,MD,,21213,200000,to provide general support
2020,263753801,Foundation to Promote Open Society,Chatham House,,10 St Jamess Square,,London,,OC,SW1Y 4LE,75000,to support research on regional security and conflict in MENA
2020,263753801,Foundation to Promote Open Society,Chess-in-the-Schools Inc,,520 Eighth Avenue Floor 2,,New York,NY,,10017,25000,to provide general support
2020,263753801,Foundation to Promote Open Society,Chicas Poderosas Inc,,340 South Lemon Ave Suite 1095,,Walnut,CA,,91789,60000,"to establish a network of women's-led and interdisciplinary teams with the goal of telling stories from underrepresented populations about the COVID-19 pandemic's impact in Brazil, Colombia, Ecuador and Mexico through multimedia formats and collaborative journalism"
2020,263753801,Foundation to Promote Open Society,Chin Health and Education Committee (CHEC),,Kalay,,Kalay,,BM,,24000,to support trainings for community healthcare workers and the grantee in its community healthcare work
2020,263753801,Foundation to Promote Open Society,Chin Human Rights Organization (CHRO),,2693 Magee Avenue,,San Pablo,CA,,94806,20000,"to support internally displaced persons in Chin state and Rakhine state by promoting urgent actions for the protection of vulnerable communities and monitoring, documenting, and reporting on the human rights situation"
2020,263753801,Foundation to Promote Open Society,China Digital Times,,2512 Telegraph Ave400,,Berkeley,CA,,94704,150000,to provide general support
2020,263753801,Foundation to Promote Open Society,Chinese for Affirmative Action,,17 Walter U Lum Place,,San Francisco,CA,,94108,75000,to provide general support
2020,263753801,Foundation to Promote Open Society,Chinese Progressive Association,,1042 Grant Avenue 5th floor,,San Francisco,CA,,94133,325000,"to support the Black Futures Lab, a project of the Grantee dedicated to advancing civic engagement in and policy research on Black communities"
2020,263753801,Foundation to Promote Open Society,Chinese-American Planning Council Inc,,150 Elizabeth St,,New York,NY,,10012,70000,to provide general support
2020,263753801,Foundation to Promote Open Society,Church of Safe Injection,,PO Box 8065,,Portland,ME,,04104,24000,to provide organizational level support
2020,263753801,Foundation to Promote Open Society,Church World Service,,475 Riverside Drive Suite 700,,New York,NY,,10115,100000,"to continue to increase the number of communities welcoming refugees in the United States by engaging more volunteers, community organizations, faith communities and leaders, and refugee resettlement agencies in community sponsorship"
2020,263753801,Foundation to Promote Open Society,Church World Service,,475 Riverside Drive Suite 700,,New York,NY,,10115,159603,to expand community sponsorship opportunities and explore efforts to develop a private sponsorship pilot program in the United States
2020,263753801,Foundation to Promote Open Society,Church World Service,,475 Riverside Drive Suite 700,,New York,NY,,10115,100000,to support the Grantee's fiscally sponsored Refugee Council USA program in establishing a fund to which community sponsor groups across the United States can apply to support refugees and other forcibly displaced populations impacted by COVID-19
2020,263753801,Foundation to Promote Open Society,Church World Service,,475 Riverside Drive Suite 700,,New York,NY,,10115,100000,"to support Refugee Council USA, a project of the Grantee, in its efforts to protect and restore America's commitment to refugee protection and resettlement during the COVID-19 pandemic and beyond"
2020,263753801,Foundation to Promote Open Society,Church World Service,,475 Riverside Drive Suite 700,,New York,NY,,10115,116500,"to support the Grantee's work on defending the rights of refugees, asylum seekers, and immigrants"
2020,263753801,Foundation to Promote Open Society,Cincinnati Union Cooperative Initiative (CUCI),,215 E 14th Street Rm 232,,Cincinnati,OH,,45202,22500,"to educate the public on the benefits to and methods of supporting transitions to shared business ownership, in order to revitalize economically marginalized communities"
2020,263753801,Foundation to Promote Open Society,Citizens For Integrity Inc,,75 Valencia Avenue Suite 503Coral G,,Miami,FL,,33134,236000,to provide Citizens for Integrity with general support for 2 years
2020,263753801,Foundation to Promote Open Society,Citizens for Responsibility and Ethics in Washingt,,1101 K Street NW Suite 201,,Washington,DC,,20005,500000,to provide general support
2020,263753801,Foundation to Promote Open Society,City of Charlottesville,,907 East Jefferson Street,,Charlottesville,VA,,22902,250000,to provide emergency financial assistance to residents of the City of Charlottesville and Albermarle County that are ineligible for the federal stimulus relief during the COVID-19 pandemic
2020,263753801,Foundation to Promote Open Society,City of Milan,,Piazza della Scala 2,,Milan,,IT,20121,1150000,to provide support to Milan's Mutual Aid Fund for COVID-19 relief
2020,263753801,Foundation to Promote Open Society,City of Refuge Baltimore,,901 Pontiac Avenue,,Baltimore,MD,,21225,20000,to facilitate the distribution of financial assistance to Baltimore City residents who are struggling to meet basic food and household needs due to COVID-19
2020,263753801,Foundation to Promote Open Society,City of Seattle Office of Immigrant and Refugee Af,,Seattle Municipal Tower Suite 1616,,Seattle,WA,,98124,90000,to support and coordinate city government outreach efforts to vulnerable immigrant communities during Covid-19 pandemic
2020,263753801,Foundation to Promote Open Society,Civic Nation,,1156 15th St NWSuite 1000,,Washington,DC,,20005,60000,to support public education on the value of immigrants to the United States
2020,263753801,Foundation to Promote Open Society,Civica Research Sdn Bhd,,Ground Floor Lot 2764 Block 10 K,,Kuching,,MY,93150,25034,"to support research, training, and education projects on development and democracy to improve the political culture in the states of Sarawak and Sabah in Malaysia"
2020,263753801,Foundation to Promote Open Society,CIVICUS World Alliance for Citizen Participation,,1420 K Street NW Suite 900,,Washington,DC,,20005,435000,to provide general support
2020,263753801,Foundation to Promote Open Society,CIVICUS World Alliance for Citizen Participation,,1420 K Street NW Suite 900,,Washington,DC,,20005,300000,to provide general support
2020,263753801,Foundation to Promote Open Society,Civil Initiative on Internet Policy (CIIP) Public,,Ryskulov Street 79B Office 13,,Bishkek,,KG,720001,220040,to develop and enable a network of digital rights advocacy organizations in three countries of Central Asia
2020,263753801,Foundation to Promote Open Society,Civil Rights Defenders,,ostgota gatan 90,,Stockholm,,SW,116 64,515000,to provide general support
2020,263753801,Foundation to Promote Open Society,Clara Lionel Foundation,,81 Prospect Street Brooklyn,,New York,NY,,11201,165000,to increase the climate change resiliency of sexual and reproductive health and rights (SRHR) and support the incorporation of new models of SRHR care in the Dominican Republic and Belize
2020,263753801,Foundation to Promote Open Society,Clean Clothes Campaign,,PO Box 11584,,Amsterdam,,NL,1012 RT,196000,to provide general support
2020,263753801,Foundation to Promote Open Society,CLEEN Foundation - Abuja,,26 Bamenda Street Off Abidjan Stre,,Abuja,,NI,Zone 3 Wuse,200000,"to support the Afro-Asian Association for Justice Development's work to advance democratic justice in the fields of security sector reforms, gender rights, governance and electoral systems in the African and Asian continents"
2020,263753801,Foundation to Promote Open Society,Coalition for Dialogue on Africa (CoDA),,Secretariat of the Coalition for Di,,Roosevelt Street WK,,ET,00000,333333,to provide general support
2020,263753801,Foundation to Promote Open Society,Coda Media Inc,,295 Madison Ave 12th Floor,,NEW YORK,NY,,10017,300000,"to support the growth of the grantee's educational reach and journalistic coverage of topics important to the public interest, including quality journalism on human rights abuse, disinformation and authoritarianism using a range of innovative multi-media formats"
2020,263753801,Foundation to Promote Open Society,Coda Media Inc,,295 Madison Ave 12th Floor,,NEW YORK,NY,,10017,60000,"to maintain the Russian language version of the website, which educates readers on important political, economic, social, and cultural issues with a progressive human rights lens"
2020,263753801,Foundation to Promote Open Society,Code for Venezuela,,333 Fremont St 505,,San Francisco,CA,,94105,25000,to build a data and analytics platform that enables organizations in Venezuela to respond more effectively to humanitarian crisis
2020,263753801,Foundation to Promote Open Society,Colectivo Chuhcan AC,,Ruben M Campos 2806 Col Villa de,,Mexico,,MX,03530,25000,to provide support for and advance the rights of persons with psychosocial disabilities in Mexico through peer learning and training
2020,263753801,Foundation to Promote Open Society,Coletivo Papo Reto,,CESeCRua da Assembleia 10 Sala 810,,Rio de Janeiro,,BR,00000,125000,"to support Coletivo Papo Reto's program work related to harm reduction, drug policy, and community safety"
2020,263753801,Foundation to Promote Open Society,Collective for Research & Training on Development,,Karim Salameh Bldg - 2nd floor,,Beirut,,LE,165302,62500,to strengthen feminist organizations and networks responding to the impact of COVID-19 on women in Lebanon and the MENA region
2020,263753801,Foundation to Promote Open Society,Colnodo,,Diagonal 40A 14 75,,Bogota,,CO,00000,65000,to provide general support
2020,263753801,Foundation to Promote Open Society,ColorOfChangeorg Education Fund,,1714 Franklin Street Suite 100-036,,Oakland,CA,,94612,600000,to provide general support
2020,263753801,Foundation to Promote Open Society,Comision Mexicana de Defensa y Promocion de los De,,Tehuantepec 142 Col Roma Sur De,,Mexico City,,MX,06760,50000,"to pursue new strategies to seek accountability, justice, truth and reparations for victims of gross human rights violations in Mexico"
2020,263753801,Foundation to Promote Open Society,Comision Mexicana de Defensa y Promocion de los De,,Tehuantepec 142 Col Roma Sur De,,Mexico City,,MX,06760,125000,"to support the Grantee in its efforts to demand justice and stop impunity for, and bring public visibility to, grave crimes through strategic litigation, enhanced visibility and protection for human rights defenders, and regional knowledge-sharing"
2020,263753801,Foundation to Promote Open Society,Comissao de Defesa dos Direitos Humanos Dom Paulo,,Av Santos Dumont 843,,Sao Paulo,,BR,01101-000,60000,to support Arns Commission to fight against social inequality and to avoid human rights setbacks in Brazil in the context of Covid-19
2020,263753801,Foundation to Promote Open Society,Committee Against Anti Asian Violence Inc,,55 Hester Street,,New York,NY,,10002,30000,to provide general support
2020,263753801,Foundation to Promote Open Society,Common Cause Education Fund,,805 15th Street NW Suite 800,,Washington,DC,,20005,75000,"to support the core operations of Common Cause Pennsylvania, a sponsored project of the Grantee that is dedicated to open, honest, and accountable government"
2020,263753801,Foundation to Promote Open Society,Common Justice Inc,,540 Atlantic Avenue4th Floor,,Brooklyn,NY,,11217,300000,to provide general support
2020,263753801,Foundation to Promote Open Society,Commonwealth Foundation,,1600 Shattuck Avenue,,Berkeley,CA,,94709,25000,"to support Veterans Organizing Institute, a project of the grantee, in its work of reflection, discussion, and writing on rethinking the national security narrative to create a more inclusive and democratic US"
2020,263753801,Foundation to Promote Open Society,Communication First,,1629 K Street NW Suite 300,,Washington DC,DC,,20006,45000,to provide general support
2020,263753801,Foundation to Promote Open Society,Communities Foundation of Texas,,5500 Caruth Haven Lane,,Dallas,TX,,75225,500000,"to provide support to the City of Dallas COVID-19 Relief Fund, providing direct cash assistance to immigrant families and individuals who have been impacted by the COVID-19 crisis and do not quality for federal COVID-19 relief programs"
2020,263753801,Foundation to Promote Open Society,Community Capacity Development INC,,89-36 Sutphin Blvd Suite 303,,Jamaica,NY,,11435,225000,to provide general support
2020,263753801,Foundation to Promote Open Society,Community Catalyst Inc,,One Federal Street,,Boston,MA,,02110,350000,"to support activities in policy research and analysis, grassroots organizing, building partnerships and coalitions, strategic communications including shared learning, and resource development"
2020,263753801,Foundation to Promote Open Society,Community Initiatives,,1000 Broadway Suite 480,,Oakland,CA,,94607,100000,to support the Global Philanthropy Project's cross-movement responses to anti-gender agendas
2020,263753801,Foundation to Promote Open Society,Community Initiatives,,1000 Broadway Suite 480,,Oakland,CA,,94607,100000,"to enable Attendance Works, a fiscally sponsored project of the Grantee, to provide extra support to students facing challenges in a new remote learning setting and to ease the transition back to school as a key focus of their 2020 Attendance Awareness Campaign"
2020,263753801,Foundation to Promote Open Society,Community Initiatives,,1000 Broadway Suite 480,,Oakland,CA,,94607,144000,"to support the mission of the Council for Global Equality, a fiscally sponsored project of the Grantee, to promote human and civil rights protections for LGBT and intersex individuals around the world"
2020,263753801,Foundation to Promote Open Society,Community Law in Action Inc,,520 W Fayette St Suite 140,,Baltimore,MD,,21201,25000,to provide general support
2020,263753801,Foundation to Promote Open Society,Community Renewal Society,,111 West Jackson Boulevard Suite 8,,Chicago,IL,,60604,150000,to hold individuals and institutions accountable for systemic inequality through data-driven investigative and solutions-based journalism
2020,263753801,Foundation to Promote Open Society,Community Resource Centre Foundation,,1865 Soi Jaransanitowng 75 junction,,Bangkok,,TH,10700,50000,to support access to justice for vulnerable communities in Thailand and Southeast Asia
2020,263753801,Foundation to Promote Open Society,COMMUNITYartCENTERmannheim,,Laurentiusstrasse 16,,Mannheim,,GM,68167,34375,to support charitable and educational activities of Core Support for the COMMUNITYartCENTERmannheim
2020,263753801,Foundation to Promote Open Society,COMPAZ Centro de Recursos para la Paz,,Calle 75 5-59Piso 3,,Bogota,,CO,00472,200000,"to design and launch Bridges for Reconciliation, a network to promote and strengthen peace initiatives in Colombia"
2020,263753801,Foundation to Promote Open Society,Comunican SA,,Calle 103 No 69B-43 Torre 5,,Bogota,,CO,00000,24250,"to support investigative journalistic coverage of medicine access and innovation issues in Colombia in El Espectador, Colombia's second largest newspaper."
2020,263753801,Foundation to Promote Open Society,Consejo de Salud de Puerto Rico Inc,,PO Box 220,,Mercedita,PR,,00715,50000,"to provide behavioral services with a team of an outreacher, a clinical psychologist and a clinical social worker to reduce the burden of mental health problems due to the earthquake and constant aftershocks that the communities in the south of Puerto Rico are facing"
2020,263753801,Foundation to Promote Open Society,Constitutional Accountability Center,,1200 18th Street NW Suite 501,,Washington,DC,,20036,600000,to provide general support
2020,263753801,Foundation to Promote Open Society,Consumer Health Foundation,,1200 U St NW,,Washington,DC,,20009,100000,to support the Resourcing Radical Justice project's capacity building and grantmaking efforts to advance racial justice and center Black-led organizations within the philanthropic ecosystem
2020,263753801,Foundation to Promote Open Society,CooperAccion,,Jr Rio de Janeiro 373 Jesus Maria,,Lima,,PE,00000,100000,to provide general support
2020,263753801,Foundation to Promote Open Society,Coordinadora Paz para la Mujer,,PO Box 193008 San Juan PR,,San Juan,,RQ,00919-3008,150000,"to support feminist organizing efforts in Puerto Rico led by the Colectiva Feminista en Construccin, a fiscally sponsored project of the Grantee"
2020,263753801,Foundation to Promote Open Society,Cornell University,,130 E Seneca Street Suite 400,,Ithaca,NY,,14850,32500,to support the Cornell Center for the Death Penalty Worldwide to strengthen intersectional advocacy on women facing the death penalty by fostering new alliances between death penalty activists and the gender rights movement
2020,263753801,Foundation to Promote Open Society,Corporacion Comunidad de Juristas Akubadaura,,Calle 17 n 5-21 oficina 802A,,Bogota,,CO,00000,100000,to provide general support
2020,263753801,Foundation to Promote Open Society,Corporacion Con Tacto Local,,Carrera 7b 127a -80 Apto 502,,Cundinamarca,,CO,110121,20000,to support the creation of a collaborative methodology to verify the impact of corruption in land use planning in Colombia
2020,263753801,Foundation to Promote Open Society,Corporacion Humanas - Centro Regional de Derechos,,Carrera 7 No 33-49 oficina 201,,Bogota,,CO,00000,50000,to support the Grantee's work on economic justice in Colombia
2020,263753801,Foundation to Promote Open Society,Corporacion Humanas - Centro Regional de Derechos,,Carrera 7 No 33-49 oficina 201,,Bogota,,CO,00000,47500,"to support advocacy towards alternatives to the incarceration of women by promoting human rights and public health perspectives, as opposed to a punitive approach"
2020,263753801,Foundation to Promote Open Society,Corporacion JustLabs,,Calle 63 3-12 Suite 303,,Bogota,,CO,00000,150000,"to support reflection and strategizing on retooling the human rights movement, to benefit victims of human rights violations by enabling human rights organizations to respond more effectively to the current challenges and opportunities"
2020,263753801,Foundation to Promote Open Society,Corporacion Los Publicos,,Carrera 8 Bis 32B-36 piso 1 Las V,,Pereira,,CO,660001,20000,to support data production and reports to inform the public about corruption in the Colombian state of Choc
2020,263753801,Foundation to Promote Open Society,Corporacion Manos Visibles,,Street 38 15-67,,Bogota,,CO,00000,80000,"to survey and coach several afro and indigenous, women-led organizations in the Pacific region of Colombia in order to improve water, health, education, and other community resources"
2020,263753801,Foundation to Promote Open Society,Corporacion Movilizatorio,,Cr 23 80-42,,Bogota,,CO,11001000,80000,to provide general support
2020,263753801,Foundation to Promote Open Society,Corporacion Mujeres Al Borde,,ac 45 d 19-68 apto 406,,Bogota,,CO,00000,30000,to provide general support
2020,263753801,Foundation to Promote Open Society,Corporacion Transparencia por Colombia,,Carrera 45A No 93-61,,Bogota,,CO,6100822,300000,to provide general support
2020,263753801,Foundation to Promote Open Society,Corporacion Viviendo,,Carrera 64 No 9 - 195,,Cali,,CO,00000,125627,"to support a locally-run, municipally-funded harm reduction program distributing sterile needles and syringes to people who inject drugs in Cali, Colombia"
2020,263753801,Foundation to Promote Open Society,Corporation Fernando Gonzalez - Otraparte,,Cra 43A n 27A Sur - 11,,Envigado,,CO,055422,40000,"to deepen efforts to improve the quality of citizen participation in areas such as immigration and citizen security in Medellin, Ccuta, and Bogot, Colombia"
2020,263753801,Foundation to Promote Open Society,CORRECTIV Recherchen fr die Gesellschaft gGmbH,,Huyssenallee 11,,Essen,,GM,45128,50000,to amplify CORRECTIV's response to disinformation amid the Covid-19 pandemic
2020,263753801,Foundation to Promote Open Society,Council for the Development of Social Science Rese,,Avenue Cheikh Anta Diop X Canal IV,,Dakar,,SG,00000,107500,to provide general support
2020,263753801,Foundation to Promote Open Society,Council for the Development of Social Science Rese,,Avenue Cheikh Anta Diop X Canal IV,,Dakar,,SG,00000,60000,"to provide support for a special fund for the Executive Secretary Godwin Murunga, in order to enhance his ability to further the charitable and educational work of the Council for Development of Social Science Research in Africa"
2020,263753801,Foundation to Promote Open Society,Counter Culture Labs,,Omni Oakland Commons 4799 Shattuck,,Oakland,CA,,94609,24500,"to strengthen Open Insulin Project's organizational and financial capacity to develop the first community owned and managed, small-scale insulin production"
2020,263753801,Foundation to Promote Open Society,Counterpoints Arts,,Unit 23Hoxton Works128 Hoxton Stre,,London,,OC,N1 6SH,125000,to support Counterpoints Arts Popular Culture and Social Change Initiative
2020,263753801,Foundation to Promote Open Society,Covenants Watch,,4F No 97-1 Jen-Ai Road Section,,Taipei City,,TW,00000,110000,to provide general support
2020,263753801,Foundation to Promote Open Society,Craig Newmark Graduate School of Journalism CUNY F,,219 West 40th Street,,New York,NY,,10018,20000,to support the Grantee's Center for Community Media
2020,263753801,Foundation to Promote Open Society,Creating Resources for Empowerment and Action Inc,,310 Riverside Drive 2701,,New York,NY,,10025,550000,to provide general support
2020,263753801,Foundation to Promote Open Society,Creative Time Inc,,59 East 4th Street 6th Floor,,New York,NY,,10003,200000,to provide general support
2020,263753801,Foundation to Promote Open Society,Criola,,Avenue Presidente Vargas 482 mezza,,Rio de Janeiro,,BR,20.071-909,95000,to provide general support
2020,263753801,Foundation to Promote Open Society,Crisis Action Inc,,1441 L Street NW 12th Floor Washi,,Washington DC,WA,,20005,100000,to support its coordination of US campaigning and advocacy on the conflict in Yemen
2020,263753801,Foundation to Promote Open Society,Crisis Action Limited,,Audrey House 16-20 Ely Place,,London,,OC,EC1N 6SN,410676,"to support advocacy efforts in the UK and Europe on MENA issues, including Yemen and Syria in particular"
2020,263753801,Foundation to Promote Open Society,Criterion Institute Inc,,81 Church Hill Rd,,Haddam,CT,,06438,25000,"to promote the relief of the poor, distressed and underprivileged by continuing to engage local partners and collaboratively plan the implementation of finance as a tool to address gender-based violence for women in East Africa"
2020,263753801,Foundation to Promote Open Society,Crude Accountability Incorporated,,PO Box 2345,,Alexandria,VA,,22301,100000,"to research, document, and publicize cases of the disappeared in Eurasia"
2020,263753801,Foundation to Promote Open Society,Crude Accountability Incorporated,,PO Box 2345,,Alexandria,VA,,22301,139340,to conduct research and advocacy about western financial flows into the extractive industries sector Eurasia
2020,263753801,Foundation to Promote Open Society,CTRC-Crimean Tatar Resource Center,,51B Bogdana Khmelnitskogo street o,,Kiev,,UP,01030,45000,to provide general support
2020,263753801,Foundation to Promote Open Society,Culture and Media Education Foundation,,9F Fu Tak Building 365 Hennessy R,,Wanchai,,HK,00000,200000,to support the grantee's counter disinformation programs through public education efforts and response system development
2020,263753801,Foundation to Promote Open Society,Culture Resource -- Al Mawred Al Thaqafy,,19 Square Sainctelette,,Brussels,,BE,1000,393750,to provide general support
2020,263753801,Foundation to Promote Open Society,Culture Resource -- Al Mawred Al Thaqafy,,19 Square Sainctelette,,Brussels,,BE,1000,350000,to provide general support
2020,263753801,Foundation to Promote Open Society,Culture Resource -- Al Mawred Al Thaqafy,,19 Square Sainctelette,,Brussels,,BE,1000,400000,to provide general support
2020,263753801,Foundation to Promote Open Society,CUNY School of Law Foundation Inc,,2 Court Square 5th floor,,Long Island City,NY,,111014356,100000,to support the Creating Law Enforcement Accountability and Responsibility project at CUNY School of Law
2020,263753801,Foundation to Promote Open Society,Daem Observatory for Consultation and Training,,Gardens St Building no 80 5th fl,,Amman,,JO,00000,183750,to protect the rights of Syrian refugees and host community members in Jordan through grassroots legal and administrative assistance provided by community facilitators and legal consultants
2020,263753801,Foundation to Promote Open Society,Daily Kos Education Fund,,436 14th Street Suite 1500,,Oakland,CA,,94612,622000,to support the Grantee's Democratizing Philanthropy Project and Community Sponsorship Campaign Series
2020,263753801,Foundation to Promote Open Society,Dalit Empowerment Campaign Nepal,,Gorkha District Palungtar Munici,,Palungtar,,NP,00000,7829,to educate marginalized communities about laws and policies and empower them to claim their legal entitlements
2020,263753801,Foundation to Promote Open Society,Dalit Feminist Upliftment Organization (DAFUO),,Gulariya Municiapality Ward no6,,Bardiya,,NP,00000,27000,to support the grantee's advocacy work for the reintegration of returning migrant women and the justice of women
2020,263753801,Foundation to Promote Open Society,Dalit Sarokar Manch Nepal (DSM),,Kanchanrup - Municipality 5,,Saptari,,NP,00000,45897,to support and mobilize dalit rights groups for advocacy and accountability of better delivery of public services at the local level
2020,263753801,Foundation to Promote Open Society,Dalit Women Right Forum Nepal (DWRF-NEPAL) Kailali,,Buspark Kailali District,,Dhangadhi,,NP,4,25000,to support the grantee's advocacy work for women's justice
2020,263753801,Foundation to Promote Open Society,Damayan Migrant Workers Association,,406 West 40th Street 3rd Floor,,New York,NY,,10018,25000,to provide general support
2020,263753801,Foundation to Promote Open Society,Daniel Carl Torsch Foundation,,4501 Ebenezer Rd,,Nottingham,MD,,21236,25000,to provide general support
2020,263753801,Foundation to Promote Open Society,Data & Society Research Institute,,228 Park Ave S PMB 83075,,New York,NY,,100031502,325000,"to research public implications of technologies in key areas related to rights, accountability, and justice"
2020,263753801,Foundation to Promote Open Society,DC Central Kitchen,,425 Second Street NW,,Washington,DC,,20001,30000,"to provide healthy meals and produce for children, adults, seniors, and families in Wards 7 and 8 whose food security has been jeopardized by COVID-19"
2020,263753801,Foundation to Promote Open Society,De Balie,,Kleine Gartmanplantsoen 10,,Amsterdam,,NL,1017 RR,59000,to include new voices in online debates during the ongoing Covid-19 crisis
2020,263753801,Foundation to Promote Open Society,De Balie,,Kleine Gartmanplantsoen 10,,Amsterdam,,NL,1017 RR,50000,to support developing of a capacity building program for civic leaders and experts from Eurasia who are running and consulting public spaces and to fund a seminar for 30 participants
2020,263753801,Foundation to Promote Open Society,Deaf Association of Rapti,,Tulsipur sub metropolitan city ward,,Dang,,NP,00000,6927,to support access to justice for disabled people at the community level of 2 municipalities of Dang district
2020,263753801,Foundation to Promote Open Society,Death Penalty Information Center,,1701 K Street NWSuite 205,,Washington,DC,,20006,50000,to provide general support
2020,263753801,Foundation to Promote Open Society,Death Penalty Information Center,,1701 K Street NWSuite 205,,Washington,DC,,20006,100000,to provide general support
2020,263753801,Foundation to Promote Open Society,Defender Association of Philadelphia,,1441 Sansom Street,,Philadelphia,PA,,19102,100000,to support the Pennsylvania Capital Representation Project and its efforts to extend technical assistance to capital litigation teams nationally as well as to continue their post-conviction work in Pennsylvania
2020,263753801,Foundation to Promote Open Society,Define American,,822 E Broadway,,Louisville,KY,,40204,150000,to provide general support
2020,263753801,Foundation to Promote Open Society,Delegacio Fundacio ICEERS,,Sepulveda 65 baixos 2,,Barcelona,,SP,08015,150000,to provide program support to the harm reduction program Metzineres
2020,263753801,Foundation to Promote Open Society,Democracy 21 Education Fund,,2000 Massachusetts Ave NW,,Washington,DC,,20036,65000,to provide general support
2020,263753801,Foundation to Promote Open Society,Democracy for the Arab World Now,,22019 Eastcreek Drive,,Ashburn,VA,,20148,25000,to support the launch of a virtual platform which will promote democracy and rule of law in MENA
2020,263753801,Foundation to Promote Open Society,Demos A Network for Ideas and Action Ltd,,80 Broad St 4th Floor,,New York,NY,,10001,750000,to provide general support
2020,263753801,Foundation to Promote Open Society,Demos A Network for Ideas and Action Ltd,,80 Broad St 4th Floor,,New York,NY,,10001,200000,to support the Grantee's work to remove barriers to voting and expand the electorate
2020,263753801,Foundation to Promote Open Society,Demos A Network for Ideas and Action Ltd,,80 Broad St 4th Floor,,New York,NY,,10001,650000,to provide general support
2020,263753801,Foundation to Promote Open Society,Derecho Ambiente y Recursos Naturales (DAR),,Calle Cartagena 130,,Pueblo Libre,,PE,15084,100000,to provide technical support to communities in the Peruvian Amazon to develop social impact investments
2020,263753801,Foundation to Promote Open Society,Derecho Ambiente y Recursos Naturales (DAR),,Calle Cartagena 130,,Pueblo Libre,,PE,15084,240000,to provide general support
2020,263753801,Foundation to Promote Open Society,Designing Justice Designing Spaces,,351 15th Street,,Oakland,CA,,94612,150000,to resource the first stages of 'restorative' real estate development to activate blighted spaces and permanently shut down jails and prisons through Designing Justice + Designing Spaces Concept Development Fund
2020,263753801,Foundation to Promote Open Society,Desis Rising Up and Moving,,72-18 Roosevelt Ave 2nd Fl,,Jackson Heights,NY,,11372,30000,to provide general support
2020,263753801,Foundation to Promote Open Society,Detention Watch Network,,1915 I St NW Suite 800,,Washington,DC,,20006,150000,to provide general support
2020,263753801,Foundation to Promote Open Society,Detroit Hispanic Development Corporation,,1211 Trumbull,,Detroit,MI,,48216,750000,"to provide support to the COVID-19 Relief Program, providing direct cash assistance to immigrant households in the city of Detroit"
2020,263753801,Foundation to Promote Open Society,Development Alternatives With Women for a New Era,,Level 2 JP Bayly Trust Building19,,Suva,,FJ,n/a,400000,"to support the campaign for a People's Vaccine by ensuring equitable access to diagnostics, vaccines and therapeutics that benefits vulnerable communities in the Global South, through DAWNS's coordination of a coalition of Global South feminist movements across Africa, Latin America, Caribbean, Pacific and Asia"
2020,263753801,Foundation to Promote Open Society,Development Alternatives With Women for a New Era,,Level 2 JP Bayly Trust Building19,,Suva,,FJ,n/a,175000,to provide organizational support to Development Alternatives with Women for a New Era (DAWN) for its charitable activities
2020,263753801,Foundation to Promote Open Society,Development Gateway Inc,,1110 Vermont Ave NW Suite 500,,Washington DC,DC,,20005,60000,to support Digital Public to develop a digital activism guide focused on procurement
2020,263753801,Foundation to Promote Open Society,Development Reimagined Ltd,,View Park Towers Monrovia Street,,Nairobi,,KE,P. O. Box 67145,100000,"to provide information, research and analysis to facilitate a change in how African stakeholders assert and direct their agency vis--vis China in particular on Debt and Development issues"
2020,263753801,Foundation to Promote Open Society,development Research and Projects Center (dRPC),,1B Lumsar Road Off Gurara Road Ab,,Abuja,,NI,00000,100000,to provide general support
2020,263753801,Foundation to Promote Open Society,Dignity Initiative,,Kuleshwor Kathmandu,,Kathmandu,,NP,00000,18000,to support research and advocacy for the social protection and justice of Dalit
2020,263753801,Foundation to Promote Open Society,Disability Rights Fund Inc,,89 South Street Suite 203,,Boston,MA,,02111,415000,to provide general support
2020,263753801,Foundation to Promote Open Society,Disclose,,5 rue Julien Lacroix,,Paris,,FR,75020,125000,to provide general support
2020,263753801,Foundation to Promote Open Society,Doc Society,,50 Frith Street,,London,,OC,W1D 4SQ,65000,"to support the Grantee's Impact Labs, which provide a creative environment to help develop an impact strategy for social justice film projects and connect with new partners and allies on social justice themes"
2020,263753801,Foundation to Promote Open Society,Doctors of the World - USA Inc,,222 Broadway 19th Floor,,New York City,NY,,10038,65000,"to facilitate Medecins du Monde's efforts on empowering, mobilizing and developing community led advocacy focusing on sexual and reproductive health (SRH) issues of segregated Roma community living in Nadezda settlement of Sliven municipality in Bulgaria"
2020,263753801,Foundation to Promote Open Society,Doctors of the World - USA Inc,,222 Broadway 19th Floor,,New York City,NY,,10038,60005,"to reduce the gap in health outcomes of Roma, to collect evidence and build capacities in Romani communities, and to encourage collective action for health equity in Thessaloniki region in 2019-2020"
2020,263753801,Foundation to Promote Open Society,Dominican Republic Education and Mentoring Project,,Plaza del Patio Cabarete,,Puerto Plata,,DR,00000,62958,"to support Grantee's Documentation and Human Rights Project, which through direct case management and through the education and training of community advocates helps break the cycle of indocumentation in the Dominican Republic"
2020,263753801,Foundation to Promote Open Society,Down East AIDS Network Inc,,5 Long Ln,,Ellsworth,ME,,04605,40000,to provide general support
2020,263753801,Foundation to Promote Open Society,Down East AIDS Network Inc,,5 Long Ln,,Ellsworth,ME,,04605,50000,to provide general support
2020,263753801,Foundation to Promote Open Society,Drexel University,,3141 Chestnut Street,,Philadelphia,PA,,19104,88044,"to support the Jonathan Mann Global Health and Human Rights Initiative to advance research, training and advocacy related to human rights and the impact of COVID-19 in marginalized and/or criminalized populations in Asia"
2020,263753801,Foundation to Promote Open Society,Dromomanos SRL,,Tabasco 130 Colonia Roma Delegaci,,Mexico City,,MX,CP 06700,130000,"to support the development of a regional narrative which will inform the public on topics including inequality, authoritarianism, and other threats to democracy"
2020,263753801,Foundation to Promote Open Society,Drug Policy Network South East Europe,,Pregrevica 35,,Zemun,,RI,11080,185000,to support the charitable activities of the organization
2020,263753801,Foundation to Promote Open Society,Due Process of Law Foundation,,1779 Massachusetts Avenue NW Suite,,Washington,DC,,20036,60000,to provide general support
2020,263753801,Foundation to Promote Open Society,Duke University,,2200 West Main Street Suite 710,,Durham,NC,,277054677,80000,"to support the Duke Center on Law and Technology to work with community stakeholders to navigate data governance of health information, surveillance, and other health data-driven tools"
2020,263753801,Foundation to Promote Open Society,Each One Teach One (EOTO) eV,,Togostrasse 76,,Berlin,,GM,13351,165000,to provide general support
2020,263753801,Foundation to Promote Open Society,Each One Teach One (EOTO) eV,,Togostrasse 76,,Berlin,,GM,13351,200000,to provide general support
2020,263753801,Foundation to Promote Open Society,East West Management Institute Inc,,575 Madison Avenue 25th Floor,,New York,NY,,10022,125000,"to support the grantee for its innovative online platform, which aggregates and shares data to shed light on development trends in the Lower Mekong countries and ultimately advocate for social and environmental justice"
2020,263753801,Foundation to Promote Open Society,EDD Asociados,,Cerrada de San Jeronimo 17 Col Sa,,Ciudad de Mexico,,MX,CP 10200,20000,"to support the final production of an educational documentary on homicides in Sinaloa, Mexico"
2020,263753801,Foundation to Promote Open Society,EDD Asociados,,Cerrada de San Jeronimo 17 Col Sa,,Ciudad de Mexico,,MX,CP 10200,60000,"to support civilian engagement on public interest issues, including improving citizen security, reforming the police and drug policies, addressing violence against women, respecting freedom of expression, and protecting ethnic groups and migrants' rights"
2020,263753801,Foundation to Promote Open Society,EDGE Funders Alliance,,2021 Fillmore Street 66,,San Francisco,CA,,94115,65000,to provide general support
2020,263753801,Foundation to Promote Open Society,Education for Just Peace in the Middle East,,PO Box 3609,,Washington,DC,,20027,150000,"to expand the Grantee's organizing support for national partners and to upgrade their communications capacity in order to promote freedom, justice, and equality in a world without racism and oppression"
2020,263753801,Foundation to Promote Open Society,Education Fund of the American Center for Internat,,1130 Connecticut Avenue NW Suite 8,,Washington,DC,,20036,200000,"to build a collective voice for poor and underprivileged Moroccan workers in the red fruits sector by expanding trade union reach and establishing the building blocks for a trade union strategy to organize, represent and advocate for women rights."
2020,263753801,Foundation to Promote Open Society,Education Fund of the American Center for Internat,,1130 Connecticut Avenue NW Suite 8,,Washington,DC,,20036,100000,to increase the capacity and empowerment of vulnerable workers in the domestic and agricultural sectors
2020,263753801,Foundation to Promote Open Society,Eileen S Kaminsky Family Foundation,,888 Newark Avenue Suite 218,,Jersey City,NJ,,07306,20000,to support art activism in the drug policy space
2020,263753801,Foundation to Promote Open Society,El Centro de Estudios Legales y Sociales (CELS),,Piedras 547 1 piso,,Ciudad de Buenos Aires,,AR,C1070AAK,120000,to provide general support
2020,263753801,Foundation to Promote Open Society,El Centro de Estudios Legales y Sociales (CELS),,Piedras 547 1 piso,,Ciudad de Buenos Aires,,AR,C1070AAK,55075,to support the protection of rights for migrants in South America
2020,263753801,Foundation to Promote Open Society,El Centro de Estudios Legales y Sociales (CELS),,Piedras 547 1 piso,,Ciudad de Buenos Aires,,AR,C1070AAK,350000,to provide general support
2020,263753801,Foundation to Promote Open Society,El Centro de Estudios Legales y Sociales (CELS),,Piedras 547 1 piso,,Ciudad de Buenos Aires,,AR,C1070AAK,30000,to provide general support
2020,263753801,Foundation to Promote Open Society,El Centro de Estudios Legales y Sociales (CELS),,Piedras 547 1 piso,,Ciudad de Buenos Aires,,AR,C1070AAK,75000,"to promote migration policies that advance rights protections for migrants in South America, in the context of the Venezuelan displacement crisis"
2020,263753801,Foundation to Promote Open Society,El Centro de Estudios Legales y Sociales (CELS),,Piedras 547 1 piso,,Ciudad de Buenos Aires,,AR,C1070AAK,510000,to provide general support
2020,263753801,Foundation to Promote Open Society,El Colegio de la Frontera Norte,,Carretera escenica Tijuana - ensena,,Tijuana,,MX,22560,25000,"to produce a study and mapping of labor conditions, workers associations, and workers empowerment organizations in the Mexican Border"
2020,263753801,Foundation to Promote Open Society,El Colegio de Mexico,,Camino al Ajusco No 20 Pedregal d,,Mexico DF,,MX,10740,124850,to conduct research and publish an analysis of the opportunities for tax reform to reduce inequality in a post-Covid-19 context
2020,263753801,Foundation to Promote Open Society,El Colegio de Mexico,,Camino al Ajusco No 20 Pedregal d,,Mexico DF,,MX,10740,100000,to research and public a paper analyzing and advocating for new policies and regulations for street vendors in Mexico City
2020,263753801,Foundation to Promote Open Society,El Puente De Williamsburg Inc,,211 South 4th Street,,Brooklyn,NY,,11211,25000,"to provide support to the Grantee's Puerto Rico program, Enlace de Accin Climtica, to continue to push for renewable energy alternatives in the post-earthquakes context of the island"
2020,263753801,Foundation to Promote Open Society,EL C EuroCentral Asian Lesbian Community,,c/o GBW-Wien Faika El-NagashiMarga,,Wien,,AU,1050,50000,to provide general support
2020,263753801,Foundation to Promote Open Society,Electronic Frontier Foundation Inc,,815 Eddy Street,,San Francisco,CA,,94109,100000,to provide general support
2020,263753801,Foundation to Promote Open Society,Electronic Frontier Foundation Inc,,815 Eddy Street,,San Francisco,CA,,94109,100000,to provide general support
2020,263753801,Foundation to Promote Open Society,El-Hibri Foundation,,1420 16th Street NW,,Washington,DC,,20036,50000,to provide general support
2020,263753801,Foundation to Promote Open Society,Ella Baker Center for Human Rights in California,,1970 Broadway Suite 1125,,Oakland,CA,,94612,150000,to provide general support
2020,263753801,Foundation to Promote Open Society,Emerging Markets Investors Alliance Inc,,4-74 48th Avenue 38F,,Long Island City,NY,,11109,165000,to provide general support
2020,263753801,Foundation to Promote Open Society,Emerging Markets Investors Alliance Inc,,4-74 48th Avenue 38F,,Long Island City,NY,,11109,45000,"to develop a web portal through which members can access educational resources and log their advocacy engagements via an online ""Environmental, Social, and Governance (ESG) certification for member investment managers"
2020,263753801,Foundation to Promote Open Society,Empresa Maranhense de Servicos Hospitalares,,Av Borborema Quadra 16 Casa n 25,,Sao Luis,,BR,65071-250,999999,"to purchase medical equipment and food in order to provide free hospital, outpatient, pharmaceutical, and food services to support the community in response to the Covid19 pandemic"
2020,263753801,Foundation to Promote Open Society,EngageMedia Collective Inc,,7/225 Bourke Street,,Melbourne,,AS,3000,55000,to provide general support
2020,263753801,Foundation to Promote Open Society,EPHA - European Public Health Alliance AISBL,,Rue de Treves 49-51,,Brussels,,BE,1040,350000,to provide general support
2020,263753801,Foundation to Promote Open Society,Epicenterworks - platform Fundamental rights poli,,Annagasse 8/1/8,,Vienna,,AU,01010,107500,to provide general support
2020,263753801,Foundation to Promote Open Society,Epidaurus,,2202 South Figueroa 717,,Los Angeles,CA,,90007,1500000,"to support the California Governor's plan to expedite the release from prison of approximately 8,400 people to curb the spread of COVID-19 by coordinating the housing, services, and stipends needed to ensure the healthy, safe, and successful reentry of those released"
2020,263753801,Foundation to Promote Open Society,Eposak Foundation Inc,,240 Crandon BlvdSuite 275Key Bisca,,Miami,FL,,33149,125000,to provide general support
2020,263753801,Foundation to Promote Open Society,Equal Justice Initiative,,122 Commerce Street,,Montgomery,AL,,36104,750000,to provide general support
2020,263753801,Foundation to Promote Open Society,Equal Justice Society,,1939 Harrison StSuite 818,,Oakland,CA,,94612,150000,to provide general support
2020,263753801,Foundation to Promote Open Society,Equal Justice USA Inc,,20 Jay Street 808,,Brooklyn,NY,,11201,200000,to provide general support
2020,263753801,Foundation to Promote Open Society,EqualHealth Inc,,PO Box 1575,,Brookline,MA,,02446,230000,to provide general support
2020,263753801,Foundation to Promote Open Society,Equality for All Foundation Jamaica Ltd,,PO Box 1152,,Kingston,,JM,876,25000,to provide general support
2020,263753801,Foundation to Promote Open Society,Equality for All Foundation Jamaica Ltd,,PO Box 1152,,Kingston,,JM,876,143606,to provide general support
2020,263753801,Foundation to Promote Open Society,Equidad de Genero Ciudadania Trabajo y Familia,,Avenida Coyoacan 1622 Edificio 4,,Ciudad de Mexico,,MX,03100,90000,to support the work of the Women's Working Group on Financing for Development to strengthen feminist activism and advocacy on macroeconomic policy
2020,263753801,Foundation to Promote Open Society,Equipo Argentino de Antropologia Forense,,Av del Libertador 8151,,Buenos Aires,,AR,C1429BNC,197500,"to allow the Grantee to continue its investigation of human rights violations by undertaking forensic anthropology work, including conducting independent investigation, training local forensic teams, and providing testimony, in the Americas"
2020,263753801,Foundation to Promote Open Society,Equipo Argentino de Antropologia Forense,,Av del Libertador 8151,,Buenos Aires,,AR,C1429BNC,172500,"to allow Equipo Argentino de Antropologa Forense (EAAF) to undertake forensic anthropology work, including conducting independent investigation, training local forensic teams, and providing testimony, in the Americas"
2020,263753801,Foundation to Promote Open Society,Equipo Latinoamericano de Justicia y Genero Asocia,,Tucuman 1581Piso 5 Depto 10 BCiudad,,Buenos Aires,,AR,00000,100000,to provide organizational support for the grantee's charitable and educational activities
2020,263753801,Foundation to Promote Open Society,EQUIS Justicia para las Mujeres AC,,Valladolid 14 Colonia Roma Norte,,Ciudad de Mexico,,MX,06700,58000,to strengthen the network of formerly incarcerated women to defend their rights and assess Mexican authorities' response to COVID-19
2020,263753801,Foundation to Promote Open Society,EQUIS Justicia para las Mujeres AC,,Valladolid 14 Colonia Roma Norte,,Ciudad de Mexico,,MX,06700,82500,to provide general support
2020,263753801,Foundation to Promote Open Society,ERA - LGBTI Equal Rights Association,,Alekse Nenadovica 18/4,,Belgrade,,RI,11000,67500,To build capacity and strengthen cooperation between HIV and LGBTQI movements to improve and sustain services for key communities within the LGBTQI spectrum.
2020,263753801,Foundation to Promote Open Society,E-Romnja (The Association for Promoting Roma Women,,Rotunda street no 4 flat Y1A sc,,Bucharest,,RO,District 3.,30000,to provide general support
2020,263753801,Foundation to Promote Open Society,ESCR-Net (International Network for Economic Soci,,ESCR-Net370 Lexington Avenue Suite,,New York,NY,,10017,150000,to provide general support
2020,263753801,Foundation to Promote Open Society,ESCR-Net (International Network for Economic Soci,,ESCR-Net370 Lexington Avenue Suite,,New York,NY,,10017,450000,to provide general support
2020,263753801,Foundation to Promote Open Society,Ethiopia Education Initiatives Inc,,461 5th Avenue Fl 17,,New York City,NY,,10017,1000000,to provide general support
2020,263753801,Foundation to Promote Open Society,Ethiopian Community Development Council Inc,,901 South Highland St,,Arlington,VA,,22204,48744,"to develop an educational tool that will inclusively engage communities of color-African, African American, Asian, Latino, Middle Eastern, and North African-in the community sponsorship of refugees within the United States"
2020,263753801,Foundation to Promote Open Society,EU DisinfoLab,,Rue Maurice Wilmotte 17,,Brussles,,BE,1060,75000,to provide general support
2020,263753801,Foundation to Promote Open Society,Eurasian Harm Reduction Association,,Verkiu 34B-3 701,,Vilnius,,LH,08221,230230,to provide general support
2020,263753801,Foundation to Promote Open Society,EurasiaNet Inc,,c/o Columbia/Harriman Institute420,,New York,NY,,10027,153335,to provide general support
2020,263753801,Foundation to Promote Open Society,EurasiaNet Inc,,c/o Columbia/Harriman Institute420,,New York,NY,,10027,200000,to create a substantial body of fact-based reporting that promotes a deeper understanding about Eurasia
2020,263753801,Foundation to Promote Open Society,EuroMed Rights,,Vestergade 14-16 2nd floor,,Copenhagen,,DA,DK-1456,500000,"to implement its 2018-2021 strategy, which involves advocacy around both regional thematic issues as well as country specific priorities"
2020,263753801,Foundation to Promote Open Society,Euro-Mediterranean Foundation of Support to Human,,Vestergade 16 2,,Copenhagen K,,DA,1456,36667,"to support advocacy and awareness-raising on the rights of migrants, asylum seekers, and refugees in Morocco"
2020,263753801,Foundation to Promote Open Society,European Alternatives,,Suite 501 Nexus Building Broadway,,Letchworth,,OC,SG69BL,25000,to provide general support
2020,263753801,Foundation to Promote Open Society,European Center for Constitutional and Human Right,,Zossener Str 55-58 Aufgang D,,Berlin,,GM,D-10961,120000,"to enforce human rights through legal intervention, to fight impunity for grave human rights violations and to support survivors and grassroots organizations in their aim to hold those responsible accountable"
2020,263753801,Foundation to Promote Open Society,European Center for Not-for-Profit Law Stichting,,5 Riviervismarkt 2513AM,,The Hague,,NL,00000,100000,to provide general support
2020,263753801,Foundation to Promote Open Society,European Climate Foundation,,Stichting European Climate Foundati,,The Hague,,NL,2513 AM,294000,"to support the Tara program to ensure a just and green economic recovery of developing economies damaged by Covid-19 through influencing the policy and investment decisions of international financial institutions, development finance institutions and national governments"
2020,263753801,Foundation to Promote Open Society,European Coalition for Corporate Justice,,Rue dEdimbourg 26,,Brussels,,BE,1050,50000,to provide general support
2020,263753801,Foundation to Promote Open Society,European Council on Foreign Relations,,Tennyson House 159-165 Great Portl,,London,,OC,WIW 5PA,2500000,to provide general support
2020,263753801,Foundation to Promote Open Society,European Digital Rights AISBL,,Rue Belliard 12,,Brussels,,BE,1040,210000,to provide a general support grant for 2019-2021
2020,263753801,Foundation to Promote Open Society,European Institute of Health and Sustainable Devel,,10 Giruliu str Vilnius Lithuania,,Vilnius,,LH,00000,625000,to convene a series of high-level political dialogues to codify the role of all EU member states in addressing health workforce shortages resulting from mass migration of health professionals from newer member States of Central and Eastern Europe to those in Western Europe
2020,263753801,Foundation to Promote Open Society,European Middle East Project,,Huidevettersstraat 165,,Brussels,,BE,B-1000,50000,to provide general support
2020,263753801,Foundation to Promote Open Society,European Network of Migrant Women (ENOMW),,Sainctelette Square 17,,Bruxelles,,BE,1000,30000,"to combat discrimination and promote the rights of migrant and refugee women in Europe through organizing external events and conferences, conducting research and publishing reports, planning internal workshops and webinars for members, and representing the interests of the community at high level EU meetings"
2020,263753801,Foundation to Promote Open Society,European Network on Debt and Development,,Rue dEdimbourg 18-26,,Brussels,,BE,1050,130000,"to support research, mobilization, and action on the Caribbean region's Covid-19 policy responses to ensure a focus on long term debt sustainability and oversight centering on human rights, gender equality, climate resilience, and sustainable development"
2020,263753801,Foundation to Promote Open Society,European Roma Institute for Arts and Culture,,c/o Paul Hastings LLPSiesmayrstr 2,,Frankfurt am Main,,GM,60323,200000,to provide general support
2020,263753801,Foundation to Promote Open Society,European Roma Institute for Arts and Culture,,c/o Paul Hastings LLPSiesmayrstr 2,,Frankfurt am Main,,GM,60323,723000,to provide general support
2020,263753801,Foundation to Promote Open Society,European Roma Rights Center AISBL,,Rond-pont Schuman 2-4Boite 6,,Brussels,,BE,1040,400000,to provide general support
2020,263753801,Foundation to Promote Open Society,Extituto de Politica Abierta,,Calle 70 n 7a - 34,,Bogota,,CO,110231,30000,"to support efforts to ensure that emerging social leaders represent collective agendas, collaborative and participatory processes"
2020,263753801,Foundation to Promote Open Society,FRESH Fully Restoring Every Sons Hope,,PO Box 471073,,District Heights,MD,,20753,25000,to engage in outreach and education to reduce the number of youth impacted at all levels of Maryland's juvenile justice
2020,263753801,Foundation to Promote Open Society,Factum Media,,Calle Los Lirios 27A colonia La Su,,Antiguo Cuscatlan,,ES,00000,75000,to support the development of a model to verify news and political statements and to increase youth readership in Central America
2020,263753801,Foundation to Promote Open Society,Fair Count Inc,,464 Boulevard SE,,Atlanta,GA,,30312,1250000,to encourage census participation among historically undercounted communities
2020,263753801,Foundation to Promote Open Society,Fair Share Housing Center,,510 Park Boulevard,,Cherry Hill,NJ,,08002,150000,to provide general support
2020,263753801,Foundation to Promote Open Society,Fair Trials International,,3/7 Temple Chambers Temple Avenue,,London,,UK,EC4Y 0HP,300000,"to expose, resist and roll back on the mission-creep, normalization and legitimization of extraordinary law enforcement powers introduced in the name of public health protection and COVID-19 prevention"
2020,263753801,Foundation to Promote Open Society,Fair Trials International,,3/7 Temple Chambers Temple Avenue,,London,,UK,EC4Y 0HP,80000,to mitigate rights violations in closed institutions under COVID-19 through research and network-building
2020,263753801,Foundation to Promote Open Society,Fair Trials International,,3/7 Temple Chambers Temple Avenue,,London,,UK,EC4Y 0HP,337627,"to provide $525,000 to fund the Grantee's charitable operations and $150,255 to support the Grantee's work to increase the expertise and engagement of criminal justice reformers in Europe in exposing and challenging the use of surveillance and artificial intelligence in the law enforcement context"
2020,263753801,Foundation to Promote Open Society,FairSquare Projects,,133a Rye Lane,,London,,UK,SE15 4BQ,129939,to develop a knowledge base on effective regulation and implementation of international standards on fair recruitment of migrant workers
2020,263753801,Foundation to Promote Open Society,Faith in Action Network,,171 Santa Rosa Ave,,Oakland,CA,,946101316,140000,to provide general support
2020,263753801,Foundation to Promote Open Society,Faith in Action Network,,171 Santa Rosa Ave,,Oakland,CA,,946101316,360000,to provide general support
2020,263753801,Foundation to Promote Open Society,Faith in Public Life,,1990 M Street NW Suite 740,,Washington,DC,,20036,375000,to provide general support
2020,263753801,Foundation to Promote Open Society,Families Against Mandatory Minimums Foundation,,1100 H Street NW Suite 1000,,Washington,DC,,20005,300000,to provide general support
2020,263753801,Foundation to Promote Open Society,Families Against Mandatory Minimums Foundation,,1100 H Street NW Suite 1000,,Washington,DC,,20005,300000,to provide general support
2020,263753801,Foundation to Promote Open Society,Family Action Network Movement,,100 NE 84th ST,,Miami,FL,,33138,25000,to provide general support
2020,263753801,Foundation to Promote Open Society,Federation for Women and Family Planning,,Nowolipie 13/15,,Warsaw,,PL,00-150,100000,to provide general support
2020,263753801,Foundation to Promote Open Society,Federation of American Scientists,,1112 16th Street NW Suite 400,,Washington,DC,,20036,75000,"to support the Project on Government Secrecy, which works to improve public access to government information to enhance public debate on national security and related policy matters"
2020,263753801,Foundation to Promote Open Society,Femmes Dans La Region MENA,,Rue Du Meridien 10,,Brussels,,BE,1210,100000,to provide general support
2020,263753801,Foundation to Promote Open Society,Fideicomiso de Administracion 9852 denominado CDMX,,Republica de Chile 6 Centro Histor,,CDMX,,MX,06010,1000000,to support informal workers in Mexico City during the COVID-19 pandemic and its aftermath
2020,263753801,Foundation to Promote Open Society,FIERCE,,2427 Morris Ave,,The Bronx,NY,,10468,40000,to provide general support
2020,263753801,Foundation to Promote Open Society,FIERCE,,2427 Morris Ave,,The Bronx,NY,,10468,80000,to provide general support
2020,263753801,Foundation to Promote Open Society,Fight for the Future Education Fund,,PO Box 55071 95005,,Boston,MA,,02205,100000,to provide general support
2020,263753801,Foundation to Promote Open Society,Fight for the Future Education Fund,,PO Box 55071 95005,,Boston,MA,,02205,100000,to provide general support
2020,263753801,Foundation to Promote Open Society,Filantropia Puerto Rico Inc,,PO Box 362408,,San Juan,PR,,009362408,50000,to provide general support
2020,263753801,Foundation to Promote Open Society,Finance Uncovered,,Suite 220 The Pill Box 115 Covent,,London,,OC,E2 6GG,56184,to support charitable and educational activities related to raising awareness about cross-border flows of illicit finance
2020,263753801,Foundation to Promote Open Society,Firelight Media Inc,,72 Hamilton Terrace,,New York,NY,,10031,250000,to provide general support
2020,263753801,Foundation to Promote Open Society,FJC - A Foundation of Donor Advised Funds,,520 8th Avenue20th Floor,,New York,NY,,10018,50000,"to support the Institute for the Development of Human Arts, a fiscally sponsored project of the Grantee, to grow its online learning community and network of activists who seek to capture and uplift the perspectives and narratives of those who have not historically had a voice in the development of mental health training"
2020,263753801,Foundation to Promote Open Society,FMDC Media for Development and Social Change,,Masjid Road,,Dhangadhi,,NP,00000,22511,to support the rights to equality of Dalit people by raising voices for their equal access to legal identity document and access to public services
2020,263753801,Foundation to Promote Open Society,FOCOS SA DE CV,,Colonia Harrison final pasaje 1 c,,San Salvador,,ES,00000,60000,"to support research and in-depth journalism as a means of educating the public on topics around public expenditure, human rights, and migration"
2020,263753801,Foundation to Promote Open Society,Focus on the Global South,,19 Maginhawa St UP Village Dilima,,Quezon City,,RP,00000,83333,to provide general support
2020,263753801,Foundation to Promote Open Society,Fondation Connaissance et Liberte,,143 Avenue Christophe BP 2720,,PortauPrince,,HA,HT 6112,500000,to provide general support
2020,263753801,Foundation to Promote Open Society,Fondation Connaissance et Liberte,,143 Avenue Christophe BP 2720,,PortauPrince,,HA,HT 6112,473274,to provide general support
2020,263753801,Foundation to Promote Open Society,Fondation Connaissance et Liberte,,143 Avenue Christophe BP 2720,,PortauPrince,,HA,HT 6112,6617291,to provide general support
2020,263753801,Foundation to Promote Open Society,Fondation pour l'Institut de hautes etudes interna,,Chemin Eugene-Rigot 2ACase postale,,Geneve,,SZ,1211,15173,"to organize an Executive Course on the subject of ""Global Health and Drug Policy"" from March 8-12, 2021"
2020,263753801,Foundation to Promote Open Society,Fondo Lunaria Mujer,,Carrera 26 No 39 - 25,,Bogota,,CO,00000,250000,to support a European - Latin American Alliance of Women's Funds to advance human rights and gender justice
2020,263753801,Foundation to Promote Open Society,Fonds pour les Femmes en Mediterranee,,5 rue Marceau,,Montpellier,,FR,34000,210000,to support the Mediterranean Women's Fund in its work to strengthen women's groups in France
2020,263753801,Foundation to Promote Open Society,For Freedoms Federation,,119 11th Street,,Brooklyn,NY,,11215,500000,"to conduct artist-led, non-partisan civic engagement efforts"
2020,263753801,Foundation to Promote Open Society,Fordham University,,441 E Fordham Road,,Bronx,NY,,10458,100000,"to facilitate the dissemination of published research on human rights in traditional Orthodox Christian countries, particularly those in the Eurasia region"
2020,263753801,Foundation to Promote Open Society,Forest Peoples Programme,,Stratford Road,,MoretoninMarsh,,OC,GL56 9NQ,100000,to provide general support
2020,263753801,Foundation to Promote Open Society,Forever Changed Ministries Inc,,540 Winthrop Street,,Toledo,OH,,43620,100000,to provide general support
2020,263753801,Foundation to Promote Open Society,Forum des Alternatives Maroc,,45 Rue Abidjan N 3 1ier Etage Oc,,Rabat,,MO,00000,90000,"to strengthen civil society groups active on education to coordinate better, formulate strategic proposals and recommendations, and conduct advocacy and campaign for education for all"
2020,263753801,Foundation to Promote Open Society,Forward Justice,,400 W Main StreetSuite 203,,Durham,NC,,27701,160000,to provide general support
2020,263753801,Foundation to Promote Open Society,Forward Together New Orleans,,5208 Magazine St 350,,New Orleans,LA,,70115,750000,to provide cash assistance and other critical supports to immigrant and other vulnerable workers impacted by the Covid 19 economic fallout in New Orleans
2020,263753801,Foundation to Promote Open Society,Foundation Center for Legal Resources,,19th Arcului Street Sector 2,,Bucharest,,RO,021032,150000,to support the organisation in ensuring protection and safety of persons with intellectual and psychosocial disabilities in risk situations
2020,263753801,Foundation to Promote Open Society,Foundation Cristosal Inc,,401 W Division Street 9641,,Syracuse,NY,,13290,50000,"to counter authoritarianism and securitization in El Salvador through participatory research, human rights education, communications and strategic litigation"
2020,263753801,Foundation to Promote Open Society,Foundation Cristosal Inc,,401 W Division Street 9641,,Syracuse,NY,,13290,88000,to provide general support
2020,263753801,Foundation to Promote Open Society,Foundation Cristosal Inc,,401 W Division Street 9641,,Syracuse,NY,,13290,250000,to provide general support
2020,263753801,Foundation to Promote Open Society,Foundation Cristosal Inc,,401 W Division Street 9641,,Syracuse,NY,,13290,75000,to 1) promote a rights-based approach to prisons and 2) strengthen national protection systems for displaced populations in countries of origin
2020,263753801,Foundation to Promote Open Society,Foundation for Community Educational Media (Pracha,,409 Ratchada Soi 14 Huaikwang,,Bangkok,,TH,10320,60989,"to support the grantee covering current affairs with daily updates and more frequent in-depth reports in line with our principles of human rights, democracy and freedom of expression, and to work at the regional level to make creative efforts to redefine freedom of expression"
2020,263753801,Foundation to Promote Open Society,Foundation for Excellence in Mental Health Care I,,8532 SW Saint Helens Dr Ste 250,,Wilsonville,OR,,97070,800000,"to challenge the biomedical approach and the influence of the pharmaceutical industry in mental health care by supporting the sustainable development of rights-based, social justice models through research, program enhancement, and reporting original independent mental health findings"
2020,263753801,Foundation to Promote Open Society,Foundation for Narrative Inquiry in Bioethics,,1311 Summer Gate Drive,,Fenton,MO,,63026,24914,to produce and disseminate an academic and on-line issue of Narrative Inquiry in Bioethics titled Living with Mental Health Challenges: Personal Stories of Recovery from Across the Globe
2020,263753801,Foundation to Promote Open Society,Foundation Open Society - Macedonia,,Bul Jane Sandanski 111 POB 378,,Skopje,,MK,1000,693718,to provide general support
2020,263753801,Foundation to Promote Open Society,Foundation Open Society - Macedonia,,Bul Jane Sandanski 111 POB 378,,Skopje,,MK,1000,2993047,to provide general support
2020,263753801,Foundation to Promote Open Society,Fractured Atlas Inc,,PO Box 55,,Hartsdale,NY,,10530,50000,"to support the Faith Matters Network, a project of the grantee, in its faith-based work on racial justice"
2020,263753801,Foundation to Promote Open Society,Fractured Atlas Inc,,PO Box 55,,Hartsdale,NY,,10530,300000,"to support Equality Labs, a sponsored project of the Grantee, in its work to support digital resilience"
2020,263753801,Foundation to Promote Open Society,Fractured Atlas Inc,,PO Box 55,,Hartsdale,NY,,10530,152025,"to support Equality Labs, a fiscally sponsored project of the Grantee, to provide skill training to identify disinformation during elections"
2020,263753801,Foundation to Promote Open Society,Fractured Atlas Inc,,PO Box 55,,Hartsdale,NY,,10530,50000,to support The Next Billion Network with seed funding for its global engagement network on technology accountability
2020,263753801,Foundation to Promote Open Society,FrameWorks Institute,,1333 H Street NW Suite 700,,Washington,DC,,20005,50000,"to support the Grantee to develop the organizational infrastructure, partnerships, and demand for its strategic messaging and framing analysis work in Europe"
2020,263753801,Foundation to Promote Open Society,Franklin & Eleanor Roosevelt Institute,,570 Lexington Avenue 5th Floor,,New York,NY,,10022,600000,"to conduct research and public education on health, climate, and economic reforms to increase economic security and dignity for workers and families; and to support the Southern Economic Advancement Project, a project of the Grantee that seeks to broaden economic equity in the South"
2020,263753801,Foundation to Promote Open Society,Franklin & Eleanor Roosevelt Institute,,570 Lexington Avenue 5th Floor,,New York,NY,,10022,600000,to provide general support
2020,263753801,Foundation to Promote Open Society,Free Press,,1025 Connecticut Ave NWSuite 1110,,Washington,DC,,20036,375000,to provide general support
2020,263753801,Foundation to Promote Open Society,Freedom from Torture,,111 Isledon Road,,London,,OC,N7 7JW,125000,to provide support for a special fund for the Executive Director in order to enhance her ability to further the charitable and educational work of Freedom from Torture
2020,263753801,Foundation to Promote Open Society,Freedom Now,,1776 K Street NW 8th Floor,,Washington,DC,,20006,45950,"to protect fundamental human rights and uphold international law in the Eurasia region by campaigning against arbitrary detention and addressing associated human rights violations, such as mistreatment and poor prison conditions"
2020,263753801,Foundation to Promote Open Society,Freemuse,,Jagtvej 223 3rd floor,,Copenhagen,,DA,2100,75000,to provide general support
2020,263753801,Foundation to Promote Open Society,Fresh ED,,31 Nassau Drive Lawrence NJ 08648,,New Jersey,NJ,,08648,74905,to support FreshEd podcast production
2020,263753801,Foundation to Promote Open Society,Friends of the American University of Afghanistan,,1901 Pennsylvania Avenue NW Suite,,Washington,DC,,20006,35250,to support Alliance in Support of the Afghan People's advocacy for Afghanistan in a post peace scenario
2020,263753801,Foundation to Promote Open Society,Frontiers-Rights Association,,Hikmat Abi Khalil,,Beyrouth,,LE,00000,37500,to provide legal aid services and support to Beirut explosion victims
2020,263753801,Foundation to Promote Open Society,Frontiers-Rights Association,,Hikmat Abi Khalil,,Beyrouth,,LE,00000,90500,to support the protection of refugees in Lebanon by recruiting and training community facilitators who will work to further basic rights and services in vulnerable host communities
2020,263753801,Foundation to Promote Open Society,Fund for Constitutional Government,,122 Maryland Avenue NE,,Washington,DC,,20002,175000,"to support the Grantee's fiscally sponsored program, Jubilee USA Network, to provide more resources to mitigate economic, health and social hardship during COVID pandemic in low-income countries excluded from debt relief programs awarded by multilateral financial institutions"
2020,263753801,Foundation to Promote Open Society,Fund for Constitutional Government,,122 Maryland Avenue NE,,Washington,DC,,20002,75000,"to provide support to the programs and operations of Jubilee USA, a sponsored project of the Grantee"
2020,263753801,Foundation to Promote Open Society,Fund for Constitutional Government,,122 Maryland Avenue NE,,Washington,DC,,20002,24000,to provide project support for data use and technology to educate and advocate for solutions to corruption
2020,263753801,Foundation to Promote Open Society,Fund for Constitutional Government,,122 Maryland Avenue NE,,Washington,DC,,20002,75000,"to support the Peace and Security Funders Group, a fiscally sponsored project of the grantee, to enhance the effectiveness of peace and security philanthropy"
2020,263753801,Foundation to Promote Open Society,Fund for Educational Excellence,,800 North Charles Street Suite 400,,Baltimore,MD,,212015322,100000,to support the NextGen program's effort to provide youth development and organizing training for Baltimore youth
2020,263753801,Foundation to Promote Open Society,Fund for Educational Excellence,,800 North Charles Street Suite 400,,Baltimore,MD,,212015322,200000,to support the Emergency School Closure Family Support Fund to provide vital resources to families and schools during school closures caused by COVID-19
2020,263753801,Foundation to Promote Open Society,Fund for Educational Excellence,,800 North Charles Street Suite 400,,Baltimore,MD,,212015322,250000,"to enhance the reach, knowledge and skills of Safe Street staff to more effectively and efficiently engage the community in restoration, and enhance the effectiveness of Safe Street's violence prevention strategy"
2020,263753801,Foundation to Promote Open Society,Fund for Public Health in New York Inc,,22 Cortlandt StreetSuite 802,,New York,NY,,10007,325000,to support the Grantee's infrastructure and network for Narrative Power and Racial Justice and Health Equity project
2020,263753801,Foundation to Promote Open Society,Fund for the City of New York,,121 Avenue of the Americas Sixth F,,New York,NY,,100131590,100000,to support Grantee's work in protecting immigrant rights that are undermined by technology and tech corporations
2020,263753801,Foundation to Promote Open Society,Fund for the City of New York,,121 Avenue of the Americas Sixth F,,New York,NY,,100131590,50000,"to support the Brooklyn Movement Center, a project of the Grantee that brings together residents to identify issues of importance to them, build power, and improve conditions in their community"
2020,263753801,Foundation to Promote Open Society,Fund for the City of New York,,121 Avenue of the Americas Sixth F,,New York,NY,,100131590,400000,"to support the Open Contracting Partnership, a project of the Grantee, in its work to promote equity and accountability in COVID-19 emergency health procurement"
2020,263753801,Foundation to Promote Open Society,Fund for the City of New York,,121 Avenue of the Americas Sixth F,,New York,NY,,100131590,100000,"to support the Open Contracting Partnership, a project of the Grantee, in its work to establish a new norm of disclosure and broad participation in public contracting"
2020,263753801,Foundation to Promote Open Society,Fundacao Getulio Vargas,,Praia de Botafogo 190/13 andar Bot,,Rio de Janeiro,,BR,22250-145,200000,"to support the second phase of the CyberBRICS project, which includes mapping existing regulation, identifying best practices, and developing policy recommendations for BRICS countries on topics of internet policy"
2020,263753801,Foundation to Promote Open Society,Fundacao Getulio Vargas,,Praia de Botafogo 190/13 andar Bot,,Rio de Janeiro,,BR,22250-145,110000,"to implement Digital Democracy Room, an information and electoral integrity project for Latin American countries"
2020,263753801,Foundation to Promote Open Society,Fundacao Instituto Fernando Henrique Cardoso,,Rua Formosa 367 - Republica,,Sao Paulo,,BR,01049-000,125000,to produce and disseminate an educational handbook on countering fake news
2020,263753801,Foundation to Promote Open Society,Fundacao Parapaz,,Travessa Joao Paulo II 632 - Marco,,Belem,,BR,66095-492,999999,to support Par state's emergency response to the COVID crisis by addressing socioeconomic aspects of the pandemic including hunger reduction and economic recovery
2020,263753801,Foundation to Promote Open Society,Fundacion Accion Interna,,Avenida Caracas 36 - 41,,Bogota,,CO,00000,105000,"to partner with local authorities to develop post-release interventions that adapt to social distancing restrictions, prevent further contagion within vulnerable population, and help to reduce recidivism"
2020,263753801,Foundation to Promote Open Society,Fundacion Antonio Restrepo Barco,,Carrera 7 73-55 piso 12,,Bogota,,CO,00000,999999,to support Bogota's local government efforts to address the Covid-19 pandemic impact on vulnerable populations
2020,263753801,Foundation to Promote Open Society,Fundacion Barra Mexicana AC,,Durango 332 Desp 203 Roma Norte06,,CDMX,,MX,06700,100000,"to support strategic pro-bono litigation on behalf of victims of mass graves in Morelos, Mexico, as a tool for access to justice"
2020,263753801,Foundation to Promote Open Society,Fundacion Calala - Fondo de Mujeres,,Arago 424 esc izq entlo 3,,Barcelona,,SP,08013,60000,to support Calala's charitable activities
2020,263753801,Foundation to Promote Open Society,Fundacion Calala - Fondo de Mujeres,,Arago 424 esc izq entlo 3,,Barcelona,,SP,08013,250000,to support a European - Latin American Alliance of Women's Funds to advance human rights and gender justice
2020,263753801,Foundation to Promote Open Society,Fundacion Casa de las Estrategias,,Carrera 97 40 - 26 San Javier,,Medellin,,CO,00000,25000,to support an educational event and cycling tour to increase public participation in the field of anti-corruption
2020,263753801,Foundation to Promote Open Society,Fundacion Casa de las Estrategias,,Carrera 97 40 - 26 San Javier,,Medellin,,CO,00000,80000,to provide general support
2020,263753801,Foundation to Promote Open Society,Fundacion Chile 21,,Las Abejas 5747 La Reina,,Santiago,,CI,7850000,70000,to support the Grantee's observation of human rights violations and advocacy for police reform as a means of improving conditions for the public in Chile
2020,263753801,Foundation to Promote Open Society,Fundacion Ciudadano Inteligente,,Huerfanos 1160 oficina 1208,,Santiago,,CI,8340420,80000,to provide general support
2020,263753801,Foundation to Promote Open Society,Fundacion Comunitaria de Puerto Rico,,PO Box 70362,,San Juan,,RQ,00936-8362,55000,to provide support to vulnerable populations and elderly people in rural communities in Puerto Rico around the COVID19 crisis
2020,263753801,Foundation to Promote Open Society,Fundacion Derechos Economicos Sociales y Cultural,,10 Calle 12-07 Zona 1 Edificio Kos,,Guatemala,,GT,1001,110000,to provide general support
2020,263753801,Foundation to Promote Open Society,Fundacion Derechos Economicos Sociales y Cultural,,10 Calle 12-07 Zona 1 Edificio Kos,,Guatemala,,GT,1001,50000,"to continue to support journalist training in Guatemala, Honduras and El Salvador on topics related to the COVID crisis and climate change"
2020,263753801,Foundation to Promote Open Society,Fundacion Derechos Economicos Sociales y Cultural,,10 Calle 12-07 Zona 1 Edificio Kos,,Guatemala,,GT,1001,115710,"to support journalists training in Guatemala, Honduras and El Salvador related to the COVID crisis and climate change"
2020,263753801,Foundation to Promote Open Society,Fundacion Equipo de Reflexion Investigacion y Com,,Boulevard Canaan,,El Progreso,,HO,23201,100000,to provide general support
2020,263753801,Foundation to Promote Open Society,Fundacion Gabo,,Centro Calle San Juan de Dios No,,Cartagena,,CO,130002,150000,to support the Grantee's work on investigative journalism on drug policy in Latin America
2020,263753801,Foundation to Promote Open Society,Fundacion Global Hub for the Common Good,,Paseo de Los Frailes 14 2C,,Palencia,,SP,34002,25000,to provide general support
2020,263753801,Foundation to Promote Open Society,Fundacion Hormigas Argentinas,,Humberto I 517,,Ciudad de Buenos Aires,,AR,1103,44000,"to advance support of citizen participation in government by implementing participatory budgets and public consultations, creating a video, and inviting underrepresented groups to a meeting on political innovation"
2020,263753801,Foundation to Promote Open Society,Fundacion Ideas para la Paz,,Calle 100 No 8 A 37Torre A Oficina,,Bogota,,CO,00000,305000,to provide general support
2020,263753801,Foundation to Promote Open Society,Fundacion Karisma,,TRANSVERSAL 22 A No 59- 44 PISO 1,,Bogota,,CO,00000,30000,"to provide funding for the work of a regional network advancing Open Science initiatives in urgent response to the COVID 19 pandemic, and related crises"
2020,263753801,Foundation to Promote Open Society,Fundacion Karisma,,TRANSVERSAL 22 A No 59- 44 PISO 1,,Bogota,,CO,00000,355000,to provide general support
2020,263753801,Foundation to Promote Open Society,Fundacion La Pupila Insomne,,Urbanizacion La Tahona Conjunto Re,,Caracas,,VE,00000,25000,"to educate the public about the dynamics underpinning Venezuela's displacement, humanitarian, and political crises, and the political and public policy decisions needed to address them"
2020,263753801,Foundation to Promote Open Society,Fundacion Myrna Mack,,2a Calle 15-15 Zona 13,,Guatemala City,,GT,1013,140000,to provide general support
2020,263753801,Foundation to Promote Open Society,Fundacion Nacional para el Desarrollo,,Calle Arturo Ambrogi 411,,Colonia Escalon,,ES,00000,55000,"to provide HR, communications, and advocacy support to the Citizen Oversight Commission for Covid Recovery funds in El Salvador"
2020,263753801,Foundation to Promote Open Society,Fundacion Paz y Reconciliacion (PARES),,Calle 26b 4 - 45 Piso 15 y 16 E,,Bogota,,CO,00000,115000,to provide general support
2020,263753801,Foundation to Promote Open Society,Fundacion Programa Salvadoreno de Investigacion so,,Pasaje Sagrado Corazon 821 Coloni,,San Salvador,,ES,1101,45000,"to analyze current trends, actors, and organizations working on climate in the northern triangle of Central America in order to reduce community vulnerabilities linked to climate change"
2020,263753801,Foundation to Promote Open Society,Fundacion Santo Domingo,,Calle 53 No 106-280 Piso 9,,Bogota,,CO,00000,178000,"to educate the private sector on and promote its participation in the social and productive inclusion of migrant populations in Colombia, including by promoting the participation of migrant healthcare professionals in Colombia's COVID-19 response"
2020,263753801,Foundation to Promote Open Society,Fundacion Sentiido,,Calle 117D 57-96Torre 6 apto 702,,Bogota,,CO,11111,17000,"to support creation of audio visual content, interviews, and workshops meant to promote an understanding of and campaigning against the so-called 'gender ideology' in Latin America"
2020,263753801,Foundation to Promote Open Society,Fundacion Un Techo Para Mi Pais,,100 sur Subway de Los Yoses,,San Jose,,CS,1234,25200,to provide emergency humanitarian support to migrants and refugees in Costa Rica
2020,263753801,Foundation to Promote Open Society,Fundacion Uruguaya del Instituto sobre Discapacida,,M Cassinoni 1085,,Montevideo,,UY,11200,29500,to research how youth with disabilities experience climate-related issues and explore the ways that young people can contribute to addressing this problem from a human rights and disability inclusive development perspective
2020,263753801,Foundation to Promote Open Society,Fundacion Vortex,,Carrera 80b bis 22-57,,Bogota,,CO,0000,50000,to support research and a report on spending in public schools in order to benefit victims of corruption
2020,263753801,Foundation to Promote Open Society,Fundacja Osrodek Kontroli Obywatelskiej OKO,,Madalinskiego 73/75/1,,Warsaw,,PL,02549,35200,"to support the Wiktor Osiatynski Archive, which has a core mission to monitor the state of the rule of law, democracy and human rights in Poland and to provide reliable information about the nature and consequences of these actions to the public"
2020,263753801,Foundation to Promote Open Society,Fundo Brasil de Direitos Humanos,,Rua Santa Isabel 137 conj 42,,Sao Paulo,,BR,01221-010,64000,to provide general support
2020,263753801,Foundation to Promote Open Society,Fusion Partnerships Inc,,1601 Guilford Ave 2 South,,Baltimore,MD,,21202,6800,"to support Open Justice Baltimore, a project of Fusion Partnerships, to conduct data mining and analysis to support the research of the Maryland criminal code People's Commission to Decriminalize Maryland"
2020,263753801,Foundation to Promote Open Society,Fusion Partnerships Inc,,1601 Guilford Ave 2 South,,Baltimore,MD,,21202,20000,"to provide support to HOPE Baltimore, a fiscally sponsored project of the Grantee, to enable it to provide reentry supports to those being released from incarceration due to COVID-19"
2020,263753801,Foundation to Promote Open Society,Fusion Partnerships Inc,,1601 Guilford Ave 2 South,,Baltimore,MD,,21202,45000,"to provide support to The Citizens Policing Project, a fiscally-sponsored project of the Grantee, to educate and mobilize Baltimore residents most impacted by over-policing"
2020,263753801,Foundation to Promote Open Society,Fusion Partnerships Inc,,1601 Guilford Ave 2 South,,Baltimore,MD,,21202,50000,"to provide support to Baltimore Harm Reduction Coalition, a fiscally sponsored project of Fusion Partnerships, to provide direct relief to individuals who use drugs and have unstable housing in response to the challenges presented by COVID-19"
2020,263753801,Foundation to Promote Open Society,Fusion Partnerships Inc,,1601 Guilford Ave 2 South,,Baltimore,MD,,21202,40000,"to provide support to Baltimore Action Legal Team, a fiscally-sponsored project of the Grantee, to enable it to facilitate the release of pretrial defendants in response to COVID-19"
2020,263753801,Foundation to Promote Open Society,Fusion Partnerships Inc,,1601 Guilford Ave 2 South,,Baltimore,MD,,21202,15000,"to provide support to Black Yield Institute, a fiscally sponsored project of the Grantee, to deliver responsive financial, job stabilization and or emergency services to unemployed and underemployed residents in the Baltimore community impacted by COVID-19"
2020,263753801,Foundation to Promote Open Society,Fusion Partnerships Inc,,1601 Guilford Ave 2 South,,Baltimore,MD,,21202,15000,"to provide support to Food Rescue Baltimore, a fiscally sponsored project of the Grantee, to deliver responsive financial, job stabilization and or emergency services to unemployed and underemployed residents in the West Baltimore community impacted by COVID-19"
2020,263753801,Foundation to Promote Open Society,Fusion Partnerships Inc,,1601 Guilford Ave 2 South,,Baltimore,MD,,21202,15000,"to provide support to Baltimore Youth Arts, a fiscally sponsored project of the Grantee, to deliver responsive financial, job stabilization and or emergency services to unemployed and underemployed residents in the Baltimore community impacted by COVID-19"
2020,263753801,Foundation to Promote Open Society,Fusion Partnerships Inc,,1601 Guilford Ave 2 South,,Baltimore,MD,,21202,150000,"to enable CLLCTIVLY, a fiscally sponsored project of Fusion Partnerships, to provide support to Black-led organizations impacted by COVID-19"
2020,263753801,Foundation to Promote Open Society,Fusion Partnerships Inc,,1601 Guilford Ave 2 South,,Baltimore,MD,,21202,50000,"to increase the capacity of the Baltimore Action Legal Team, a fiscally-sponsored project of Fusion Partnerships, to improve police accountability, reduce pretrial incarceration, and engage Baltimore lawyers in supporting local social and racial justice movements"
2020,263753801,Foundation to Promote Open Society,Fusion Partnerships Inc,,1601 Guilford Ave 2 South,,Baltimore,MD,,21202,25000,"to enable Power Inside, a fiscally sponsored project of the Grantee, to provide strategic communications support to help shape and advance recommendations on how to reduce the arrest and incarceration of marginalized communities"
2020,263753801,Foundation to Promote Open Society,Fusion Partnerships Inc,,1601 Guilford Ave 2 South,,Baltimore,MD,,21202,125000,"to support the Baltimore Action Legal Team, a fiscally-sponsored project of Fusion Partnerships, in providing operational and administrative support to a statewide effort to decriminalize race, poverty, gender and disability in Maryland"
2020,263753801,Foundation to Promote Open Society,Fusion Partnerships Inc,,1601 Guilford Ave 2 South,,Baltimore,MD,,21202,55000,"to enable The Citizens Policing Project, a fiscally-sponsored project of Fusion Partnerships, to engage youth in collecting community input to bring about policing reform in Baltimore"
2020,263753801,Foundation to Promote Open Society,Fusion Partnerships Inc,,1601 Guilford Ave 2 South,,Baltimore,MD,,21202,25000,"to increase the capacity of the Baltimore Action Legal Team, a fiscally sponsored project of the Grantee, to improve police accountability, reduce pretrial incarceration, and engage Baltimore lawyers in supporting local social and racial justice movements"
2020,263753801,Foundation to Promote Open Society,Future Forum,,No 25 Street 334Boeng Keng Kang I,,Phnom Penh,,CB,12000,73000,to provide general support
2020,263753801,Foundation to Promote Open Society,Gaia Foundation,,6 Heathgate PlaceAgincourt Road,,London,,OC,NW3 2NU,62500,to provide general support
2020,263753801,Foundation to Promote Open Society,GAJOP,,Rua do Sossego n 432 Boa Vista,,Recife,,BR,50050080,62500,to provide general support
2020,263753801,Foundation to Promote Open Society,General Secretariat of the Organization of America,,17th Street Constitution Avenue N,,Washington,DC,,20006,25000,"to provide seed support to the Inter-American Special Rapporteurship on Economic, Social, Cultural and Environmental Rights to strengthen and develop the legal standards of the right to health in the Americas"
2020,263753801,Foundation to Promote Open Society,Genero e Numero Comunicacao LTDA,,Rua das Laranjeiras 102 506000,,Rio de Janeiro,,BR,22240,50000,to support special coverage of the COVID-19 crisis in Brazil with a focus on its impact on women and minorities
2020,263753801,Foundation to Promote Open Society,Georgetown University,,37th and O Street NWReiss Science,,Washington,DC,,200571168,100000,"to support the Institute for Tech Law & Policy's work educating the public on the vital role of open, democratic, accessible and affordable communications networks"
2020,263753801,Foundation to Promote Open Society,Georgetown University,,37th and O Street NWReiss Science,,Washington,DC,,200571168,200000,to support the Center on Privacy and Technology at Georgetown Law
2020,263753801,Foundation to Promote Open Society,Georgetown University,,37th and O Street NWReiss Science,,Washington,DC,,200571168,150000,to support the Center on Privacy and Technology at Georgetown Law
2020,263753801,Foundation to Promote Open Society,Georgia Alliance Education Fund Inc,,PO Box 170495,,Atlanta,GA,,30317,175000,to provide general support
2020,263753801,Foundation to Promote Open Society,German Association of Psychosocial Centres for Ref,,Paulsenstr 55-56,,Berlin,,GM,12163,76000,to provide general support
2020,263753801,Foundation to Promote Open Society,Ghana Center for Democratic Development,,No 95 Nortei Ababio Loop North Ai,,Accra,,GH,00000,125000,to provide general support
2020,263753801,Foundation to Promote Open Society,Ghent University,,Campus Ufo RectorateSint-Pietersni,,Gent,,BE,9000,80000,to support the work of the Human Rights Law Clinic of Ghent University in tackling religious dress restrictions in Belgium
2020,263753801,Foundation to Promote Open Society,Girls for Gender Equity Inc,,25 Chapel Street Suite 1006,,Brooklyn,NY,,11217,400000,to build and catalyze a steering committee of Black girls to promote a national policy agenda for Black girls
2020,263753801,Foundation to Promote Open Society,Gisha - Legal Center for Freedom of Movement,,Harakevet 42,,Tel AvivJaffa,,IS,67770,90000,to provide general support
2020,263753801,Foundation to Promote Open Society,Gisha - Legal Center for Freedom of Movement,,Harakevet 42,,Tel AvivJaffa,,IS,67770,90000,to provide general support
2020,263753801,Foundation to Promote Open Society,GiveDirectly Inc,,PO BOX 3221,,New York,NY,,10008,90000,to support an urgent public outreach campaign aimed at stimulating private/individual giving to low income individuals in areas of the U.S. worst affected by the Covid 19 pandemic
2020,263753801,Foundation to Promote Open Society,Glasswing International USA,,25 Broadway 9th Floor,,New York,NY,,10004,50000,to provide funds for humanitarian response in El Salvador
2020,263753801,Foundation to Promote Open Society,Glasswing International USA,,25 Broadway 9th Floor,,New York,NY,,10004,188333,"to support placed-based violence reduction initiatives in Choloma Honduras, and Villa Nueva Guatemala"
2020,263753801,Foundation to Promote Open Society,Global Action for Trans Equality,,576 Fifth Avenue Suite 903,,New York,NY,,10036,100000,"to support trans, gender diverse and intersex communities in their work in the wake of the COVID-19 pandemic"
2020,263753801,Foundation to Promote Open Society,Global Action for Trans Equality,,576 Fifth Avenue Suite 903,,New York,NY,,10036,30000,to support research on anti-rights movements in Central Europe
2020,263753801,Foundation to Promote Open Society,Global Action for Trans Equality,,576 Fifth Avenue Suite 903,,New York,NY,,10036,125000,to provide general support
2020,263753801,Foundation to Promote Open Society,Global Alliance For Tax Justice,,Avenue du Parc Royal 3,,Brussels,,BE,1020,35000,to support the creation of more inclusive and equitable spaces for countries to coordinate and cooperate on tax matters
2020,263753801,Foundation to Promote Open Society,Global Campaign for Education United States,,1201 16th Street NWSuite 521,,Washington,DC,,20036,50000,"to support the continued growth of the Inclusive Education and Early Childhood Development (ECD) Community of Practice (CoP), including building capacity to accommodate demand for increased activity, establishing a presence in high-value advocacy locations, and working toward the replication of the CoP model to elevate voices in high-priority regions globally"
2020,263753801,Foundation to Promote Open Society,Global Detention Project,,3 rue de Varembe,,Geneva,,SZ,1202,110000,to support migrant rights through the documentation of detention practices that infringe upon them
2020,263753801,Foundation to Promote Open Society,Global Development Incubator,,One Farragut Square South Suite 30,,Washington,DC,,20006,20000,"to support the Refugee Investment Network, a fiscally-sponsored project of the Grantee, to mobilize investments that create quality jobs and measurably improve the livelihood opportunities for refugees and their host communities"
2020,263753801,Foundation to Promote Open Society,Global Dialogue,,First Floor 10 Queen Street Place,,London,,OC,EC4R 1BE,50000,to support Ariadne's core operations and enable it to help facilitate better grant making and philanthropic practice across Europe as foundations respond to the COVID-19 pandemic
2020,263753801,Foundation to Promote Open Society,Global Dialogue,,First Floor 10 Queen Street Place,,London,,OC,EC4R 1BE,50000,"to support the Funders' Initiative for Civil Society, hosted by the Grantee, to develop a global strategy to expand civic space"
2020,263753801,Foundation to Promote Open Society,Global Dialogue,,First Floor 10 Queen Street Place,,London,,OC,EC4R 1BE,49277,"to create a part-time coordinator position, situated within Ariadne, to facilitate funder interaction in the area of information democracy and reach out to new funders interested in this area"
2020,263753801,Foundation to Promote Open Society,Global Dialogue,,First Floor 10 Queen Street Place,,London,,OC,EC4R 1BE,50000,"to support charitable and educational activities of Ariadne 3-year Core Support, Countering Hatred project support & Portal Renewal"
2020,263753801,Foundation to Promote Open Society,Global Diversity Foundation,,37 St Margarets Street Canterbury,,Kent,,OC,CT1 2TU,50000,"to educate Moroccan farmers and communities on sustainable agriculture and the policy frameworks supporting agriculture in Morocco, to educate staff of a Moroccan agriculture NGO, and to evaluate the feasibility of renovating existing facilities into community seed banks"
2020,263753801,Foundation to Promote Open Society,Global Exchange,,1446 Market St,,San Francisco,CA,,94102,50000,to promote data and advocacy to reduce cross-border flow of guns that are used in homicides and human rights abuses in Mexico and Central America
2020,263753801,Foundation to Promote Open Society,Global Friends in Action Inc,,PO Box 46333,,Madison,WI,,53744,87500,to provide general support
2020,263753801,Foundation to Promote Open Society,Global Greengrants Fund,,2840 Wilderness Place Suite A,,Boulder,CO,,80301,150000,to support Global Greengrants Fund's programmatic work and public education on women and environmental justice
2020,263753801,Foundation to Promote Open Society,Global Health Advocates France,,19 rue Portefoin,,Paris,,FR,75003,115000,to provide general support
2020,263753801,Foundation to Promote Open Society,Global Health Advocates France,,19 rue Portefoin,,Paris,,FR,75003,100000,to provide general support
2020,263753801,Foundation to Promote Open Society,Global Health Council Inc,,1199 N Fairfax Street Suite 300,,Alexandria,DC,,22314,25000,"to support a rethinking of the national security narrative in the US during the time of COVID-19 in order to promote a more inclusive, just, and accountable national security framework in the US and globally"
2020,263753801,Foundation to Promote Open Society,Global Health Council Inc,,1199 N Fairfax Street Suite 300,,Alexandria,DC,,22314,325000,to educate a wide range of influencers about how COVID-19 is impacting marginalized communities around the world
2020,263753801,Foundation to Promote Open Society,Global Health Uganda,,Plot 138 Upper Mawanda Road,,Kampala,,UG,00000,24500,"to use affordable, solar-powered oxygen production, in three sites in Somalia to support treatment for COVID-19 patients"
2020,263753801,Foundation to Promote Open Society,Global Integrity,,1100 13th Street Suite 800,,Washington,DC,,20005,350000,"to support the Grantee to assist locally led efforts to solve governance and development challenges through capacity building, research, and learning"
2020,263753801,Foundation to Promote Open Society,Global Investigative Journalism Network,,9404 Crosby Road,,Silver Spring,MD,,20910,250000,to support GIJN general operations
2020,263753801,Foundation to Promote Open Society,Global Mental Health Peer Network,,302 Domba2 Boekenhout StreetConstan,,Roodeport,,SF,1709,150000,to support the organisational activities of Global Mental Health Peer Network
2020,263753801,Foundation to Promote Open Society,Global Network Foundation,,715 Peachtree Street NE Suite 200,,Atlanta,GA,,30308,21715,to support a project of providing credible information on the Covid-19 pandemic
2020,263753801,Foundation to Promote Open Society,Global Network Foundation,,715 Peachtree Street NE Suite 200,,Atlanta,GA,,30308,105000,to support the development of a media platform and related social media pages that are focused on providing information and working with youth
2020,263753801,Foundation to Promote Open Society,Global Network of People Living with HIVAIDS (GNP,,Van Diemenstraat 192,,Amsterdam,,NL,1018EV,74988,to provide strategic and administrative support for engaging in the Global Fund's strategy process in service of strengthening global health
2020,263753801,Foundation to Promote Open Society,Global Voices Foundation,,Kingsfordwegg 151,,Amsterdam,,NL,1043GR,100000,to provide general support
2020,263753801,Foundation to Promote Open Society,Global Witness,,Green House244-254 Cambridge Heath,,London,,OC,E2 9DA,3400000,to provide general support
2020,263753801,Foundation to Promote Open Society,Gobierno Facil SA de CV,,Blvd Valsequillo 210-3 Col San Ba,,Puebla,,MX,72550,40000,"to support a platform which will give the public better access to open-data as a means of promoting government transparency, accountability & citizen participation in Mexico"
2020,263753801,Foundation to Promote Open Society,Goldsmiths University of London,,New Cross,,London,,OC,SE14 6NW,130000,"to support Forensic Architecture, a research project of the Grantee, to conduct research and investigations into grave crimes and human rights abuses using new techniques and methodologies"
2020,263753801,Foundation to Promote Open Society,Good Old Lower East Side Inc,,169 Avenue B,,New York,NY,,10009,40000,to provide general support
2020,263753801,Foundation to Promote Open Society,Government Accountability Project,,1612 K Street NW Suite 1100,,Washington,DC,,20006,100000,"to support Government Accountability Project's efforts to protect the right to vote, and to identify and prevent government corruption through effective oversight"
2020,263753801,Foundation to Promote Open Society,Government Accountability Project,,1612 K Street NW Suite 1100,,Washington,DC,,20006,200000,to provide general support
2020,263753801,Foundation to Promote Open Society,Graca Machel Trust,,Investment Place Block C10th RoadH,,Johannesburg,,SF,2196,333333,to provide general support
2020,263753801,Foundation to Promote Open Society,Graduate Center Foundation Inc,,365 Fifth Avenue,,New York,NY,,10016,100000,"to develop new substantive visions for immigration policy, through a partnership between academics and frontline movement leaders"
2020,263753801,Foundation to Promote Open Society,Grantmakers Concerned with Immigrants and Refugees,,PO Box 2178,,Petaluma,CA,,94953,150000,to support the Grantee's work in philanthropic and public-sector engagement to inform future policy and decision-making efforts
2020,263753801,Foundation to Promote Open Society,Grantmakers Concerned with Immigrants and Refugees,,PO Box 2178,,Petaluma,CA,,94953,150000,"to support the Delivering on the Dream initiative, a national network focused on cultivating and engaging state and local funders to invest in building the capacity of immigrant-serving organizations"
2020,263753801,Foundation to Promote Open Society,Grantmakers Concerned with Immigrants and Refugees,,PO Box 2178,,Petaluma,CA,,94953,500000,to support the Grantee's California Immigrant Resilience Fund which provides direct cash assistance to vulnerable populations ineligible for federal aid during the Covid-19 pandemic
2020,263753801,Foundation to Promote Open Society,Grantmakers Concerned with Immigrants and Refugees,,PO Box 2178,,Petaluma,CA,,94953,125000,to provide general support
2020,263753801,Foundation to Promote Open Society,Grassroots Global Justice Alliance,,2000 14th St NW Ste 104 73768,,Washington,DC,,20056,25000,to support the Grantee's programs related to feminist organizing and education
2020,263753801,Foundation to Promote Open Society,Grassroots Jerusalem,,POB 49379,,Jerusalem,,IS,914302,50000,to provide general support
2020,263753801,Foundation to Promote Open Society,Greater Houston Community Foundation,,5120 Woodway Drive Suite 6000,,Houston,TX,,77056,750000,to provide emergency financial assistance to residents of Harris County that are ineligible for the federal stimulus relief during the COVID-19 pandemic
2020,263753801,Foundation to Promote Open Society,Greater Washington Community Foundation,,1325 G Street NW Suite 480,,Washington,DC,,20005,500000,to provide emergency financial assistance to residents of Fairfax County that are ineligible for the federal stimulus relief during the COVID-19 pandemic
2020,263753801,Foundation to Promote Open Society,Greater Washington Community Foundation,,1325 G Street NW Suite 480,,Washington,DC,,20005,250000,"to provide support to the DC Cares About Residents of Every Status Fund, providing direct cash assistance to undocumented residents of the District of Columbia during the Covid-19 crisis"
2020,263753801,Foundation to Promote Open Society,Groundswell Fund,,548 Market Street 49734,,San Francisco,CA,,94104,450000,to provide general support
2020,263753801,Foundation to Promote Open Society,Group Nine Media Inc,,568 Broadway 10th Floor,,New York,NY,,10012,214800,"to advance the education of the general public and challenge popular misconceptions about migrant and refugees and changing discriminatory attitudes, behaviour, and practices as a means of building support for vulnerable populations by widely disseminating narratives of athletes and coaches with immigrant or refugee background through the popular appeal of a global sporting event"
2020,263753801,Foundation to Promote Open Society,Grupo de Boston,,CC GuaparoLocal PA-30,,Valencia,,VE,2001,150000,"to support working groups on economics, food security, health care, and public utilities in order to generate multi-stakeholder ideas on how to address the COVID-19 pandemic in Venezuela"
2020,263753801,Foundation to Promote Open Society,Grupo de Monitoreo Independiente de El Salvador (G,,Residencial Palomo calle Las Victo,,San Salvador,,ES,0000,100000,to support transnational strategies to ensure labor rights and promote fair work for Central American migrant workers
2020,263753801,Foundation to Promote Open Society,Guernica Centre for International Justice,,Two Embarcadero Center Suite 800,,San Francisco,CA,,94111,105000,to provide general support
2020,263753801,Foundation to Promote Open Society,Gynuity Health Projects Inc,,220 East 42nd Street Suite 710,,New York,NY,,10017,165000,to support evidence-based service that aims to counter COVID-19 related barriers to essential health services
2020,263753801,Foundation to Promote Open Society,Hacking Hustling (Eyebeam NYC),,199 Cook Street,,Brooklyn,NY,,11206,125000,"to host a sex worker track and networking space at the Internet Freedom Festival, and follow up on ideas and projects that come out of this over the course of a year"
2020,263753801,Foundation to Promote Open Society,Haitian Bridge Alliance,,4265 Fairmount Avenue Suite 280,,San Diego,CA,,92105,50000,to provide general support
2020,263753801,Foundation to Promote Open Society,Harm Reduction Coalition,,22 West 27th Street 5th Floor,,New York,NY,,10001,40000,"to support the Grantee's fiscally sponsored program, River Valley Organizing, to build political power with people who use/sell illicit substances, sex workers and the formerly incarcerated"
2020,263753801,Foundation to Promote Open Society,Harm Reduction Coalition,,22 West 27th Street 5th Floor,,New York,NY,,10001,50000,to support participation at the 13th National Harm Reduction Conference in Puerto Rico on October 2020
2020,263753801,Foundation to Promote Open Society,Harm Reduction International,,61 Mansell Street,,London,,UK,E1 8AN,72500,"to continue to foster and strengthen a regional network of leaders in South Asia and the Middle East, able to counter pro-death penalty populism and monitor the use of extraordinary powers in criminal justice systems during COVID-19"
2020,263753801,Foundation to Promote Open Society,Harm Reduction International,,61 Mansell Street,,London,,UK,E1 8AN,113500,to provide program support to the Grantee as it takes on the implementation of the global Lawyering on the Margins initiative aimed at promoting legal protection of marginalized communities
2020,263753801,Foundation to Promote Open Society,Harm Reduction International,,61 Mansell Street,,London,,UK,E1 8AN,289000,to provide general support
2020,263753801,Foundation to Promote Open Society,Harm Reduction Ohio,,935 River Road Suite G,,Granville,OH,,43023,50000,to provide general support
2020,263753801,Foundation to Promote Open Society,Headwaters Foundation for Justice,,2801 21st Avenue South Suite 132B,,Minneapolis,MN,,55407,300000,to support fellowships and network-building tailored to strengthen the work of the racial justice movement ecosystem in Minneapolis
2020,263753801,Foundation to Promote Open Society,Heal The World,,No E-205/206 Ywarlal Lane or,,Yangon,,BM,00000,61000,to support Grantee's work that aims to advance mental health awareness and psychosocial support for marginalized populations in Myanmar
2020,263753801,Foundation to Promote Open Society,Health Global Access Project Inc,,540 President Street 3rd Floor,,Brooklyn,NY,,11215,27000,to provide general support
2020,263753801,Foundation to Promote Open Society,Health Global Access Project Inc,,540 President Street 3rd Floor,,Brooklyn,NY,,11215,150000,to provide general support to Health GAP in its efforts to achieve equitable access to treatment and care for people living with HIV/AIDS.
2020,263753801,Foundation to Promote Open Society,Heartland Alliance for Human Needs and Human Right,,208 South LaSalle Street Suite 130,,Chicago,IL,,60604,100000,"to support National Immigrant Justice Center, a project of the Grantee, in advancing due process and human rights protections for immigrants"
2020,263753801,Foundation to Promote Open Society,Heinrich Boll Foundation,,Schumannstr 8 10117 Berlin,,Berlin,,GM,10117,111000,"to support the efforts coordinated by the HBS which seeks to ask how future crises - whether financial or, potentially, environmental - might lead to reforms aimed at achieving a more sustainable, equitable and democratic economy"
2020,263753801,Foundation to Promote Open Society,Helsinki Foundation for Human Rights Poland,,16 Wiejska str,,Warsaw,,PL,00-490,960000,to provide general support
2020,263753801,Foundation to Promote Open Society,Henry L Stimson Center,,1211 Connecticut Avenue NW8th Floor,,Washington,DC,,20036,25000,"to support a new data visualization project, which will better inform and highlight the continued exploitation of children in armed conflict and the ways to end this practice"
2020,263753801,Foundation to Promote Open Society,Henry L Stimson Center,,1211 Connecticut Avenue NW8th Floor,,Washington,DC,,20036,60000,to provide project support to promote transparent and appropriate drone policy
2020,263753801,Foundation to Promote Open Society,Here be Dragons,,10/1 Dror st,,Jaffa,,IS,,57500,to support a series of retreats and meetings which are meant to result in creative strategies for resolving the Palestine/Israeli conflict
2020,263753801,Foundation to Promote Open Society,Hesperian Health Guides,,1919 Addison Street Suite 304,,Berkeley,CA,,94704,100000,to provide general support
2020,263753801,Foundation to Promote Open Society,Highlander Research and Education Center Inc,,1959 Highlander Way,,New Market,TN,,37820,500000,to support the Grantee's community safety capacity-building efforts
2020,263753801,Foundation to Promote Open Society,Himal Association,,Lazimpat Opposite to Mahaguthi,,Kathmandu,,NP,00000,23447,"to support 'Strengthening of content, capacity building and outreach of Kathmandu International Mountain Film Festival (KIMFF) 2019/20' with the aim of stimulating discussions around societal issues through visual storytelling"
2020,263753801,Foundation to Promote Open Society,Himmat Watan Fund Al-Khair Account,,3rd circle Tawfiq Abu Al Huda Stre,,Amman,,JO,00000,200000,"to enable the Jordanian government to provide health services to Jordanian citizens and residents within the Kingdom to confront the emerging pandemic of the Corona virus, and to provide temporary material and humanitarian assistance to those suffering from difficult living conditions because of the crisis"
2020,263753801,Foundation to Promote Open Society,Hispanic Federation,,55 Exchange Place Suite 501,,New York,NY,,10005,100000,to provide immediate assistance to immigrants in Puerto Rico who have been excluded from COVID-19 federal and local aid packages
2020,263753801,Foundation to Promote Open Society,Hispanic Federation,,55 Exchange Place Suite 501,,New York,NY,,10005,100000,"to fund free cultural programming at Publica Espacio, a multicultural/multi-use space in Santurce Puerto Rico"
2020,263753801,Foundation to Promote Open Society,Hispanic Federation,,55 Exchange Place Suite 501,,New York,NY,,10005,425000,"to promote civic engagement in the Puerto Rican, Latino/Latinx, and immigrant communities of Florida"
2020,263753801,Foundation to Promote Open Society,Historic East Baltimore Community Action Coalition,,1212 N Wolfe,,Baltimore,MD,,21213,20000,to facilitate the distribution of financial assistance to Baltimore City residents who are struggling to meet basic food and household needs due to COVID-19
2020,263753801,Foundation to Promote Open Society,HIV Legal Network Reseau juridique VIH,,1240 Bay Street Suite 600,,Toronto,,CA,M5R 2A7,430000,to provide general support
2020,263753801,Foundation to Promote Open Society,Hmong American Women's Association,,9235 W Capitol Drive Suite 414,,Milwaukee,WI,,53222,325000,to provide general support
2020,263753801,Foundation to Promote Open Society,Holistic Life Foundation Inc,,2601 North Howard Street Suite 130,,Baltimore,MD,,21218,25000,to provide general support
2020,263753801,Foundation to Promote Open Society,Homeless Persons Representation Project Inc,,201 North Charles Street Suite 110,,Baltimore,MD,,21201,6000,"to support grantee's work on policy analysis, public education, and advocacy efforts to reduce the criminalization of homelessness in Baltimore and Maryland"
2020,263753801,Foundation to Promote Open Society,Homeless Services United,,307 W 38th st3rd floor,,New York,NY,,10018,1000,to provide general support
2020,263753801,Foundation to Promote Open Society,HomeNet South Asia Trust,,c/o Rogers Capital Corporate Servic,,Port Louis,,MP,00000,350000,to provide general support
2020,263753801,Foundation to Promote Open Society,Hoosier Action Resource Center,,1461 W Bloomfield Road,,Bloomington,IN,,47403,50000,to provide general support
2020,263753801,Foundation to Promote Open Society,Hopewell Fund,,1201 Connecticut Avenue NW Suite 3,,Washington,DC,,20036,5000000,"to support the Grantee's Democracy Docket Legal Fund, which challenges suppressive voting laws and practices in court"
2020,263753801,Foundation to Promote Open Society,Hopewell Fund,,1201 Connecticut Avenue NW Suite 3,,Washington,DC,,20036,300000,to raise the standard for labor practices in the social change movement
2020,263753801,Foundation to Promote Open Society,Horizontal,,PO Box 53308,,Washington,DC,,20009,40000,to safely connect online and offline frontline defenders and organizations engaging in work and litigation around land rights violations in the midst of the COVID-19 pandemic in Brazil
2020,263753801,Foundation to Promote Open Society,Hour Children Inc,,36-11A 12th Street,,Long Island City,NY,,11106,1000,to provide general support
2020,263753801,Foundation to Promote Open Society,House of Ruth,,5 Thomas Circle NW 4th Floor,,Washington,DC,,20005,75000,to provide general support
2020,263753801,Foundation to Promote Open Society,Housing Opportunities Made Equal of Virginia,,626 East Broad Street Suite 400,,Richmond,VA,,23219,250000,"""to establish a regional rent relief program in Virginia, designed to assist residents who have been excluded from recent federal assistance, including immigrants (undocumented, mixed status families, young adults, Limited English Proficient, and informal workers)"""
2020,263753801,Foundation to Promote Open Society,Human Asia,,Yoonggi Bldg 210 Apgujeong St G,,Seoul,,KS,06022,120000,to build a network of A2M student advocates to protect and promote progressive pharmaceutical and innovation policy in South Korea
2020,263753801,Foundation to Promote Open Society,Human Rights Activists,,1221 Fairfax Town Ctr Unit 911,,Fairfax,VA,,22033,100000,to highlight the conditions of prisoners under mandatory detention under COVID-19
2020,263753801,Foundation to Promote Open Society,Human Rights First,,75 Broad Street31st Floor,,New York,NY,,10004,250000,to advance rights-respecting national security policies
2020,263753801,Foundation to Promote Open Society,Human Rights First,,75 Broad Street31st Floor,,New York,NY,,10004,300000,"to develop the Grantee's Global Magnitsky program on human rights accountability and anti-corruption, in order to aid civil society globally in advancing human rights"
2020,263753801,Foundation to Promote Open Society,Human Rights Information and Documentation Systems,,3 rue de Varembe,,Geneva,,SZ,CH-1202,93000,to provide general support
2020,263753801,Foundation to Promote Open Society,Human Rights Information and Documentation Systems,,3 rue de Varembe,,Geneva,,SZ,CH-1202,200000,to provide general support
2020,263753801,Foundation to Promote Open Society,Human Rights Monitoring Institute,,Didzioji str 5-406,,Vilnius,,LH,01128,120000,to provide general support
2020,263753801,Foundation to Promote Open Society,Human Rights Now,,4F Suzuki Bldg 335 Yamabukicho,,Shinjukuku,,JA,162-0801,50000,to provide general support
2020,263753801,Foundation to Promote Open Society,Human Rights Watch Inc,,350 5th Avenue 34th Floor,,New York,NY,,101183299,10000000,to provide general support
2020,263753801,Foundation to Promote Open Society,Humanitarian Organization Divac,,18704 114TH AVE,,Mokena,IL,,604488209,99824,to support Divac Fundation's emergency response to the Covid-19 crisis in Serbia
2020,263753801,Foundation to Promote Open Society,Humboldt University of Berlin,,Erwin Schrdinger-Zentrum Rudower C,,Berlin,,GM,12489,7740,to identify the most urgent needs of the cultural sector in the post-Soviet space due to COVID-19 by hosting a series of remote sessions with cultural producers; and to build international solidarity and support for culture in the short and in the long term
2020,263753801,Foundation to Promote Open Society,Hungarian Civil Liberties Union,,Tatra utca 15/b I/1,,Budapest,,HU,1136,93000,to provide general support
2020,263753801,Foundation to Promote Open Society,Hunter College Foundation Inc,,695 Park Avenue E1313,,New York,NY,,10065,50000,"to support Supported Decision-Making New York (SDMNY), a project of the Grantee, to give youth with intellectual disabilities the tools necessary to become empowered decision-makers through education, facilitation, and peer-to-peer exchange opportunities"
2020,263753801,Foundation to Promote Open Society,I WATCH,,105 Rue Taher Ben Ammar Menzah 9B,,Tunis,,TS,1013,353000,to provide IWatch with General Support
2020,263753801,Foundation to Promote Open Society,Idheas Litigio Estrategico en Derechos Humanos,,Calle 9 90 San Pedro de los PinosD,,Ciudad de Mexico,,MX,03800,40000,to contribute towards accountability processes within the new transitional justice framework in Mexico and to use outreach and communication on this work to reach a broader segment of Mexican society
2020,263753801,Foundation to Promote Open Society,iACT,,1732 Aviation Blvd 138,,Redondo Beach,CA,,90278,100000,"to support iACT's team of local staff members to implement a refugee-led response to COVID-19 in Chad, Cameroon and Tanzania"
2020,263753801,Foundation to Promote Open Society,Icesi University,,Calle 18 No 122-135,,Cali,,CO,00000,125000,to support the development of a health and education-focused strategy to confront the COVID-19 pandemic in the most vulnerable territories and communities of the Pacific Region of Colombia
2020,263753801,Foundation to Promote Open Society,If Not Now Education Fund,,PO Box 26425,,Washington,DC,,20001,100000,"to grow membership, visibility and impact around support to end occupation in the Middle East"
2020,263753801,Foundation to Promote Open Society,IFEX,,555 Richmond Street West 1101 PO,,Toronto,,CA,M5V 3B1,500000,to provide general support
2020,263753801,Foundation to Promote Open Society,IJ Hub NPC,,c/o AmaBhungane Centre for Investig,,Cape Town,,SF,7925,100000,"to support investigative journalism in the Southern African Development Community region in the service of a free, capable media and open, accountable democracy"
2020,263753801,Foundation to Promote Open Society,I'LAM - Arab Center for Media Freedom Development,,Tawfiq Ziad Street 17/3047,,Nazareth,,IS,1616501,50000,to make Hebrew-language Covid-19 related news available in Arabic and to strengthen communication between Palestinian Citizens of Israel (including journalists) and Israeli officials and decision-makers
2020,263753801,Foundation to Promote Open Society,Imagine North Carolina First,,Imagine North Carolina FirstPO BO,,Raleigh,NC,,27602,750000,to provide general support
2020,263753801,Foundation to Promote Open Society,Immigrant Legal Resource Center,,1458 Howard St,,San Francisco,CA,,94103,140000,to support the Grantee's project Just Futures Law
2020,263753801,Foundation to Promote Open Society,Immigrant Legal Resource Center,,1458 Howard St,,San Francisco,CA,,94103,200000,"to support the Grantee's Immigration Justice Network, a leading voice against criminalization of immigrants in the United States"
2020,263753801,Foundation to Promote Open Society,Immigrant Legal Resource Center,,1458 Howard St,,San Francisco,CA,,94103,350000,"to encourage naturalization among eligible immigrants, assist them with the process, and mobilize their civic participation"
2020,263753801,Foundation to Promote Open Society,Immigrant Legal Resource Center,,1458 Howard St,,San Francisco,CA,,94103,100000,to support the Grantee's Immigration Justice Network Project and public charge projects
2020,263753801,Foundation to Promote Open Society,Impact Charitable,,1536 Wynkoop St Suite 223,,Denver,CO,,80202,400000,to support the Grantee's work in advocating for unemployment insurance benefits to workers excluded from federal relief in the state of Colorado in the wake of Covid-19
2020,263753801,Foundation to Promote Open Society,ImpactAssets Inc,,7315 Wisconsin AvenueSuite 1000W,,Bethesda,MD,,20814,300000,"to support the New Media Ventures Innovation Fund, a project of the Grantee that provides early funding to non-profit entrepreneurs working on building infrastructure for social change"
2020,263753801,Foundation to Promote Open Society,Inclusion International,,KD203 University of East London,,London,,OC,E16 2RD,267500,to provide general support
2020,263753801,Foundation to Promote Open Society,Independent Medico-Legal Unit (IMLU),,69 Mokoyeti West Road Off Langata,,Nairobi,,KE,16035 - 00509,150000,"to enable the Grantee to continue promoting the prevention and accountability for torture, violence, and discrimination in Kenya"
2020,263753801,Foundation to Promote Open Society,Indian Country Grassroots Support,,913 N Orchard Ave,,Farmington,NM,,87401,10000,to support the Northern Dine COVID-19 Relief Effort in response to the growing outbreak of the COVID-19 virus on Navajo Nation
2020,263753801,Foundation to Promote Open Society,Indiana Recovery Alliance,,118 S Rogers St Suite 2,,Bloomington,IN,,47402,66000,to provide general support
2020,263753801,Foundation to Promote Open Society,INESC-Instituto de Estudos Socioeconomicos,,SCS Quadra 01 Bloco L17 Ed Marc,,Brasilia,,BR,CEP70307-900,100000,to provide general support
2020,263753801,Foundation to Promote Open Society,Innovation for Policy Foundation,,2nd Floor The AXIS 26 Bank Street,,Ebene,,MP,00000,50000,to provide general support
2020,263753801,Foundation to Promote Open Society,Innovation SL Ltd,,11 Bolling Street,,Freetown,,SL,00000,87600,to provide support to the City of Freetown's efforts to address the adverse drivers of irregular migration
2020,263753801,Foundation to Promote Open Society,Inquiring Systems Inc,,101 Brookwood Ave 204,,Santa Rosa,CA,,95404,10000,"to support Native Renewables, a project of the Grantee working to mitigate the spread of COVID-19 in the Navajo Nation"
2020,263753801,Foundation to Promote Open Society,Insan Association (Lebanon),,Adib Ishak StreetMaalouf Building,,Beirut,,LE,00000,95500,to provide paralegal support to refugees and vulnerable people in Beirut in order to improve legal aid and overcome obstacles of accessing justice
2020,263753801,Foundation to Promote Open Society,Insan Association (Lebanon),,Adib Ishak StreetMaalouf Building,,Beirut,,LE,00000,118333,"to advance the rights of migrant domestic workers in Lebanon, and migrants and refugees in the MENA region in general, through networking and exchange, advocacy, and direct service provision"
2020,263753801,Foundation to Promote Open Society,InSight Crime Inc,,4801 Massachusetts Ave NW,,Washington,DC,,20016,170000,to provide general support
2020,263753801,Foundation to Promote Open Society,Institut fr Europische Politik,,Bundesallee 23,,Berlin,,GM,D-10717,149531,to provide general support
2020,263753801,Foundation to Promote Open Society,Institut fur Rechtswissenschaft und Rechtspraxis,,Bodanstrasse 4,,St Gallen,,SZ,9000,25000,to support a mapping of public policy actors and institutions in the Arab region in order to fill an existing research gap in MENA
2020,263753801,Foundation to Promote Open Society,Institut Maghrebin pour le Developpement Durable,,7 bis Ghandi Street,,Tunis,,TS,1001,32500,to support meetings and exchange workshops among youth in Tunisia in order to develop their social accountability and social participation capacities
2020,263753801,Foundation to Promote Open Society,Institut Prometheus,,16 Rue New York Ocean,,Rabat,,MO,10040,50000,to support educational programs
2020,263753801,Foundation to Promote Open Society,Institute for Development of Freedom of Informatio,,3 Griboedov Street,,Tbilisi,,GG,0108,23333,"to continue running and further developing the academic certification program on anti-corruption studies during the 2020/2021 academic year on the platform of Ilia State University in Tbilisi, Georgia"
2020,263753801,Foundation to Promote Open Society,Institute for Economic Justice,,Third Floor62 Juta StreetBraamfonte,,Johannesburg,,SF,2001,75000,to support localization of the production of medical products in Africa to promote economic recovery and ensure equitable access
2020,263753801,Foundation to Promote Open Society,Institute for Economic Justice,,Third Floor62 Juta StreetBraamfonte,,Johannesburg,,SF,2001,30000,"to build a community of practice through research, convenings, and advocacy in South Africa around the intersection of economics and human rights so that this learning can be applied to countries beyond South Africa"
2020,263753801,Foundation to Promote Open Society,Institute for Human Sciences,,Spittelauer Lande 3,,Vienna,,AU,A-1090,1695000,to provide general support
2020,263753801,Foundation to Promote Open Society,Institute for Human Sciences,,Spittelauer Lande 3,,Vienna,,AU,A-1090,275000,to enhance the research capacity of scholars in South Asia who are working on issues of rights and justice for the victims of forced migration and to set up a Europe-South Asia platform of research and critical policy knowledge on refugee and migration issues
2020,263753801,Foundation to Promote Open Society,Institute for Human Sciences,,Spittelauer Lande 3,,Vienna,,AU,A-1090,61865,"to support the costs of a consultancy at the Grantee's Eurasia in Global Dialogue (EiGD) Program, which aims to help with EiGD's fellowship program, the Program's educational publications as well as with conference planning"
2020,263753801,Foundation to Promote Open Society,Institute for Local Self-Reliance,,1710 Connecticut Avenue NW 4th Fl,,Washington,DC,,20009,325000,to advance universal access to high-quality Internet and to work towards an economy that embodies democratic values
2020,263753801,Foundation to Promote Open Society,Institute for Middle East Understanding,,2913 El Camino Real Suite 436,,Tustin,CA,,92782,75000,"General support that enables IMEU to implement its strategy of providing Palestinian perspectives in the media by disseminating high quality information and expert resources to journalists and activists about the socio-economic, political, and cultural aspects of Palestine."
2020,263753801,Foundation to Promote Open Society,Institute for Multi-Stakeholder Initiative Integri,,82 Wendell Avenue Suite 100,,Pittsfield,MA,,01201,100000,to provide general support
2020,263753801,Foundation to Promote Open Society,Institute for Nonprofit News,,714 West Olympic Boulevard 931,,Los Angeles,CA,,90027,150000,to provide general support
2020,263753801,Foundation to Promote Open Society,Institute for Nonprofit News,,714 West Olympic Boulevard 931,,Los Angeles,CA,,90027,150000,to provide general support
2020,263753801,Foundation to Promote Open Society,Institute for Policy Studies (US),,1301 Connecticut Ave NW Suite 600,,Washington,DC,,20036,25000,"to provide support to rethink the national security narrative in the US in order to promote a more inclusive, just, and accountable national security framework in the US and globally"
2020,263753801,Foundation to Promote Open Society,Institute for Policy Studies (US),,1301 Connecticut Ave NW Suite 600,,Washington,DC,,20036,100000,"to develope deep, constructive relationships with key stakeholders in the U.S. South, particularly in Alabama, with the goal of helping to fulfill both the historic and contemporary aims of the labor and civil rights movements to expand economic and educational opportunities for workers of color"
2020,263753801,Foundation to Promote Open Society,Institute for Policy Studies (US),,1301 Connecticut Ave NW Suite 600,,Washington,DC,,20036,50000,"to undertake research and provide communications tools on the care economy to increase engagement among advocacy organizations, academics, and feminist economists on possible models for a just care economy in the USA"
2020,263753801,Foundation to Promote Open Society,Institute for Policy Studies (US),,1301 Connecticut Ave NW Suite 600,,Washington,DC,,20036,150000,"to support the Economic Hardship Reporting Project, a fiscally sponsored project of the grantee, to report on key racial and economic justice issues facing the US and the world today in order to change the national conversation around poverty and economic insecurity"
2020,263753801,Foundation to Promote Open Society,Institute for Security Studies Trust,,PO Box 1787Brooklyn Square,,Pretoria,,SF,0075,75000,"to support the Africa Network for International Criminal Justice, a fiscally sponsored project of the grantee, to enhance the knowledge and capacity of African civil society groups to engage in the ongoing International Criminal Court review process"
2020,263753801,Foundation to Promote Open Society,Institute for Security Studies Trust,,PO Box 1787Brooklyn Square,,Pretoria,,SF,0075,700000,"Building on two prior project support grants, to ensure governmental transparency, prevent corruption, and strengthen the rule of law in South Africa by enhancing the National Prosecuting Authority's institutional effectiveness generally through continued provision of necessary technical support and, specifically, by helping to build the capacity of the Strategic and Innovations Unit in the office of the National Directorate of Public Prosecutions."
2020,263753801,Foundation to Promote Open Society,Institute for Social Policy and Understanding,,1110 Vermont Ave NW5th Floor,,Washington,DC,,20005,50000,to provide general support
2020,263753801,Foundation to Promote Open Society,Institute for Strategic Dialogue,,Attn Scott Aubry1000 Jackson Stree,,Toledo,OH,,43604,75198,to support the Grantee's work on tracking of anti-migrant disinformation related to the refugee situation in Greece and around COVID-19 as a means to counter extremist mobilization
2020,263753801,Foundation to Promote Open Society,Institute for Strategy and Policy Myanmar,,Room1003 10th Fl Wayzayantar Con,,Yangon,,BM,11071,65000,"to support an emerging policy fellowship program, the grantee's desk initiative, which includes research and dissemination on the peace process, and English translation of COVID articles and interviews"
2020,263753801,Foundation to Promote Open Society,Institute for Women's Policy Research,,1200 18th Street NW Suite 301,,Washington,DC,,20036,103000,to provide general support
2020,263753801,Foundation to Promote Open Society,Institute in Defense of the Right to Defense (IDDD,,Avenida Liberdade 65 - Conj 1101,,Sao Paulo,,BR,CEP: 01503-000,20000,to create a Center for the Analysis of Liberty-LAUT in Brazil in order to hold political power accountable through the production and dissemination of knowledge on civil liberties
2020,263753801,Foundation to Promote Open Society,Institute in Defense of the Right to Defense (IDDD,,Avenida Liberdade 65 - Conj 1101,,Sao Paulo,,BR,CEP: 01503-000,99000,to provide general support
2020,263753801,Foundation to Promote Open Society,Institute of African Studies,,Anne Jiagge RoadUniversity of Ghana,,Legon,,GH,00000,382500,to develop social and economic policy alternatives that will enable gender equitable structural transformation in Africa
2020,263753801,Foundation to Promote Open Society,Institute of Afrofuturist Ecology,,636 Rudd Pond Road,,Millerton,NY,,12546,100000,to provide general support
2020,263753801,Foundation to Promote Open Society,Institute of International Education Inc,,One World Trade Center 36th floor,,New York,NY,,10007,219640,to create and manage a Middle East and North Africa Travel Learning Fund as well as a MENA Convening Fund
2020,263753801,Foundation to Promote Open Society,Institute of International Education Inc,,One World Trade Center 36th floor,,New York,NY,,10007,232000,"to allow the Institute of International Education (IIE) to create and manage a travel and learning fund for Latin American individuals and organizations to participate in convenings, exchanges, and travel"
2020,263753801,Foundation to Promote Open Society,Institute of International Education Inc,,One World Trade Center 36th floor,,New York,NY,,10007,100000,"to support a human rights travel and learning fund for individuals and organizations to participate in convenings, exchanges, and travel"
2020,263753801,Foundation to Promote Open Society,Institute of International Education Inc,,One World Trade Center 36th floor,,New York,NY,,10007,370500,"to create a travel and learning fund (the ""Fund"") that will provide support for individuals and organizations to participate in educational convenings, exchanges, and travel, and will support attendance at international and regional professional educational programs in the Middle East and North African region in order to enhance programmatic and professional capacities in the region"
2020,263753801,Foundation to Promote Open Society,Institute of the Black World 21st Century Inc,,31-35 95th Street,,East Elmhurst,NY,,11369,80000,to provide general support
2020,263753801,Foundation to Promote Open Society,Instituto Alziras,,Rua Senador Vergueiro 05,,Rio de Janeiro,,BR,22230000,30000,to support a series of seminars and debates as well as the establishment of a national coalition meant to promote women's representation in public leadership and decision-making processes in Brazil
2020,263753801,Foundation to Promote Open Society,Instituto Centro de Vida,,Rua Estevao de Mendonca1770,,Cuiaba,,BR,78043-405,75000,"to support a series of studies and communications on deforestation practices in order to protect the forests in Mato Grosso, Brazil"
2020,263753801,Foundation to Promote Open Society,Instituto Cidade Democratica,,Rua Tonelero 1254,,Sao Paulo,,BR,05056001,230000,to support the Grantee's work on data science tools for organizations in defense of democracy and human rights
2020,263753801,Foundation to Promote Open Society,Instituto Cidade Segura,,Rua Paulino Teixeira 242/1202,,Porto Alegre,,BR,90420160,120000,to support advocacy and technical assistance to implement evidence-based policies and programs to reduce crime and prevent violence
2020,263753801,Foundation to Promote Open Society,Instituto Clima e Sociedade,,Rua General Dionisio 14Humaita,,Rio de Janeiro,,BR,22271050,700000,to provide general support
2020,263753801,Foundation to Promote Open Society,Instituto de Defensa Legal (IDL),,Av Pardo y Aliaga N 268-272 San Is,,Lima,,PE,27,305000,to provide general support
2020,263753801,Foundation to Promote Open Society,Instituto de Defensa Legal (IDL),,Av Pardo y Aliaga N 268-272 San Is,,Lima,,PE,27,80000,"to support IDL-Reporteros and REPI (Red Estructurada de Periodismo de Investigacion), a network that connects and optimizes the investigative work of journalists in Latin America"
2020,263753801,Foundation to Promote Open Society,Instituto de Justicia Procesal Penal,,Ameyalco 30 col Del Valle Del,,Mexico City,,MX,CP 03100,20000,"to support the Grantee's COVID-related responses, including through education, training and research, with specific focus on persons deprived of liberty in Mexico"
2020,263753801,Foundation to Promote Open Society,Instituto De Machos A Hombres,,Rio Po 57,,Cuauhtemoc,,MX,06500,91000,to promote dialogue and exchange of ideas among men working around toxic masculinities in civil society in Mexico
2020,263753801,Foundation to Promote Open Society,Instituto del Tercer Mundo,,Avenida 18 de Julio 2095/301,,Montevideo,,UY,11200,25000,"to support Social Watch in convening an international group of progressive civil society leaders, thinkers, and activists to develop an agenda for progressive multilateralism"
2020,263753801,Foundation to Promote Open Society,Instituto do Homem e Meio Ambiente da Amazonia - I,,Trav Dom Romualdo de Seixas 1698 1,,Belem,,BR,66055200,130000,to provide general support
2020,263753801,Foundation to Promote Open Society,Instituto Lab,,221 E Indianola Ave,,Phoenix,AZ,,85012,100000,"to support the Monzon Fellows program, expand Encuentros programming, and conduct outreach to Native American communities"
2020,263753801,Foundation to Promote Open Society,Instituto Liderazgo Simone de Beauvoir,,Tabasco 68 Roma Norte Cuauhtemoc,,Mexico City,,MX,06700,75000,to provide general support
2020,263753801,Foundation to Promote Open Society,Instituto Nueva Escuela Inc,,PO Box 23087,,San Juan,,RQ,00931-3087,30000,to provide general support
2020,263753801,Foundation to Promote Open Society,Instituto Nupef - Ncleo de Pesquisas Estudos e F,,Rua Sorocaba 219/501 - Botafogo,,Rio de Janeiro,,BR,22271-110,65000,to provide general support
2020,263753801,Foundation to Promote Open Society,Instituto para las Mujeres en la Migracion,,Ave Mexico No 188Colonia del Carm,,Delegacion Coyoacn,,MX,04100,96000,to provide general support
2020,263753801,Foundation to Promote Open Society,Instituto Procomum,,Rua Simao Alvares 784 Casa 04,,Sao Paulo,,BR,05417-030,190000,to provide general support
2020,263753801,Foundation to Promote Open Society,Instituto Sincronicidade Para a Interacao Social -,,Rua Scipiao 506 Vila Romana,,Sao Paulo,,BR,05047-060,100000,"to support the Grantee's fiscally sponsored program, Free School of Harm Reduction, to help consolidate it as a center for the promotion of the health and rights of people who use drugs in Brazil"
2020,263753801,Foundation to Promote Open Society,Instituto Sincronicidade Para a Interacao Social -,,Rua Scipiao 506 Vila Romana,,Sao Paulo,,BR,05047-060,100000,"to support a communications initiative that will counter disinformation regarding the COVID-19 crisis in Brazil, in order to better inform the public"
2020,263753801,Foundation to Promote Open Society,Instituto Sincronicidade Para a Interacao Social -,,Rua Scipiao 506 Vila Romana,,Sao Paulo,,BR,05047-060,53000,to support Obervatorio Feminista's analysis of black people's participation in politics in Brazil in order to advance their participation in Democratic processes
2020,263753801,Foundation to Promote Open Society,Instituto Sincronicidade Para a Interacao Social -,,Rua Scipiao 506 Vila Romana,,Sao Paulo,,BR,05047-060,35000,to support the Grantee's Advocacy HUB which will educate Brazilian CSOs about advocacy
2020,263753801,Foundation to Promote Open Society,Instituto Sou da Paz,,Rua Cardeal Arcoverde 359 13 anda,,Sao Paulo,,BR,05407-000,40000,"to develop an integrated gun control policy aimed at reducing homicides in Esprito Santo, Brazil"
2020,263753801,Foundation to Promote Open Society,Instituto Terra Trabalho e Cidadania (ITTC),,R Marques de Itu 298 - Vila Buarq,,Sao Paulo,,BR,01223-000,61000,to provide general support
2020,263753801,Foundation to Promote Open Society,Instituto Update,,R Arapiraca 228,,Sao Paulo,,BR,05443?020,25000,to support a compilation of recommendations for democratic practice
2020,263753801,Foundation to Promote Open Society,Instituto Update,,R Arapiraca 228,,Sao Paulo,,BR,05443?020,75000,to support increasing civic participation and promoting democracy in Latin America
2020,263753801,Foundation to Promote Open Society,Instituto Update,,R Arapiraca 228,,Sao Paulo,,BR,05443?020,90000,to expand democratic training among underprivileged groups in Latin America
2020,263753801,Foundation to Promote Open Society,Instituto Vladimir Herzog,,Avenida Brigadeiro Faria Lima 1853,,Sao Paulo,,BR,00000,75000,to conduct activities and produce materials to educate the public - specifically in the evangelical community in Brazil - on the values underpinning human rights
2020,263753801,Foundation to Promote Open Society,Inter-American Dialogue,,1155 15th St NW Suite 800,,Washington,DC,,20005,75000,to support Grantee's research on U.S. policy on Central America
2020,263753801,Foundation to Promote Open Society,Inter-American Dialogue,,1155 15th St NW Suite 800,,Washington,DC,,20005,50000,to support activities to be carried out by the Venezuela Working Group (VWG)
2020,263753801,Foundation to Promote Open Society,Interfaith Center on Corporate Responsibility,,475 Riverside DriveSuite 1842,,New York,NY,,10115,125000,"to expand the Investor Alliance for Human Rights, which is housed at the Grantee, and to encourage greater uptake of human rights due diligence by publicly traded companies, mainstream investors, and public sector bodies"
2020,263753801,Foundation to Promote Open Society,International Accountability Project,,195 Plymouth Street,,Brooklyn,NY,,11201,30000,to support the grantee's work in enabling communities and civil society's participation in the design and implementation of development projects in Southeast Asia
2020,263753801,Foundation to Promote Open Society,International Accountability Project,,195 Plymouth Street,,Brooklyn,NY,,11201,35000,to support community participation in the design and implementation of development projects affecting communities in Eurasia Region
2020,263753801,Foundation to Promote Open Society,International Association for Hospice and Palliati,,5535 Memorial Drive Suite F-509,,Houston,TX,,77007,100000,to provide general support
2020,263753801,Foundation to Promote Open Society,International Association for Hospice and Palliati,,5535 Memorial Drive Suite F-509,,Houston,TX,,77007,34500,to support the advocacy efforts of a leading global palliative care organization as it seeks to support and strengthen national-level advocates and engage in work to promote access to controlled medicines for pain relief
2020,263753801,Foundation to Promote Open Society,International Center for Not-for-Profit Law Inc,,1126 16th Street NW Suite 400,,Washington,DC,,20036,300000,"to identify, improve and inform state practice on the use of emergency powers through tracking and analyzing, and working towards strengthened human rights standards governing the use of emergency measures and practices in response to the current Covid-19 pandemic"
2020,263753801,Foundation to Promote Open Society,International Center for Not-for-Profit Law Inc,,1126 16th Street NW Suite 400,,Washington,DC,,20036,125000,to increase the resilience of civil society organizations in the Central Asia region through legal assistance and training
2020,263753801,Foundation to Promote Open Society,International Center for Not-for-Profit Law Inc,,1126 16th Street NW Suite 400,,Washington,DC,,20036,125000,to support policy analysis and education on protecting civic space in the United States
2020,263753801,Foundation to Promote Open Society,International Center for Not-for-Profit Law Inc,,1126 16th Street NW Suite 400,,Washington,DC,,20036,20000,"to take ownership and update FOAA Online, a web-based legal database designed to assist lawyers and judges involved in litigation to protect civic space by providing information about the meaning of the rights to freedom of assembly and association (FoAA) in practice"
2020,263753801,Foundation to Promote Open Society,International Center for Not-for-Profit Law Inc,,1126 16th Street NW Suite 400,,Washington,DC,,20036,275000,to provide general support
2020,263753801,Foundation to Promote Open Society,International Centre for Policy Advocacy gGmbH,,Gottschedstr 4,,Berlin,,GM,13357,97455,to strengthen the capacities of local NGOs to positively influence the public discourse on civil society in Kazakhstan
2020,263753801,Foundation to Promote Open Society,International Commission of Jurists,,33 rue des Bains PO Box 1211,,Geneva,,SZ,1211,200000,to provide general support
2020,263753801,Foundation to Promote Open Society,International Commission of Jurists,,33 rue des Bains PO Box 1211,,Geneva,,SZ,1211,125000,"to support grantee's work which aims to promote and protect human rights through the rule of law, by using legal expertise to develop and strengthen national and international justice system in the context of Special Economic Zones and investment frameworks in Southeast Asia"
2020,263753801,Foundation to Promote Open Society,International Committee on the Rights of Sex Worke,,Patrick VignalAvenue Minerve Boite,,Belguim,,BE,1190,145000,to address and combat racism within the European sex workers' rights movement
2020,263753801,Foundation to Promote Open Society,International Committee on the Rights of Sex Worke,,Patrick VignalAvenue Minerve Boite,,Belguim,,BE,1190,35000,to support the organization's response to the impact of COVID in Europe
2020,263753801,Foundation to Promote Open Society,International Consortium of Investigative Journali,,1710 Rhode Island Ave NW 11th floo,,Washington DC,DC,,20036,25000,"to support the Global Environmental Reporting Collective, a fiscally sponsored project of the grantee, to amplify global collaborative environmental reporting"
2020,263753801,Foundation to Promote Open Society,International Consortium of Investigative Journali,,1710 Rhode Island Ave NW 11th floo,,Washington DC,DC,,20036,500000,to provide general support
2020,263753801,Foundation to Promote Open Society,International Council of Voluntary Agencies,,26-28 Avenue Giuseppe Motta,,Geneva,,SZ,1202,216328,to support the Grantee's forced displacement program focused on empowering NGOs to improve the effectiveness of refugees response programming
2020,263753801,Foundation to Promote Open Society,International Crisis Group (Washington Office),,1629 K Street NW Room 450,,Washington,DC,,20006,200000,to support advocacy efforts on the Venezuelan crisis at the EU and in European capitals
2020,263753801,Foundation to Promote Open Society,International Crisis Group (Washington Office),,1629 K Street NW Room 450,,Washington,DC,,20006,3500000,to support grantee's charitable operations
2020,263753801,Foundation to Promote Open Society,International Crisis Group (Washington Office),,1629 K Street NW Room 450,,Washington,DC,,20006,125000,to provide general support
2020,263753801,Foundation to Promote Open Society,International Detention Coalition,,The Hub Level 2 696 Bourke St,,Melbourne,,AS,3000,150000,to provide general support to the International Detention Coalition
2020,263753801,Foundation to Promote Open Society,International Development Economics Associates,,34 St Georges ManorMandelbrote Dr,,Oxford,,OC,OX4 4TN,150000,to provide general support
2020,263753801,Foundation to Promote Open Society,International Disability Alliance,,150 Route de Ferney PO Box 2100,,Geneve,,SZ,CH-1211,165000,to provide general support
2020,263753801,Foundation to Promote Open Society,International Documentary Association,,3600 Wilshire Blvd Suite 1810,,Los Angeles,CA,,90010,20000,to support the creation of documentary films that educate the public about civic participation
2020,263753801,Foundation to Promote Open Society,International Domestic Workers Federation- Swiss,,c/o IUFRampe du Pont-Rouge 8,,PetitLancy,,SZ,1213,550000,to provide general support
2020,263753801,Foundation to Promote Open Society,International Domestic Workers Federation- Swiss,,c/o IUFRampe du Pont-Rouge 8,,PetitLancy,,SZ,1213,314500,to support the Grantee and its affiliates in Latin America and the Caribbean to mitigate the impact of Covid-19 on domestic workers
2020,263753801,Foundation to Promote Open Society,International Drug Policy Consortium,,1st Floor 61 Mansell Street,,London,,OC,E1 8AN,71000,to provide general support
2020,263753801,Foundation to Promote Open Society,International Foundation for Electoral Systems,,2011 Crystal Drive10th Floor,,Arlington,VA,,22202,100000,to provide general support
2020,263753801,Foundation to Promote Open Society,International Labor Rights Forum,,1634 I Street NW Suite 1000,,Washington,DC,,20006,400000,to provide general support
2020,263753801,Foundation to Promote Open Society,International Labor Rights Forum,,1634 I Street NW Suite 1000,,Washington,DC,,20006,50000,to support labor and human rights defenders and their grassroots partners in organizing vulnerable workers in specific supply chains in Latin America and Asia
2020,263753801,Foundation to Promote Open Society,International Labor Rights Forum,,1634 I Street NW Suite 1000,,Washington,DC,,20006,150000,to support the Cotton Campaign in its efforts to end the use of systemic state-sponsored forced labor in cotton production
2020,263753801,Foundation to Promote Open Society,International Labour Organization,,Route des Morillons 4 1202,,Geneve,,SZ,00000,114750,"to support the work of the National Directorate of Economy, Equality, and Gender (DNEIyG), which aims to promote workerswomen's rights, encourage decent employment opportunities, enhance social protection, and strengthen social dialogue on work-related issues"
2020,263753801,Foundation to Promote Open Society,International Lesbian Gay Bisexual Trans and In,,rue du Trone 60,,Brussels,,BE,B-1050,190000,to provide general support
2020,263753801,Foundation to Promote Open Society,International Lesbian Gay Bisexual Trans and In,,rue du Trone 60,,Brussels,,BE,B-1050,395000,to provide general support
2020,263753801,Foundation to Promote Open Society,International Mayan League-USA Inc,,1201 K ST NW,,Washington,DC,,20005,25000,to build institutional capacity to carry out the Grantee's charitable mission
2020,263753801,Foundation to Promote Open Society,International Media Support (IMS),,Norregade 18 2nd floor,,Copenhagen,,DA,DK-1165,70000,to support the Grantee to promote information democracy
2020,263753801,Foundation to Promote Open Society,International Media Support (IMS),,Norregade 18 2nd floor,,Copenhagen,,DA,DK-1165,250000,to provide emergency support to the independent media sector in the Arab region in light of the COVID-19 pandemic
2020,263753801,Foundation to Promote Open Society,International Media Support (IMS),,Norregade 18 2nd floor,,Copenhagen,,DA,DK-1165,495000,to support the independent media sector in the Arab region through strategic support to digital front-runners and promising start-up media organizations
2020,263753801,Foundation to Promote Open Society,International Partnership for Human Rights (IPHR),,Rue Belliard 205,,Brussels,,BE,1040,12500,to provide free legal aid and training seminars for vulnerable women in Eurasia
2020,263753801,Foundation to Promote Open Society,International Partnership for Human Rights (IPHR),,Rue Belliard 205,,Brussels,,BE,1040,265000,to provide general support for IPHR's human rights work in the Eurasia region
2020,263753801,Foundation to Promote Open Society,International Planned Parenthood Federation Europe,,55 Rue Royale,,Brussels,,BE,1000,300000,to support sexual and reproductive rights work in Europe
2020,263753801,Foundation to Promote Open Society,International Planned Parenthood Federation Wester,,125 Maiden Lane 9th Floor,,New York,NY,,10038,160000,to support the grantee's work to protect and expand reproductive rights and access to comprehensive health services amidst the COVID19 pandemic
2020,263753801,Foundation to Promote Open Society,International Refugee Assistance Project,,One Battery Park Plaza 4th Floor,,New York,NY,,10004,312500,to protect and expand refugee rights
2020,263753801,Foundation to Promote Open Society,International Refugee Rights Initiative,,1483 York Ave Unit 20463,,New York,NY,,10021,95000,to support research and policy recommendations on measures and policies that the African Union should take in response to COVID-19 for African migrants
2020,263753801,Foundation to Promote Open Society,International Rescue Committee Inc,,122 East 42nd Street 12th Floor,,New York,NY,,10168,150000,to support INEE's COVID-19 response using its global standing and network of practitioners to protect the right to education and disseminate successful practices in real time where information is most needed
2020,263753801,Foundation to Promote Open Society,International Rescue Committee Inc,,122 East 42nd Street 12th Floor,,New York,NY,,10168,475000,to help policymakers and humanitarian practitioners improve outcomes related to refugees' financial and economic well-being
2020,263753801,Foundation to Promote Open Society,International Senior Lawyers Project,,110 W 40th Street Suite 700,,New York,NY,,10018,200000,to provide general support
2020,263753801,Foundation to Promote Open Society,International Senior Lawyers Project,,110 W 40th Street Suite 700,,New York,NY,,10018,200000,to provide general support
2020,263753801,Foundation to Promote Open Society,International Step by Step Association,,Child Rights HomeHooglandse Kerkgra,,Leiden,,NL,2312 HS,333333,"to provide core support funding for the International Step by Step Association (ISSA), an OSF spin-off organization that represents part of the legacy of the Step by Step program"
2020,263753801,Foundation to Promote Open Society,International Trade Union Confederation,,Bld du Roi Albert II 5,,Brussels,,BE,1210,1900000,"to support the work of unions in their work to support recovery from COVID19, alleviate poverty, and quality job creation for low income and working class workers while reducing emissions in developing countries"
2020,263753801,Foundation to Promote Open Society,International Trade Union Confederation,,Bld du Roi Albert II 5,,Brussels,,BE,1210,300000,"to support the Grantee's work to strengthen women's leadership in the labor movement, and to enable trade union engagement in important processes related to migrant worker rights and climate change."
2020,263753801,Foundation to Promote Open Society,International Transport Workers' Federation,,49-60 Borough Road London,,London,,OC,SE1 1DR,200000,"to further educational purposes by supporting a just transition in the transport sector through conduct of research, production of resources to implement just transition plans, including online platforms, case studies, educational materials and policy agendas, and training of leaders and activists, in each case to support a just transition that seeks to reduce emissions, improve material conditions of transportation workers, and democratize public services and urban planning"
2020,263753801,Foundation to Promote Open Society,International Treatment Preparedness Coalition,,104 Oxford Road Houghton EstateRos,,Johannesburg,,SF,2196,300000,to support the Grantee in ensuring that people living in low and middle-income countries are able to access affordable essential medicines and to advocate for people living with HIV to access basic monitoring tools such as routine viral load testing
2020,263753801,Foundation to Promote Open Society,International Women's Health Coalition Inc,,333 Seventh Avenue 6th Floor,,New York,NY,,10001,450000,To provide general support to a leading organization in the field of women's rights and sexual and reproductive rights
2020,263753801,Foundation to Promote Open Society,International Women's Rights Action Watch Asia-Pac,,10-2 Jalan Bangsar Utama 9,,Kuala Lumpur,,MY,59000,100000,to provide organizational support to the International Women's Rights Action Watch - Asia Pacific
2020,263753801,Foundation to Promote Open Society,Internazionale,,Via Volturno 58,,Roma,,IT,00185,83333,to support charitable and educational activities of Monitoring Media Approach to Armed Drones and Stimulating Public Debate
2020,263753801,Foundation to Promote Open Society,Internet Confrerie Stichting,,Van Beuningenplein 103,,Amsterdam,,NL,1051VT,299557,to support the organization providing means to exercise the right to freedom of expression for those at risk
2020,263753801,Foundation to Promote Open Society,Internews Europe,,43-51 New N Rd Hoxton,,London,,OC,N1 6LU,77238,"to support Internews to pilot a new approach to digital safety analysis and technological support to its partners at scale, draft reporting on digital security issues, and investigate new models for stronger collaboration between civil society and funders on open source technology investments and innovation"
2020,263753801,Foundation to Promote Open Society,Intersecta Organizacion para la Igualdad AC,,Orizaba 154 Oficina 207 Col Roma,,Mexico City,,MX,06700,55000,"to increase social awareness and generate spaces for learning, exchange, and encounters, and to mobilize the strength of Mexican feminism in favor of building peace in the country"
2020,263753801,Foundation to Promote Open Society,Intersection of Change,,1947 Pennsylvania Ave,,Baltimore,MD,,21217,25000,"to provide transitional services to women, in response to the challenges presented by COVID-19"
2020,263753801,Foundation to Promote Open Society,Intersection of Change,,1947 Pennsylvania Ave,,Baltimore,MD,,21217,15000,"to provide support to Youth in Business to deliver responsive financial, job stabilization and or emergency services to unemployed and underemployed residents in the Baltimore community impacted by COVID-19"
2020,263753801,Foundation to Promote Open Society,Inumeraveis,,Rua Scipiao 506,,Sao Paulo,,BR,05047-060,100000,to support the construction of a virtual memorial which will highlight the stories of Covid-19 victims in Brazil
2020,263753801,Foundation to Promote Open Society,Investigate Europe gemeinntzige SCE mbH,,Glogauer Str 21,,Berlin,,GM,10999,140000,to provide general support
2020,263753801,Foundation to Promote Open Society,Investigative Reporting Project Italy,,Viale Giulio Cesare 92,,Roma,,IT,00192,57500,to provide general support
2020,263753801,Foundation to Promote Open Society,Iowa Citizens for Community Improvement,,2001 Forest Avenue,,Des Moines,IA,,50311,200000,to provide general support
2020,263753801,Foundation to Promote Open Society,IPAS,,PO Box 9990,,Chapel Hill,NC,,27515,25000,to provide general support
2020,263753801,Foundation to Promote Open Society,IPAS,,PO Box 9990,,Chapel Hill,NC,,27515,300000,"to support research and analysis on women's rights, sexual and reproductive rights and LGBTQ rights"
2020,263753801,Foundation to Promote Open Society,Ir Amim,,9 Herechavim street,,Jerusalem,,IS,94581,70000,to provide general support
2020,263753801,Foundation to Promote Open Society,IRIS - Integrated Refugee & Immigrant Services,,235 Nicoll St,,New Haven,CT,,06511,25019,"to increase the number of resettlement agencies, local-level community-based organizations, and American volunteers engaged in the community sponsorship of refugees in the United States"
2020,263753801,Foundation to Promote Open Society,Irish Family Planning Association,,Solomons House42a Pearse Street,,Dublin,,EI,2,100000,to provide general support
2020,263753801,Foundation to Promote Open Society,Islamic Society of North America Inc,,6555 South County Road 750 East,,Plainfield,IN,,46168,100000,"to renew support for the Grantee's Shoulder-to-Shoulder Campaign, a national multi-faith coalition dedicated to engaging faith communities to combat anti-Muslim sentiment"
2020,263753801,Foundation to Promote Open Society,IT for Change,,1224 37C Avenue,,Edmonton,,CA,T6T0E5,400000,to provide general support
2020,263753801,Foundation to Promote Open Society,IT for Change,,1224 37C Avenue,,Edmonton,,CA,T6T0E5,74549,to provide general support
2020,263753801,Foundation to Promote Open Society,IZ Verein zur Forderung von Vielfalt Dialog und,,Lilienbrunngasse 18/2/58,,Vienna,,AU,1020,100000,to support IZ while they continue to support civic engagement and community development in challenging environments
2020,263753801,Foundation to Promote Open Society,Jaime Arteaga & Asociados SAS,,Calle 26B 4A - 45 Piso 7 Torre,,Bogota,,CO,110311,50000,"to produce a report to be shared with government, civil society, and other groups on the scale and impact of land dispossession and forced displacement in Colombia"
2020,263753801,Foundation to Promote Open Society,Jamaicans for Justice (JFJ),,2 Fagan AvenueGrants Pen,,Kingston,,JM,00000,290000,to provide general support
2020,263753801,Foundation to Promote Open Society,Jamaicans for Justice (JFJ),,2 Fagan AvenueGrants Pen,,Kingston,,JM,00000,48337,"to reduce the occurrence of extrajudicial executions by police in Jamaica through litigation, public campaigning and research on legal strategy"
2020,263753801,Foundation to Promote Open Society,JET Education Services,,6 Blackwood AvenueParktown,,Johannesburg,,SF,00000,20000,to identify evidence-based solutions to the COVID-19 pandemic for the education sector in Southern Africa countries
2020,263753801,Foundation to Promote Open Society,Jews United for Justice Inc,,1100 H St NW Suite 630,,Washington,DC,,20005,50000,to support grassroots organizing and education efforts to bring about race equity and restorative justice reforms in Baltimore and Maryland
2020,263753801,Foundation to Promote Open Society,Jinsiangu,,No 32 Acacia Drive Mt View Esta,,Nairobi,,KE,00200,25000,"to improve the healthcare situation of the Kenyan marginalised community, and to improve the legal and social situation of the marginalised"
2020,263753801,Foundation to Promote Open Society,Job Opportunities Task Force Inc,,201 N Charles StreetSuite 2404,,Baltimore,MD,,21201,20000,to facilitate the distribution of financial assistance to Baltimore City residents who are struggling to meet basic food and household needs due to COVID-19
2020,263753801,Foundation to Promote Open Society,Job Opportunities Task Force Inc,,201 N Charles StreetSuite 2404,,Baltimore,MD,,21201,100000,to provide general support
2020,263753801,Foundation to Promote Open Society,Job Opportunities Task Force Inc,,201 N Charles StreetSuite 2404,,Baltimore,MD,,21201,50000,to engage in public education efforts to highlight and then reduce the criminalization of poverty in Baltimore and Maryland
2020,263753801,Foundation to Promote Open Society,Jobs with Justice Education Fund,,1616 P Street NW Suite 150,,Washington DC,DC,,20036,120000,"to provide emergency support to Global Labor Justice, an initiative of the grantee, to respond to the needs of vulnerable supply chain workers in the context of COVID-19"
2020,263753801,Foundation to Promote Open Society,Jobs with Justice Education Fund,,1616 P Street NW Suite 150,,Washington DC,DC,,20036,20000,to support the Grantee's work on the 2020 National Conference Global Leaders Engagement
2020,263753801,Foundation to Promote Open Society,Johns Hopkins University,,Research Project Administration W-,,Baltimore,MD,,21218,40000,to continue to conduct a comprehensive study on the impact and policy implications of sanctions on Iran
2020,263753801,Foundation to Promote Open Society,Johns Hopkins University,,Research Project Administration W-,,Baltimore,MD,,21218,100000,to conduct a comprehensive study on the impact and policy implications of sanctions as a common foreign policy tool
2020,263753801,Foundation to Promote Open Society,Journalism Development Network,,1220 L St NW Ste 100 497,,Washington,DC,,20005,40000,"to support the Grantee's international investigative work focused on cross-border and regional exposs of corruption and organized crime and its links to political figures by hiring a consultant to identify and implement improved financial planning infrastructure, systems, process and practices"
2020,263753801,Foundation to Promote Open Society,Journalism Development Network,,1220 L St NW Ste 100 497,,Washington,DC,,20005,600000,to strengthen OCCRP's cross-border investigative reporting and to increase OCCRP's wider impact
2020,263753801,Foundation to Promote Open Society,JTMX Justicia Transicional en Mexico,,Cordoba 8,,Cuahtemoc,,MX,06700,85000,to support the development of a transitional justice observatory in Mexico
2020,263753801,Foundation to Promote Open Society,Judicial Reform Foundation,,Fl7 No3 Lane 90 Song-Chiang Rd,,Taipei,,TW,10456,240085,to provide general support
2020,263753801,Foundation to Promote Open Society,Judson Memorial Church,,239 Thompson St,,New York,NY,,10012,50000,to create a network of houses of worship and cultural centers across New York City that will provide sanctuary to social justice organizers and activists
2020,263753801,Foundation to Promote Open Society,Judson Memorial Church,,239 Thompson St,,New York,NY,,10012,150000,to mobilize clergy and people of faith nationally and in states in support of compassionate approaches to drug use and an end to the racist war on drugs
2020,263753801,Foundation to Promote Open Society,Just Associates Inc,,2040 S Street NW Third Floor,,Washington,DC,,20009,100000,to provide general support
2020,263753801,Foundation to Promote Open Society,JustFix Inc,,150 Court St2nd Floor,,Brooklyn,NY,,11201,100000,to provide general support
2020,263753801,Foundation to Promote Open Society,Justica Global,,Av Beira Mar 406/1207,,Rio de Janeiro,,BR,20021-900,34000,"to support a South-South exchange for victims' movements from Brazil, Mexico, Colombia and another country"
2020,263753801,Foundation to Promote Open Society,Justica Global,,Av Beira Mar 406/1207,,Rio de Janeiro,,BR,20021-900,40000,to provide general support
2020,263753801,Foundation to Promote Open Society,Justice and Recovery Advocates Inc,,PO BOX 386,,Thurmont,MD,,21788,30000,"to provide support to Maryland Prisoners' Rights Coalition, a fiscally-sponsored project of the Grantee, in order to expand its capacity to advocate for improved conditions of confinement, especially in the era of COVID-19"
2020,263753801,Foundation to Promote Open Society,Justice Center for Legal Aid,,37 Al-Lud Street Jabal Al-Hussein,,Amman,,JO,11184,300000,to support access to justice through grassroots legal and administrative assistance provided by community facilitators and legal consultants
2020,263753801,Foundation to Promote Open Society,Justice Policy Institute,,1012 14th Street NW Suite 600,,Washington,DC,,20005,125000,to provide general support
2020,263753801,Foundation to Promote Open Society,Justice Policy Institute,,1012 14th Street NW Suite 600,,Washington,DC,,20005,100000,to provide strategic communications support to help shape and advance recommendations on how to reduce the arrest and incarceration of marginalized communities
2020,263753801,Foundation to Promote Open Society,Justice Policy Institute,,1012 14th Street NW Suite 600,,Washington,DC,,20005,300000,to provide general support
2020,263753801,Foundation to Promote Open Society,Justice Revival,,5425 Connecticut Ave NW 512,,Washington,DC,,20015,3000,to provide general support
2020,263753801,Foundation to Promote Open Society,Justice Without Borders,,4615 Sedgwick Street NW,,Washington DC,WA,,20016,150000,to provide general support
2020,263753801,Foundation to Promote Open Society,JustLeadershipUSA,,2616 Morrow Pl,,Cincinnati,OH,,45204,125000,to provide general support
2020,263753801,Foundation to Promote Open Society,Juvenile Justice Advocates International (JJAI),,2905 E Rum River Dr S,,Cambridge,MN,,55008,25000,to provide general support
2020,263753801,Foundation to Promote Open Society,Kachin Baptist Convention,,No135 Shanzu South,,Myitkyina,,BM,00000,24000,to support the grantee's work on early child childhood development through meetings and trainings and to conduct a sustainability plan for the Early Childhood Care and Development program
2020,263753801,Foundation to Promote Open Society,Kachin Women's Association Thailand (KWAT),,PO Box 415,,Chiang Mai,,TH,50000,28148,to support the local ethnic health system strengthening by coordinating a network of local health organizations
2020,263753801,Foundation to Promote Open Society,Kantarawaddy Times,,Pyidaungsu Road Nyaung Kai Ngwe T,,Demawso,,BM,09021,27000,"to educate the general public and policymakers in Myanmar and encourage public discourse relating to the challenges of Myanmar's democratic transition by publishing a bi-monthly newspaper, digital media, and podcast with in-depth, independent news reporting"
2020,263753801,Foundation to Promote Open Society,Karen Teacher Working Group,,1 Moo 1 T Mae Kong,,Mae Sariang,,TH,58110,60000,to support the Karen education system which ensures inclusive education intervention for children from Karen State
2020,263753801,Foundation to Promote Open Society,Karen Teacher Working Group,,1 Moo 1 T Mae Kong,,Mae Sariang,,TH,58110,50000,To support education services for children from Karen State
2020,263753801,Foundation to Promote Open Society,Karuna Mission Social Solidarity- Hakha,,No 1194 Agape Road Zaythit Ward,,Hakha,,BM,00000,50000,to support the integral development of quality early childhood care and development services inthetargeted area in Chin State
2020,263753801,Foundation to Promote Open Society,Karuna Mission Social Solidarity- Hakha,,No 1194 Agape Road Zaythit Ward,,Hakha,,BM,00000,25000,"to provide early childhood development services through parenting education and toy making training for children, parents, and community members"
2020,263753801,Foundation to Promote Open Society,Kayan-Feminist Organization,,118 Arlozorov Street,,Haifa,,IS,33276,112500,to provide general support
2020,263753801,Foundation to Promote Open Society,Kayan-Feminist Organization,,118 Arlozorov Street,,Haifa,,IS,33276,25000,to support raising public awareness on combating domestic violence in the COVID-19 context
2020,263753801,Foundation to Promote Open Society,Kayan-Feminist Organization,,118 Arlozorov Street,,Haifa,,IS,33276,25000,to support legal and social analysis on the phenomenon of femicide in the community of Palestinian Citizens of Israel (PCI)
2020,263753801,Foundation to Promote Open Society,Keeping Alive Societies Hope,,Maseno University Retirement Bene,,Kisumu,,KE,00000,150000,to leverage legal empowerment with law enforcement for key populations during and after the COVID-19 pandemic
2020,263753801,Foundation to Promote Open Society,Kentucky Coalition Inc,,PO Box 1450,,London,KY,,407431450,50000,to provide general support
2020,263753801,Foundation to Promote Open Society,Kenya Hospices and Palliative Care Association (KE,,Suite 2-2 Top Plaza Kindaruma Roa,,Kilimani Nairobi,,KE,00202,91667,to provide general support for the grantee's charitable activities
2020,263753801,Foundation to Promote Open Society,Kenya Human Rights Commission,,Gitanga Road opp Valley Arcade Sho,,Nairobi,,KE,00100,50128,to mobilize and convene civil society organizations within East and Horn of Africa towards a public campaign that supports the African human rights mechanisms to assert their institutional and functional independence
2020,263753801,Foundation to Promote Open Society,Kenya Human Rights Commission,,Gitanga Road opp Valley Arcade Sho,,Nairobi,,KE,00100,230000,to enable the Grantee to continue undertaking human rights and democracy work under the themes of electoral governance and accountability; defending civic space and democratic freedoms; citizenship; policy leadership and; rapid response to emerging human rights issues
2020,263753801,Foundation to Promote Open Society,Kibo no Tane Kikin,,3 Chome-4-3 Hongo Bunkyo Ward,,Tokyo,,JA,1130033,24646,"to support training of next generation leaders for sustainable movement building in the areas of racial equality, gender equality, and justice for sexual violence survivors"
2020,263753801,Foundation to Promote Open Society,Kids in Need of Defense (KIND),,1201 L Street NW 2nd Floor,,Washington,DC,,20005,15000,to support the grantee's polling on immigration
2020,263753801,Foundation to Promote Open Society,Kilometro 0,,206 Tetuan Suite 800,,San Juan,PR,,009362289,25000,to support the Grantee in their monitoring of police/federal agents' abuse and use of force post earthquakes in Puerto Rico
2020,263753801,Foundation to Promote Open Society,Kilometro 0,,206 Tetuan Suite 800,,San Juan,PR,,009362289,20000,to provide general support
2020,263753801,Foundation to Promote Open Society,King Baudouin Foundation United States Inc,,10 Rockefeller Plaza 16th Floor,,New York,NY,,10020,125500,"to support The Wellbeing Project in supporting a holistic understanding and practice of well-being for social change makers, with a special attention to women, feminists, and women's rights advocates"
2020,263753801,Foundation to Promote Open Society,Knowledge Ecology International,,1621 Connecticut Avenue NW Suite 5,,Washington,DC,,20009,150000,to provide general support
2020,263753801,Foundation to Promote Open Society,Kofi Annan Foundation,,9 -11 rue de Varembe,,Geneva,,SZ,1202,750000,to provide general support
2020,263753801,Foundation to Promote Open Society,Korean American Family Service Center,,PO Box 541429,,Flushing,NY,,11354,25000,to provide general support
2020,263753801,Foundation to Promote Open Society,Kosovo Foundation for Open Society,,Rr Imzot Nike Prela Vila 13,,Pristina,,KV,10000,1500000,to support Grantee's emergency response project that will expand COVID-19 testing capacities at public health institutions in Kosovo
2020,263753801,Foundation to Promote Open Society,Kosovo Foundation for Open Society,,Rr Imzot Nike Prela Vila 13,,Pristina,,KV,10000,503162,to provide general support
2020,263753801,Foundation to Promote Open Society,Kosovo Foundation for Open Society,,Rr Imzot Nike Prela Vila 13,,Pristina,,KV,10000,1782000,to provide general support
2020,263753801,Foundation to Promote Open Society,KQED Inc,,2601 Mariposa,,San Francisco,CA,,941101400,75000,to support public education on the database of the recently-released disciplinary records of California's law enforcement
2020,263753801,Foundation to Promote Open Society,Kumudra Social Life Support Association,,15/17 1st Floor Sabae Street Saw,,Yangon,,BM,00000,20000,to support grantee work on promotion of LGBT rights
2020,263753801,Foundation to Promote Open Society,Laboratory for Analyzing Violence of the Rio de Ja,,Rua Sao Francisco Xavier 524 9 an,,Rio de Janeiro,,BR,20550-900,85380,to support a second edition of the 'Monitor of Use of Lethal Force' to be conducted in 8 countries of Latin America and the Caribbean
2020,263753801,Foundation to Promote Open Society,Lambda Legal Defense and Education Fund Inc,,120 Wall Street 19th Floor,,New York,NY,,100053919,175000,to provide general support
2020,263753801,Foundation to Promote Open Society,Land Defense Coalition,,Hanini Building 2nd floor Haifa S,,Ramallah,,OC,00000,50000,to support training and other efforts to build resilience and leadership in marginalized Palestinian communities
2020,263753801,Foundation to Promote Open Society,L'Art Rue,,09 rue Bach Hamba,,Medina de Tunis,,TS,01009,75000,to provide general support
2020,263753801,Foundation to Promote Open Society,Latin American Network for Economic and Social Rig,,Jr Mariscal Miller 2622,,Lince,,PE,00000,100000,to support the grantee's work in confronting the urgent fiscal challenges of Latin American countries and the development of new approaches to debt crisis recovery and the prevention of future crises
2020,263753801,Foundation to Promote Open Society,Latin American Youth Center Inc,,1419 Columbia Road NW,,Washington,DC,,20009,75000,"to provide direct support to low-income youth and families, particularly undocumented immigrants, through rental and food assistance during the COVID-19 crisis"
2020,263753801,Foundation to Promote Open Society,Law Enforcement Action Partnership,,121 Mystic Avenue Suites 7-9,,Medford,MA,,02155,150000,to provide general support
2020,263753801,Foundation to Promote Open Society,Lawyers' Committee for Civil Rights Under Law,,1500 K Street NW9th Floor,,Washington,DC,,20005,950000,to support legal and public education strategies to check the outsized influence of police unions
2020,263753801,Foundation to Promote Open Society,Lawyers' Committee for Cultural Heritage Preservat,,2600 Virginia Ave NW Suite 1000,,Washington,DC,,20037,12500,to support Grantee's Cultural Heritage Restitution research and education project
2020,263753801,Foundation to Promote Open Society,Le Centre d'art de Port-au-Prince,,58 rue Roy,,Port au Prince,,HA,00000,86000,to explore methods for developing an independent Caribbean Culture Fund
2020,263753801,Foundation to Promote Open Society,Leadership Conference Education Fund Inc,,1620 L Street NW Suite 1100,,Washington,DC,,20036,125000,to enable participation of civil society organisations in the UN International Decade for People of African Descent and to leverage it as a mechanism to combat discrimination faced by PAD communities globally
2020,263753801,Foundation to Promote Open Society,Leadership Conference Education Fund Inc,,1620 L Street NW Suite 1100,,Washington,DC,,20036,112500,"to build on the momentum of the UN International Decade for People of African Descent (IDPAD) and to use it a mechanism to combat discrimination faced people of African Descent in Europe, the United States and around the globe"
2020,263753801,Foundation to Promote Open Society,Leadership Conference Education Fund Inc,,1620 L Street NW Suite 1100,,Washington,DC,,20036,115000,to provide general support
2020,263753801,Foundation to Promote Open Society,Lebanese Association of History,,3rd floor Bellevue BuildingAin Al,,Beirut,,LE,00000,50000,to support critical thinking and methodologies of historical inquiry in the teaching of history in the MENA region
2020,263753801,Foundation to Promote Open Society,Lebanese Center for Human Rights (CLDH),,Bakhos Center 7th Floor St Joseph,,Beirut,,LE,00000,142500,"to protect the rights of vulnerable people, victims of torture, and victims of Beirut's port blast by providing legal support and re-integration services"
2020,263753801,Foundation to Promote Open Society,Legal Action Center of the City of New York Inc,,225 Varick Street 4th Floor,,New York,NY,,10014,195000,to provide program support to the Black Harm Reduction Network programming
2020,263753801,Foundation to Promote Open Society,Legal Action Center of the City of New York Inc,,225 Varick Street 4th Floor,,New York,NY,,10014,450000,to provide general support
2020,263753801,Foundation to Promote Open Society,Legal Agenda (Al Mufakkira al-Qannuniya),,Beni Kanaan Street Joseph Moawad B,,Beirut,,LE,NA,75000,to support a disaster management analysis in response to the crises in Lebanon resulting from the Beirut explosion as well as Covid-19
2020,263753801,Foundation to Promote Open Society,Legal Agenda (Al Mufakkira al-Qannuniya),,Beni Kanaan Street Joseph Moawad B,,Beirut,,LE,NA,153333,to provide general support
2020,263753801,Foundation to Promote Open Society,Legal Aid and Consultancy Center,,GPO Box - 3216 Man Bhavan Lalitp,,Kathmandu,,NP,00000,20000,to support the Grantee's work on legal aid and community justice
2020,263753801,Foundation to Promote Open Society,Legal Aid Bureau Inc,,500 East Lexington Street,,Baltimore,MD,,21202,40000,to provide civil legal services to returning citizens in response to the challenges presented by COVID-19
2020,263753801,Foundation to Promote Open Society,Lenfest Institute for Journalism LLC,,801 Market StreetSuite 300,,Philadelphia,PA,,19107,200000,to support the CrossCheck project to counter the threats that information disorder poses to safe and informed democratic societies
2020,263753801,Foundation to Promote Open Society,Light of Truth Center Inc,,2233 Orleans St,,Baltimore,MD,,21231,50000,"to provide support to Maryland Peer Advisory Council, a fiscally sponsored project of the Grantee, to identify and train new peer support specialists to become advocates for drug policy reform"
2020,263753801,Foundation to Promote Open Society,Link Education,,C/O HW Associates Chartered Account,,Scotland,,UK,00000,40530,to address the information technology challenges that were surfaced and/or exacerbated in the wake of the COVID-19 pandemic and to promote inclusion through addressing unconscious bias
2020,263753801,Foundation to Promote Open Society,Living Classrooms Foundation,,802 South Caroline Street,,Baltimore,MD,,21231,20000,to provide support to Project SERVE to increase its capacity to serve more people returning home and seeking stable employment due to COVID-19
2020,263753801,Foundation to Promote Open Society,LKC Global (M) Sdn Bhd (Lawyer Kamek for Change),,No 21 1st Floor Maong Bazaar 3rd,,Sarawak,,MY,00000,50000,"to support litigation, research, training and education on the rights of indigenous communities"
2020,263753801,Foundation to Promote Open Society,Loi Yang Bum Community Development,,No Aung Tha Byay Saint Patrick,,Moe Nyin,,BM,00000,12000,to improve understanding of the principles of peace and social cohesion among ethnic minorities
2020,263753801,Foundation to Promote Open Society,London School of Economics and Political Science,,Houghton Street,,London,,OC,WC2A 2AE,64419,"to support the Grantee to research and engage with European civil society on EU reform and transformation in order to help inform a new shared narrative with a greater focus on democratization, social justice, sustainability, peace, and human rights"
2020,263753801,Foundation to Promote Open Society,London School of Economics and Political Science,,Houghton Street,,London,,OC,WC2A 2AE,98472,to develop an economic framework and decision-making tool that can be used by governments to inform resource allocation in the areas of integrated perinatal mental health and early child development
2020,263753801,Foundation to Promote Open Society,Los Angeles LGBT Center,,1625 North Schrader Boulevard,,Los Angeles,CA,,900286213,150000,to provide general support
2020,263753801,Foundation to Promote Open Society,Lost World Productions Limited,,The White House 140a Tachbrook Str,,London,,OC,SW1V 2NE,50000,to support information and public education through community radio
2020,263753801,Foundation to Promote Open Society,Madhesh Human Rights Home (Mahuri-Home),,Kapilvastu Municipality-3 Red Cros,,Taulihawa,,NP,12,18500,to strengthen the networks to advocate for increased accountability of local stakeholders towards promotion and protection of human rights of marginalized communities
2020,263753801,Foundation to Promote Open Society,MADRE Inc,,121 West 27th Street Suite 604,,New York,NY,,10001,200000,to provide general support
2020,263753801,Foundation to Promote Open Society,Mae Tao Clinic,,702 Moo1 Tha Sai Luat Mae SotTa,,Mae sot,,TH,63110,75000,to support effectively and efficiently building decentralized health systems in multiple ethnic areas of Eastern Myanmar
2020,263753801,Foundation to Promote Open Society,Magnum Cultural Foundation,,59 East 4th Street 7W,,New York,NY,,10003,81000,to provide general support
2020,263753801,Foundation to Promote Open Society,Magnum Cultural Foundation,,59 East 4th Street 7W,,New York,NY,,10003,88000,to support the Grantee's educational work with photographers from the Middle East and North Africa in their Photography and Social Justice program
2020,263753801,Foundation to Promote Open Society,Maine Access Points,,18 Glengarden St,,Portland,ME,,04103,100000,to provide general support
2020,263753801,Foundation to Promote Open Society,Maine Center for Economic Policy,,PO Box 437,,Augusta,ME,,04332,40350,to research the economic and social costs of punitive drug policies in Maine and produce a report with comparison to alternative drug policy models
2020,263753801,Foundation to Promote Open Society,Maine People's Resource Center,,565 Congress Street 200,,Portland,ME,,04101,50000,"to support the Belonging Agenda, an grassroots organizing and narrative change effort to move Mainers perspectives on drug use and addiction"
2020,263753801,Foundation to Promote Open Society,Majority Action,,PO Box 4831,,Silver Spring,MD,,20914,250000,"to support shareholder advocacy strategies aimed at corporations in order to advance worker rights, racial justice, and pursue climate justice"
2020,263753801,Foundation to Promote Open Society,Makan Rights,,102 Westbourne Studios 242 Acklam,,London,,UK,W10 5JJ,102639,to support the Grantee's efforts to educate advocates through the lens of human rights in the UK
2020,263753801,Foundation to Promote Open Society,Makerere University,,Main CampusPO Box 7062,,Kampala,,UG,00000,70000,to assist the Grantee's Refugee Law Project to support refugee peer groups in addressing community needs in COVID-19 response
2020,263753801,Foundation to Promote Open Society,Mama Cash,,Eerste Helmersstraat 17-III1054 CX,,Amsterdam,,NL,1054,100000,to support to the Red Umbrella Fund
2020,263753801,Foundation to Promote Open Society,MariaLab,,Rua Miriam n 310 ap32CEP 0154710,,Sao Paulo,,BR,00000,55718,to support the education and development of feminist digital security and technology expertise within Brazil's social justice movement
2020,263753801,Foundation to Promote Open Society,Marian House Inc,,949 Gorsuch Avenue,,Baltimore,MD,,21218,25000,to provide general support
2020,263753801,Foundation to Promote Open Society,Markup News Inc,,900 BroadwaySuite 202,,New York,NY,,10003,150000,to expose the ways in which new technologies are exacerbating existing social inequities
2020,263753801,Foundation to Promote Open Society,Martin Chautari,,PO Box 13470 27 Jeet Jung Marg Th,,Katmandu,,NP,13470,66703,to support the work on deepening of democratic practice through research and informed public discussions
2020,263753801,Foundation to Promote Open Society,Maryland Citizens' Health Initiative Education Fun,,2600 St Paul Street,,Baltimore,MD,,21218,150000,to help implement the Prescription Drug Affordability Board law and work with advocates in other states to build coordinated momentum for continued state and federal policy action to make prescription drugs more affordable
2020,263753801,Foundation to Promote Open Society,Maryland Philanthropy Network,,1600 W 41st Street Suite 700,,Baltimore,MD,,21211,8250,to provide general support
2020,263753801,Foundation to Promote Open Society,Maryland Philanthropy Network,,1600 W 41st Street Suite 700,,Baltimore,MD,,21211,50000,"to provide support to Maryland Justice Project, a fiscally-sponsored project of Maryland Philanthropy Network, in order to expand its capacity to reduce mass incarceration in Maryland, especially in the era of COVID-19"
2020,263753801,Foundation to Promote Open Society,Maryland Volunteer Lawyers Service Inc,,201 N Charles Street Suite 1400,,Baltimore,MD,,21201,10000,"to upgrade an automated software program and database that is used by legal and social justice organizations, among others, to better serve their clients"
2020,263753801,Foundation to Promote Open Society,Mary's Center for Maternal and Child Care Inc,,2333 Ontario Road NW,,Washington,DC,,20009,45000,"to enhance Mary's Center's ability to deliver COVID-19 screenings to the immigrant communities they serve in Washington, DC and Prince Georges County"
2020,263753801,Foundation to Promote Open Society,Massachusetts Institute of Technology,,77 Massachusetts Avenue NE18-901,,Cambridge,MA,,02139,100000,to provide educational and technical support to Afro-Colombian leaders and community councils to develop narratives and advocate for a post-covid recovery agenda that supports the economic recovery of Afro-Colombian and Indigenous communities on the pacific coast
2020,263753801,Foundation to Promote Open Society,Mawazo Institute Nairobi,,Sarit Centre Ikigai Coworking Gen,,Nairobi,,KE,00000,125000,"to provide space for engagement for science and research in order to give voice to African thinkers, researchers, experts, and other practitioners advancing the social policy agenda and looking at new ways to achieve resilient economies"
2020,263753801,Foundation to Promote Open Society,Media Academy Nepal,,Dhangadhi-1,,Kailali,,NP,00000,15000,to support local media in their work to amplify the key issues and concerns created by Covid-19 through a situation analysis study and mentorship program
2020,263753801,Foundation to Promote Open Society,Media Development Investment Fund,,37 West 20th Street Suite 801,,New York,NY,,10011,1400000,to provide operating support for the Media Development Investment Fund
2020,263753801,Foundation to Promote Open Society,Media Development Investment Fund,,37 West 20th Street Suite 801,,New York,NY,,10011,1000000,to provide general support
2020,263753801,Foundation to Promote Open Society,Media Institute of the Caribbean,,C/o Suite 20234 Annette Crescent,,Kingston,,JM,00000,250000,"to support the Grantee's work to monitor and evaluate the use of financial resources in response to Covid19 in the Caribbean to ensure that make sure there is no corruption, abuse of funding, or delayed responses"
2020,263753801,Foundation to Promote Open Society,MediaNet International Centre for Journalism,,Temiriazev Street 15B Office 10,,Almaty,,KZ,00000,70000,"to instill in the Kazakhstan media audience the skills of critical thinking, logical perception of information and the ability to verify information received"
2020,263753801,Foundation to Promote Open Society,Men and Families Center Inc,,2222 Jefferson Street,,Baltimore,MD,,21205,10000,to provide general support
2020,263753801,Foundation to Promote Open Society,Mental Health Association of Maryland,,1301York Road 505,,Lutherville,MD,,21093,100000,"to build an alliance among key payers, providers, regulatory and consumer organizations to advance insurance policy and practice reforms for the purpose of improving access to effective mental health and substance use treatment for Marylanders"
2020,263753801,Foundation to Promote Open Society,Metro IAF Inc,,164th Street,,Jamaica,NY,,11207,200000,to reform the way the police respond to those suffering from a mental health crisis and provide alternatives for support
2020,263753801,Foundation to Promote Open Society,Mexican American Legal Defense and Educational Fun,,634 South Spring Street 1100,,Los Angeles,CA,,90014,100000,to provide general support
2020,263753801,Foundation to Promote Open Society,Mexican American Legal Defense and Educational Fun,,634 South Spring Street 1100,,Los Angeles,CA,,90014,250000,to provide general support
2020,263753801,Foundation to Promote Open Society,Mexican American Legal Defense and Educational Fun,,634 South Spring Street 1100,,Los Angeles,CA,,90014,150000,to provide general support
2020,263753801,Foundation to Promote Open Society,Mexicanos contra la corrupcion y la impunidad (MCC,,Acueducto Rio Hondo No 28 Col L,,Alcaldia Miguel Hidalgo CP Ciudad,,MX,11000,49100,to educate civil society with an easily accessible guide that analyzes the Mexican government's COVID-19 pandemic decrees and identifies potential issues of unconstitutionality and possible human rights violations; and to address priority issues created by the decrees
2020,263753801,Foundation to Promote Open Society,Mexico Evalua Centro de Analisis de Politicas Publ,,Jaime Balmes No 11 Piso 2 Torre,,Mexico City,,MX,11510,270000,to provide general support
2020,263753801,Foundation to Promote Open Society,Miami Valley Fair Housing Center Inc,,505 Riverside Drive,,Dayton,OH,,45405,50000,to provide general support
2020,263753801,Foundation to Promote Open Society,Michigan State University,,Hanna Administration Bldg 426 Audi,,East Lansing,MI,,488242600,50000,"to support the development of Humanities Commons, a project of Michigan State University, which allows scholars to openly share their scholarship"
2020,263753801,Foundation to Promote Open Society,Middle East Children's Alliance,,1101 Eighth Street 100,,Berkeley,CA,,94710,400000,"to support artistic, cultural, and agricultural projects that will incentivize civic engagement and generate local development solutions which will advance education and promote social welfare in communities across Palestine"
2020,263753801,Foundation to Promote Open Society,Middle East Policy Network,,POB 9613,,Washington DC,DC,,20016,200000,to provide general support
2020,263753801,Foundation to Promote Open Society,Migrant Forum in Asia (MFA),,25 Matiyaga Street Central Distric,,Quezon City,,RP,1100,150000,"to uphold the rights of migrant workers during the COVID-19 pandemic by building the capacity of the Grantee's members to engage with representatives at local, national, regional, and global levels"
2020,263753801,Foundation to Promote Open Society,Migrant Health Center Western Region Inc,,491 South Ramon E Betances Street,,Mayaguez,,RQ,00681,50000,to provide salary support to the Grantee for their efforts to serve the most vulnerable communities impacted by the ongoing earthquakes in Puerto Rico
2020,263753801,Foundation to Promote Open Society,Migrants Organise Ltd,,2 Thorpe Close,,London,,OC,W10 5XL,74700,to support the Grantee's emergency COVID response
2020,263753801,Foundation to Promote Open Society,Migration Policy Group (MPG),,205 Rue Belliard Box 1,,Brussels,,BE,B-1040,54880,to support work with migrant and refugee leaders in the Transatlantic Migrant Democracy Dialogue (TMDD) for 2020/21
2020,263753801,Foundation to Promote Open Society,Migration Policy Group (MPG),,205 Rue Belliard Box 1,,Brussels,,BE,B-1040,24991,to support charitable and educational activities of Organisational support to MPG 2017-2020
2020,263753801,Foundation to Promote Open Society,Migration Policy Institute,,1400 16th Street NW Suite 300,,Washington,DC,,200362257,100000,"to support expert research and analysis on pathways to entry and residence, protection regimes, and integration in Latin America"
2020,263753801,Foundation to Promote Open Society,Milynali Red Cfc AC,,Calle Constitucion 112,,Tamuin,,MX,00000,25000,to create a strategy and action plan for strengthening and better coordinating citizen-led searches for those that have disappeared in Mexico
2020,263753801,Foundation to Promote Open Society,Minassa,,Bsalim Street No 2 Majzoob Build,,Beirut,,LE,00000,37500,to provide the Lebanese public with a simplified guide dedicated to understanding the Lebanese financial and debt crisis
2020,263753801,Foundation to Promote Open Society,Ministry of Social Welfare Relief and Resettlement,,Office no23 Nay Pyi Taw,,Nay Pyi Taw,,BM,00000,700000,"to support the Department of Rehabilitation's construction of a Drug Rehabilitation Training Center, which aims to alleviate burdens on government by improving the socio- economic conditions of drug addicts through rehabilitation and education and skills training to former drug users"
2020,263753801,Foundation to Promote Open Society,MinKwon Center for Community Action,,13619 41st Ave 3,,Flushing,NY,,11355,50000,"to support and scale the Youth Empowerment Program, which trains youth leaders to lead and coordinate non-partisan voter education"
2020,263753801,Foundation to Promote Open Society,MinKwon Center for Community Action,,13619 41st Ave 3,,Flushing,NY,,11355,40000,to provide general support
2020,263753801,Foundation to Promote Open Society,Mira Filmes,,Rua Piaui 1164,,Sao Paulo,,BR,01241-001,50000,"to produce and distribute Entretanto, a podcast series focused on the legal and economic impacts of the COVID-19 pandemic"
2020,263753801,Foundation to Promote Open Society,Mnemonic,,Bosestr 23,,Berlin,,GM,12103,100000,to support work on preserving and analyzing digital documentation of human rights violations in the MENA region
2020,263753801,Foundation to Promote Open Society,Mobilisation Lab,,c/o WeWork 1440 G ST NW,,Washington,DC,,20005,200000,"to support the Grantee's digital trainings and technical assistance designed to build power with non-profit civil society organizations that are advancing equity, peace, and sustainability"
2020,263753801,Foundation to Promote Open Society,Monastic Education Development Group (MEDG),,Phaung Daw Oo Monastic Education Hi,,Mandalay,,BM,100101,50000,to support online learning platform initiative which empowers the capacity building of teachers and school principals in the monastic education sector
2020,263753801,Foundation to Promote Open Society,Mongabay Org Corporation,,37 West Summit Drive Emerald Hills,,Redwood City,CA,,94062,56773,"to build transparency and accountability within trans-national natural resource industries by improving access to information through collaborative cross-border investigative journalism, especially in contexts where corruption stifles freedom of expression"
2020,263753801,Foundation to Promote Open Society,Mophradat,,Rue de labattoir 4,,Brussels,,BE,1000,100000,to provide general support
2020,263753801,Foundation to Promote Open Society,More in Common,,175 Varick Street,,New York,NY,,10014,750000,to provide general support
2020,263753801,Foundation to Promote Open Society,Morgan State University Foundation Inc,,1700 East Cold Spring Lane New Com,,Baltimore,MD,,21251,25000,to promote greater diversity in the news industry and meaningful coverage of historically marginalized communities
2020,263753801,Foundation to Promote Open Society,Morras Help Morras,,Plateros 221,,Aguascalientes,,MX,20050,20000,to explore new feminist narratives meant to support the emancipation of women in the peripheries in Mexico
2020,263753801,Foundation to Promote Open Society,Motu Economic and Public Policy Research Trust,,Level 1 97 Cuba StreetPO Box 24390,,Wellington,,NZ,6142,75000,"to support the continued production of reliable data on the human rights performance of states across rights, countries and time"
2020,263753801,Foundation to Promote Open Society,Movement Alliance Project,,4534 Baltimore Avenue,,Philadelphia,PA,,19143,100000,to provide general support
2020,263753801,Foundation to Promote Open Society,Movement for Justice in El Barrio,,232 East 11th St,,New York,NY,,10003,30000,to provide general support
2020,263753801,Foundation to Promote Open Society,Muckrock Foundation Incorporated,,411A Highland Ave,,Somerville,MA,,02144,100000,"to support the Center for Collaborative Investigative Journalism, a fiscally sponsored project of the grantee, to increase transparency and accountability of corporations and governments around the world"
2020,263753801,Foundation to Promote Open Society,Mukti Nepal,,Lahan -8,,Lahan,,NP,Siraha,17000,"to strengthen local justice institutions to enhance women's access to justice in Siraha, Nepal"
2020,263753801,Foundation to Promote Open Society,Municipality of the Capital City of Budapest,,H-1052 Budapest Varoshaz u 9-11,,Budapest,,HU,00000,1540000,to provide support for the testing of healthcare and persons at high risk in the City of Budapest
2020,263753801,Foundation to Promote Open Society,Musawah Global Vision Berhad,,15 Jalan Limau PurutBangsar Park,,Kuala Lumpur,,MY,59000,175000,to provide general support
2020,263753801,Foundation to Promote Open Society,Myanmar Baptist Convention,,143 Minyeekyawzwa Road,,Lanmadaw Township,,BM,00000,50000,to support expanding quality Early Childhood Development (ECD) services and parenting education while building peace
2020,263753801,Foundation to Promote Open Society,Myit Phya Aya Natural and Heritage Organization (M,,Duk Htang Ward Putao town Kachin,,Putao,,BM,00000,10000,"to empower indigenous communities through civic education, protect the loss of minority indigenous people's ancestral lands, and preserve the environment and natural resources in Putao areas"
2020,263753801,Foundation to Promote Open Society,Myitkyina News Journal,,RoomH1 Arka Tic Tarn Aya Quarter,,Myitkyina,,BM,00000,30000,"to educate the general public and policymakers in Myanmar and encourage public discourse relating to the challenges of Myanmar's democratic transition by publishing a bi-monthly newspaper and digital media with in-depth, independent news reporting"
2020,263753801,Foundation to Promote Open Society,NAACP Empowerment Programs Inc,,4805 Mt Hope Drive,,Baltimore,MD,,212153297,500000,to support non-partisan civic engagement
2020,263753801,Foundation to Promote Open Society,NAACP Legal Defense and Educational Fund Inc,,40 Rector Street 5th Floor,,New York,NY,,10006,100000,"to enable the Grantee to complete the formal arrest diversion process so fewer students are caught in the school-to-prison pipeline and to work to ensure equitable educational services for Baltimore students during the COVID-19 pandemic, including closing the digital divide"
2020,263753801,Foundation to Promote Open Society,NAACP Legal Defense and Educational Fund Inc,,40 Rector Street 5th Floor,,New York,NY,,10006,5000000,to provide general support
2020,263753801,Foundation to Promote Open Society,NAACP Legal Defense and Educational Fund Inc,,40 Rector Street 5th Floor,,New York,NY,,10006,500000,to provide general support
2020,263753801,Foundation to Promote Open Society,Nadace Open Society Fund Praha,,Prokopova 197/ 9,,Prague,,EZ,130 00,50000,to support strengthening the capacities of OSF Prague to promote open society values in line with its programmatic priorities in the coming two years as it starts to engage in administering the Active Citizens Fund
2020,263753801,Foundation to Promote Open Society,Namati Inc,,1616 P Street NWSuite 101,,Washington,DC,,20036,3200000,to provide general support match and network support to Namati's organizational activities in line with the Namati Strategic Plan 2018-2022.
2020,263753801,Foundation to Promote Open Society,NARAL Pro Choice Maryland Fund Inc,,1323 N Calvert Street Suite A,,Baltimore,MD,,21202,24000,to provide support to assist pregnant incarcerated individuals in response to the challenges presented by COVID-19
2020,263753801,Foundation to Promote Open Society,National Advocates for Pregnant Women,,575 8TH AVENUE FL 7N,,New York,NY,,10018,100000,to provide general support
2020,263753801,Foundation to Promote Open Society,National Association of Displaced Afro-Colombians,,Calle 17 No 10-11 Piso 3,,Bogota DC,,CO,00000,110000,to provide general support
2020,263753801,Foundation to Promote Open Society,National Association of Latino Elected and Appoint,,1122 West Washington Boulevard 3rd,,Los Angeles,CA,,90015,400000,to support non-partisan civic engagement
2020,263753801,Foundation to Promote Open Society,National Association of Latino Elected and Appoint,,1122 West Washington Boulevard 3rd,,Los Angeles,CA,,90015,200000,to ensure the Latino community is accurately counted in the 2020 census
2020,263753801,Foundation to Promote Open Society,National Association of Latino Elected and Appoint,,1122 West Washington Boulevard 3rd,,Los Angeles,CA,,90015,175000,to provide general support
2020,263753801,Foundation to Promote Open Society,National Campaign for Sustainable Development-Nepa,,Dhulikhel Municipality-7 Kavre,,Kavre,,NP,00000,17250,to support community justice through the implementation of Sustainable Development Goal 16 at the local level
2020,263753801,Foundation to Promote Open Society,National Center for State Courts,,300 Newport Avenue,,Williamsburg,VA,,23185,100000,to advance meaningful access to justice for all
2020,263753801,Foundation to Promote Open Society,National College Players Association,,6709 Borges Street,,Eastvale,CA,,92880,250000,to engage with college athletes across the country pursuing racial justice in college sports and in society
2020,263753801,Foundation to Promote Open Society,National Conference on Citizenship,,1920 L Street NW Suite 450,,Washington,DC,,20036,75000,"to enable Baltimore Votes, a fiscally sponsored project of the Grantee, to ensure widespread participation for 2020 elections in Maryland, particularly among marginalized communities in Baltimore City, in light of challenges presented by the COVID-19 pandemic"
2020,263753801,Foundation to Promote Open Society,National Conference on Citizenship,,1920 L Street NW Suite 450,,Washington,DC,,20036,259050,"to support an effort to reestablish U.S. global leadership in refugee protection by developing a detailed policy implementation roadmap to rebuild the US Refugee Admissions Program (USRAP), increase refugee admissions multifold, and strengthen US humanitarian diplomacy and action in refugee resettlement."
2020,263753801,Foundation to Promote Open Society,National Council for Civil Liberties,,26-30 Strutton Ground,,London,,UK,SW1P 2HR,80000,to provide general support
2020,263753801,Foundation to Promote Open Society,National Council for Incarcerated and Formerly Inc,,42 Seaverns Avenue,,Boston,MA,,02130,100000,to provide general support
2020,263753801,Foundation to Promote Open Society,National Council for Incarcerated and Formerly Inc,,42 Seaverns Avenue,,Boston,MA,,02130,175000,"to develop an international network of formerly incarcerated women, elevating their voices in international fora and developing joint strategies"
2020,263753801,Foundation to Promote Open Society,National Council of Jewish Women,,2055 L Street NW Suite 650,,Washington,DC,,20036,200000,to educate the public on the importance of the federal judiciary
2020,263753801,Foundation to Promote Open Society,National Day Laborer Organizing Network,,1030 S Arroyo Pkwy Ste 105,,Pasadena,CA,,91105,200000,"to advance justice for migrant workers across the Central America, Mexico, U.S. migrant corridor"
2020,263753801,Foundation to Promote Open Society,National Democratic Institute for International Af,,455 Massachusetts Avenue NW 8th Fl,,Washington,DC,,200012621,40000,to support a training workshop meant to promote citizen participation in democracy
2020,263753801,Foundation to Promote Open Society,National Democratic Institute for International Af,,455 Massachusetts Avenue NW 8th Fl,,Washington,DC,,200012621,700000,"to support grantee's work in northern triangle, which aims to promote openness and accountability in government by building civic organizations, safeguarding elections, and promoting citizen participation"
2020,263753801,Foundation to Promote Open Society,National Domestic Workers Alliance Inc,,45 Broadway Suite 320,,New York,NY,,10006,2700000,to support NDWA Labs' internal capacity to scale and implement its emergency cash assistance and benefits products in order to increase access to portable benefits to domestic and vulnerable workers in the informal economy
2020,263753801,Foundation to Promote Open Society,National Domestic Workers Alliance Inc,,45 Broadway Suite 320,,New York,NY,,10006,2000000,"to support the Grantee's Coronavirus Care Fund, which is providing emergency assistance to qualifying domestic workers experiencing financial hardship due to the COVID-19 pandemic"
2020,263753801,Foundation to Promote Open Society,National Fair Housing Alliance,,1331 Pennsylvania Avenue NW Suite,,Washington,DC,,20004,125000,to provide general support
2020,263753801,Foundation to Promote Open Society,National Geographic Society,,1145 17th Street NW,,Washington,DC,,20036,50000,"to support the COVID-19 Emergency Fund for Journalists, designed to provide immediate and global support to journalists who wish to cover COVID-19 within their own communities"
2020,263753801,Foundation to Promote Open Society,National Hispanic Media Coalition,,12825 Philadelphia St Suite C,,Whittier,CA,,90601,50000,to provide general support
2020,263753801,Foundation to Promote Open Society,National Immigration Forum Inc,,10 G Street NESuite 500,,Washington,DC,,20002,100000,to provide general support
2020,263753801,Foundation to Promote Open Society,National Immigration Law Center,,3435 Wilshire Boulevard Suite 1600,,Los Angeles,CA,,90010,25000,"to rethink the national security narrative in the US in order to promote a more inclusive, just, and accountable national security framework in the US and globally"
2020,263753801,Foundation to Promote Open Society,National Immigration Law Center,,3435 Wilshire Boulevard Suite 1600,,Los Angeles,CA,,90010,400500,"to support the Protecting Immigrant Families campaign, which promotes equitable treatment for low-income communities and immigrants"
2020,263753801,Foundation to Promote Open Society,National Immigration Law Center,,3435 Wilshire Boulevard Suite 1600,,Los Angeles,CA,,90010,150000,"to provide legal, policy, and narrative support to help key Emma Lazarus Campaign stakeholders structure cash assistance programs for immigrant workers affected by COVID-19, as well as to advance the Campaign's goal of building stakeholder engagement to support essential immigrant workers through narrative and communications strategies"
2020,263753801,Foundation to Promote Open Society,National Immigration Law Center,,3435 Wilshire Boulevard Suite 1600,,Los Angeles,CA,,90010,100000,to advance a universal right to counsel for immigrants
2020,263753801,Foundation to Promote Open Society,National Immigration Law Center,,3435 Wilshire Boulevard Suite 1600,,Los Angeles,CA,,90010,350000,to provide general support
2020,263753801,Foundation to Promote Open Society,National Immigration Law Center,,3435 Wilshire Boulevard Suite 1600,,Los Angeles,CA,,90010,250000,to provide general support
2020,263753801,Foundation to Promote Open Society,National Network of Abortion Funds,,PO Box 22457,,Philadelphia,PA,,19110,500000,to provide general support
2020,263753801,Foundation to Promote Open Society,National Pain Advocacy Center,,1949 Peal StreetSuite B,,Boulder,CO,,80302,25000,to support the Grantee's work on exploring alternative policies to pain management treatment
2020,263753801,Foundation to Promote Open Society,National Partnership for New Americans,,1805 S Ashland Ave,,Chicago,IL,,60608,150000,to support the Grantee's We Are All America Campaign in upholding the nation's commitment to protecting and welcoming refugees and asylum seekers
2020,263753801,Foundation to Promote Open Society,National Peace Council (NPC),,12/14 Balapokuna Vihara Mawatha,,Colombo,,CE,00000,14148,to support the Grantee to build capacity of civil society organizations and state actors on transitional justice models
2020,263753801,Foundation to Promote Open Society,National Reentry Network for Returning Citizens,,3227 Dubois Place SE,,Washington,DC,,20019,50000,to provide general support
2020,263753801,Foundation to Promote Open Society,National Religious Campaign Against Torture,,337 North Carolina Ave SE,,Washington,DC,,20003,150000,"to support the Grantee's work to end U.S.-sponsored torture and indefinite detention, and to promote transparency and restraint with respect to drone strikes"
2020,263753801,Foundation to Promote Open Society,National Security Archive Fund Inc,,Gelman Library 2130 H Street NW S,,Washington,DC,,20037,185000,to provide general support
2020,263753801,Foundation to Promote Open Society,National University of Ireland Galway,,University Road,,Galway,,EI,H91 C2D0,10000,"to support the Grantee's NUI Galway Centre for Housing Rights, Law and Policy to transfer, update, and disseminate the contents of the abusivelending.org website, whose goal is to compel European states to enforce human rights protections in abusive lending cases and expand regional and state protections for consumers through litigation, advocacy and community engagement"
2020,263753801,Foundation to Promote Open Society,National University of Ireland Galway,,University Road,,Galway,,EI,H91 C2D0,7696,to support charitable and educational activities of EU Governance and the Charter
2020,263753801,Foundation to Promote Open Society,National University of Ireland Maynooth,,Maynooth University Social Sciences,,Maynooth,,EI,0000,200000,to provide support for academic freedom advocacy and awareness-raising activities of Scholars at Risk (SAR) Europe
2020,263753801,Foundation to Promote Open Society,National Urban Indian Family Coalition,,4000 Aurora Ave N Suite 102,,Seattle,WA,,98103,200000,to provide general support
2020,263753801,Foundation to Promote Open Society,National Women's Health Network,,1413 K Street NW 4th Floor,,Washington,DC,,20005,150000,"to support Plan C, a fiscally sponsored project, in their reproductive health and rights work"
2020,263753801,Foundation to Promote Open Society,National Women's Law Center,,11 Dupont Circle NW Suite 800,,Washington,DC,,20036,250000,to provide general support
2020,263753801,Foundation to Promote Open Society,Native American Rights Fund,,1506 Broadway,,Boulder,CO,,803026296,250000,to support the Grantee's Native American Voting Rights Coalition to protect and expand the electorate
2020,263753801,Foundation to Promote Open Society,Natural Justice,,Mercantile Building 63 Hout Street,,Cape Town,,SF,8001,200000,"to support frontline and impacted communities and lawyers to build strategic climate litigation cases in South Africa, Kenya, Senegal, and Madagascar that will set precedent on mitigation and adaptation"
2020,263753801,Foundation to Promote Open Society,Natural Resource Governance Institute,,80 Broad Street Suite 1801,,New York,NY,,10004,4000000,to provide general support
2020,263753801,Foundation to Promote Open Society,NDN Collective Inc,,317 Main St 1,,Rapid City,SD,,57701,370000,to provide general support
2020,263753801,Foundation to Promote Open Society,NEF Network of European Foundations for Innovative,,Philanthropy House 94 Rue Royale,,Brussels,,BE,1000,100000,to support Civitates' pooled sub-fund on Independent Public Interest Journalism in Europe
2020,263753801,Foundation to Promote Open Society,NEF Network of European Foundations for Innovative,,Philanthropy House 94 Rue Royale,,Brussels,,BE,1000,200000,"to support the Civitates Fund, a collaborative philanthropic initiative for supporting resilient civil societies and a healthy public discourse online for shaping vibrant and open European democracies"
2020,263753801,Foundation to Promote Open Society,Neighborhood Funders Group,,300 Frank Ogawa Plaza Suite 700,,Oakland,CA,,94612,500000,"to support the Grantee's fiscally sponsored project, Labor Innovations for the 21st Century, joint innovative collaborative campaigns between labor unions and community organizations centered on deepening alignment and building racial and economic justice in select U.S. cities"
2020,263753801,Foundation to Promote Open Society,NEO Philanthropy Inc,,45 W 36th Street Sixth Floor,,New York,NY,,10018,300000,to support the Online Progressive Engagement Network for advocacy and network engagement on climate change and climate justice
2020,263753801,Foundation to Promote Open Society,NEO Philanthropy Inc,,45 W 36th Street Sixth Floor,,New York,NY,,10018,350000,"to support litigation that will protect and advance the voting rights of historically disenfranchised communities through the State Infrastructure Fund, a project of the Grantee"
2020,263753801,Foundation to Promote Open Society,NEO Philanthropy Inc,,45 W 36th Street Sixth Floor,,New York,NY,,10018,30000,"to defend, protect, and embolden social movements through the sharing of ideas between lawyers and activists by Movement Law Lab, a project of the Grantee"
2020,263753801,Foundation to Promote Open Society,NEO Philanthropy Inc,,45 W 36th Street Sixth Floor,,New York,NY,,10018,25000,"to support Legacies of War, a fiscally sponsored project, in their educational and community engagement work"
2020,263753801,Foundation to Promote Open Society,NEO Philanthropy Inc,,45 W 36th Street Sixth Floor,,New York,NY,,10018,150000,"to support the National Black Worker Center Project, a fiscally sponsored program of the Grantee, on education, leadership training, and advocacy for the benefit of Black workers who have historically experienced significant prejudice and discrimination by training Black leaders on organizing, educating the Black community on Black resiliency, and empowering Black workers to advocate for workers' rights and the strengthening of worker protections"
2020,263753801,Foundation to Promote Open Society,NEO Philanthropy Inc,,45 W 36th Street Sixth Floor,,New York,NY,,10018,200000,"to support Rights CoLab to facilitate collaboration, innovation and experimentation in civil society activism"
2020,263753801,Foundation to Promote Open Society,NEO Philanthropy Inc,,45 W 36th Street Sixth Floor,,New York,NY,,10018,450000,"to support the Four Freedoms Fund, a project of the Grantee that supports local, state, and regional coalitions advancing immigrant rights"
2020,263753801,Foundation to Promote Open Society,NEO Philanthropy Inc,,45 W 36th Street Sixth Floor,,New York,NY,,10018,100000,"to support non-partisan civic engagement work by MPower Change, a project of the Grantee"
2020,263753801,Foundation to Promote Open Society,NEO Philanthropy Inc,,45 W 36th Street Sixth Floor,,New York,NY,,10018,125000,"to support the Grantee's Funders' Committee for Civic Participation, a philanthropic affinity group"
2020,263753801,Foundation to Promote Open Society,NEO Philanthropy Inc,,45 W 36th Street Sixth Floor,,New York,NY,,10018,100000,"to support MPower Change, a project of the Grantee that amplifies the voice of American Muslims on social justice concerns and rapidly responds to attacks on the community"
2020,263753801,Foundation to Promote Open Society,NEO Philanthropy Inc,,45 W 36th Street Sixth Floor,,New York,NY,,10018,1000000,"to support the State Infrastructure Fund, a donor collaborative created to help increase the participation of underrepresented voters in voting and civic engagement"
2020,263753801,Foundation to Promote Open Society,NEO Philanthropy Inc,,45 W 36th Street Sixth Floor,,New York,NY,,10018,125000,to support research and analysis that will provide the non-profit sector with information and resources to better engage and challenge lawfare-style legal claims
2020,263753801,Foundation to Promote Open Society,NEO Philanthropy Inc,,45 W 36th Street Sixth Floor,,New York,NY,,10018,200000,"to support the National Guestworker Alliance, a project of Grantee, in advocating for investment in jobs that prepare, protect, and repair America in the wake of natural disaster"
2020,263753801,Foundation to Promote Open Society,NEO Philanthropy Inc,,45 W 36th Street Sixth Floor,,New York,NY,,10018,900000,"to provide support for all participatory grantmaking by Circle for Justice Innovations, a fiscally sponsored project of the Grantee, and to sustain two grant cycles of the Starving the Beast fund to promote grassroots responses to drug involvement and sex work as an alternative to arrest."
2020,263753801,Foundation to Promote Open Society,NEO Philanthropy Inc,,45 W 36th Street Sixth Floor,,New York,NY,,10018,150000,"to support Law for Black Lives, a project of the Grantee, in providing legal assistance, public education, and training"
2020,263753801,Foundation to Promote Open Society,NEO Philanthropy Inc,,45 W 36th Street Sixth Floor,,New York,NY,,10018,750000,to foster a culture of civic participation within Asian American and Pacific Islander communities
2020,263753801,Foundation to Promote Open Society,NEO Philanthropy Inc,,45 W 36th Street Sixth Floor,,New York,NY,,10018,50000,"to support Rights CoLab, a fiscally-sponsored project of the Grantee, to facilitate collaboration, innovation and experimentation to strengthen the financial sustainability and resilience of civil society"
2020,263753801,Foundation to Promote Open Society,Nepal Economic Forum (NEF),,Krishna Galli,,Lalitpur,,NP,7025,38509,"to support and strengthen the Grantee's research on business, economy, and public policy in Nepal"
2020,263753801,Foundation to Promote Open Society,Network of Arab Arthouse Screens,,Armenia Street,,Beirut,,LE,00000,112500,to provide general support
2020,263753801,Foundation to Promote Open Society,Network of Education Policy Centers (NEPC),,Amruseva 8,,Zagreb,,HR,10000,50000,to support NEPC in articulating COVID-19 responses in education
2020,263753801,Foundation to Promote Open Society,Network on Women in Prison dba Legal Services for,,4400 Market Street,,Oakland,CA,,94608,150000,to provide general support
2020,263753801,Foundation to Promote Open Society,Nevada Community Foundation,,1980 Festival Plaza Dr Ste 300,,Las Vegas,NV,,89135,750000,"to provide relief to those who have not received any government relief during the Covid-19 crisis, including undocumented immigrants"
2020,263753801,Foundation to Promote Open Society,New America Foundation,,740 15th Street NW Suite 900,,Washington,DC,,20005,40000,"to rethink the national security narrative in the US in order to promote a more inclusive, just, and accountable national security framework in the US and globally"
2020,263753801,Foundation to Promote Open Society,New America Foundation,,740 15th Street NW Suite 900,,Washington,DC,,20005,500000,"to support the grantee's New Practice Lab, which focuses on family economic security"
2020,263753801,Foundation to Promote Open Society,New America Foundation,,740 15th Street NW Suite 900,,Washington,DC,,20005,350000,"to support research and production of the next two iterations of the Ranking Digital Rights Index, which will include newly developed indicators that evaluate company policies and disclosures related to algorithmic systems and targeted advertising technology, plus related promotion and stakeholder engagement activities"
2020,263753801,Foundation to Promote Open Society,New America Foundation,,740 15th Street NW Suite 900,,Washington,DC,,20005,200000,"to support the Grantee's Open Technology Institute, which promotes affordable, universal access to open communications networks"
2020,263753801,Foundation to Promote Open Society,New Consensus,,1300 I Street NW Suite 400E,,Washington,DC,,20005,500000,to provide general support
2020,263753801,Foundation to Promote Open Society,New Florida Majority Education Fund,,10800 Biscayne Blvd Suite 1050,,Miami,FL,,33161,400000,to provide general support
2020,263753801,Foundation to Promote Open Society,New Florida Majority Education Fund,,10800 Biscayne Blvd Suite 1050,,Miami,FL,,33161,150000,to provide general support
2020,263753801,Foundation to Promote Open Society,New Hampshire Charitable Foundation,,37 Pleasant Street,,Concord,NH,,033014005,120000,to support the New Hampshire Charitable Foundation's Learning Collaborative for funders engaged in Equity in Substance Use Policy
2020,263753801,Foundation to Promote Open Society,New Immigrant Community Empowerment,,71-29 Roosevelt Avenue 2nd Floor,,Jackson Heights,NY,,11372,50000,to provide general support
2020,263753801,Foundation to Promote Open Society,New Jersey Policy Perspective,,137 West Hanover Street,,Trenton,NJ,,08618,25000,to provide general support
2020,263753801,Foundation to Promote Open Society,New Jersey Together Inc,,PO Box 136,,Jersey City,NJ,,07303,90000,to support the community organizing efforts of the Grantee in order to promote decriminalization in New Jersey
2020,263753801,Foundation to Promote Open Society,New Media Advocacy Project Inc,,195 Montague St 14th Floor,,Brooklyn,NY,,11201,20000,to conduct research on how Covid-19 has influenced societal values in order to build more effective programs on promoting respect for human rights
2020,263753801,Foundation to Promote Open Society,New Media Advocacy Project Inc,,195 Montague St 14th Floor,,Brooklyn,NY,,11201,80000,to support the grantee's work in developing narrative change collaborations with organizations and communities working on climate justice and their narrative change mentorship program
2020,263753801,Foundation to Promote Open Society,New Mexico Community Foundation,,8 Calle Medico,,Santa Fe,NM,,87505,10000,"to support the Native American Relief Fund, a project of the Grantee, in direct response to the COVID-19 outbreak"
2020,263753801,Foundation to Promote Open Society,New Venture Fund,,1828 L Street NW Suite 300 - A,,Washington,DC,,20036,600000,"to provide program support to E Pluribus Unum, a project of the grantee, to support narrative and racial justice power building in the South"
2020,263753801,Foundation to Promote Open Society,New Venture Fund,,1828 L Street NW Suite 300 - A,,Washington,DC,,20036,1000000,"to create the Community Resource Hub for Safety and Accountability's Budgeting Academy program, a year-long fellowship to train community safety advocates in how to advocate around their local municipal budgets"
2020,263753801,Foundation to Promote Open Society,New Venture Fund,,1828 L Street NW Suite 300 - A,,Washington,DC,,20036,80000,"to support the Grantee's fiscally sponsored program, Ohio Transformation Fund, working to reform Ohio's criminal punishment system, and to improve the health and well-being of the community, including in response to the overdose crisis"
2020,263753801,Foundation to Promote Open Society,New Venture Fund,,1828 L Street NW Suite 300 - A,,Washington,DC,,20036,3080000,"to support Governing for Impact, a project of the Grantee that conducts research and develops thought leadership around priority public policy issues"
2020,263753801,Foundation to Promote Open Society,New Venture Fund,,1828 L Street NW Suite 300 - A,,Washington,DC,,20036,80000,"to provide one year of core funding to SPARC, which will support their mission to promote the changes needed to make ""open"" the default in research and education"
2020,263753801,Foundation to Promote Open Society,New Venture Fund,,1828 L Street NW Suite 300 - A,,Washington,DC,,20036,20000,"to support the Social and Economic Justice Leaders, a project of the Grantee, in creating scenario planning exercises that will engage the donor community in considering the issues facing their grantees in 2021-2022"
2020,263753801,Foundation to Promote Open Society,New Venture Fund,,1828 L Street NW Suite 300 - A,,Washington,DC,,20036,1000000,"to support the Grantee's nonpartisan Safe Voting Fund, which seeks to ensure that all eligible voters are able to cast a ballot in a safe and secure manner in November 2020"
2020,263753801,Foundation to Promote Open Society,New Venture Fund,,1828 L Street NW Suite 300 - A,,Washington,DC,,20036,150000,"to support the Grantee's fiscally sponsored program, Climate Interactive, to provide research and analysis on climate change mitigation"
2020,263753801,Foundation to Promote Open Society,New Venture Fund,,1828 L Street NW Suite 300 - A,,Washington,DC,,20036,50000,to support the Grantee's Climate Justice Resilience Fund to support vulnerable communities to conduct transnational climate justice campaigns
2020,263753801,Foundation to Promote Open Society,New Venture Fund,,1828 L Street NW Suite 300 - A,,Washington,DC,,20036,10000000,"to support the Grantee's nonpartisan Safe Voting Fund, which seeks to ensure that all eligible voters are able to cast a ballot in a safe and secure manner in November 2020"
2020,263753801,Foundation to Promote Open Society,New Venture Fund,,1828 L Street NW Suite 300 - A,,Washington,DC,,20036,350000,to achieve a fair and accurate count for the 2020 Census
2020,263753801,Foundation to Promote Open Society,New Venture Fund,,1828 L Street NW Suite 300 - A,,Washington,DC,,20036,250000,"to support the Media Democracy Fund, a project of the Grantee, to educate the public about disinformation that threatens democracy and to develop shared approaches and solutions"
2020,263753801,Foundation to Promote Open Society,New Venture Fund,,1828 L Street NW Suite 300 - A,,Washington,DC,,20036,50000,to advocate for open access to research articles to accelerate progress in the fight against COVID-19
2020,263753801,Foundation to Promote Open Society,New Venture Fund,,1828 L Street NW Suite 300 - A,,Washington,DC,,20036,50000,"to support the Gig Workers Collective facilitation of emerging worker organizing in the gig economy through worker engagement, leadership development, and strategic communications and partnerships"
2020,263753801,Foundation to Promote Open Society,New Venture Fund,,1828 L Street NW Suite 300 - A,,Washington,DC,,20036,400000,"to support the Grantee's non-partisan Fair Representation in Redistricting project, which seeks to ensure fair, transparent redistricting at the state level"
2020,263753801,Foundation to Promote Open Society,New Venture Fund,,1828 L Street NW Suite 300 - A,,Washington,DC,,20036,250000,"to support Next Century Cities, a fiscally sponsored project of the Grantee that works with cities across the United States to ensure residents have affordable, high-speed, and reliable internet access"
2020,263753801,Foundation to Promote Open Society,New Venture Fund,,1828 L Street NW Suite 300 - A,,Washington,DC,,20036,500000,to support the Social and Economic Justice Leaders planning group to advance social justice goals and civic engagement
2020,263753801,Foundation to Promote Open Society,New Venture Fund,,1828 L Street NW Suite 300 - A,,Washington,DC,,20036,2500000,to achieve a fair and accurate count for the 2020 Census
2020,263753801,Foundation to Promote Open Society,New Venture Fund,,1828 L Street NW Suite 300 - A,,Washington,DC,,20036,400000,"to support the Grantee's fiscally sponsored project, Coworker.org, in its efforts to educate workers on how to be effective advocates relating to working conditions and holding employers accountable for decisions that may impact the public good"
2020,263753801,Foundation to Promote Open Society,New Venture Fund,,1828 L Street NW Suite 300 - A,,Washington,DC,,20036,100000,"to support the Fines and Fees Justice Center, a project of the Grantee, in its efforts to end unfair and harmful enforcement of fines and fees in the justice system"
2020,263753801,Foundation to Promote Open Society,New Venture Fund,,1828 L Street NW Suite 300 - A,,Washington,DC,,20036,115000,to provide programmatic support toScholarly Publishing and Academic Resources Coalition
2020,263753801,Foundation to Promote Open Society,New Venture Fund,,1828 L Street NW Suite 300 - A,,Washington,DC,,20036,400000,to support the Media Democracy Fund's census disinformation project in order to protect the integrity of the 2020 census
2020,263753801,Foundation to Promote Open Society,New Venture Fund,,1828 L Street NW Suite 300 - A,,Washington,DC,,20036,175000,to create a network of Ohio based artists that are engaged in cultural organizing and in local efforts to shift dominant addiction and criminal justice narratives
2020,263753801,Foundation to Promote Open Society,New Venture Fund,,1828 L Street NW Suite 300 - A,,Washington,DC,,20036,750000,"to support Governing for Impact, a project of the Grantee"
2020,263753801,Foundation to Promote Open Society,New Venture Fund,,1828 L Street NW Suite 300 - A,,Washington,DC,,20036,1000000,"to support the Community Resource Hub for Safety and Accountability, a resource hub to support local police reform campaigns nation-wide, housed at the Grantee"
2020,263753801,Foundation to Promote Open Society,New Venture Fund,,1828 L Street NW Suite 300 - A,,Washington,DC,,20036,250000,"to support IllumiNative, a project of the Grantee that seeks to shatter the invisibility and false narratives that adversely impact Native peoples"
2020,263753801,Foundation to Promote Open Society,New Venture Fund,,1828 L Street NW Suite 300 - A,,Washington,DC,,20036,490000,"to support the Media Democracy Fund, a project of the Grantee"
2020,263753801,Foundation to Promote Open Society,New Venture Fund,,1828 L Street NW Suite 300 - A,,Washington,DC,,20036,100000,"to support the AgroEcology Fund, a fiscally sponsored project of the Grantee, to grow a global movement for agroecology-based food systems that mitigate climate change through high-biodiversity, low-input agriculture, and promote the social and economic well-being and human rights of small farmers and their communities"
2020,263753801,Foundation to Promote Open Society,New Venture Fund,,1828 L Street NW Suite 300 - A,,Washington,DC,,20036,4000000,"to support the Women's Funds Donor Collaborative, which aims to bolster the institutional capacity of international women's funds so as to build long-term sustainability and resilience among these funds, and to support innovation in feminist philanthropy practices"
2020,263753801,Foundation to Promote Open Society,New Venture Fund,,1828 L Street NW Suite 300 - A,,Washington,DC,,20036,175000,to strengthen democratic freedoms in the digital age
2020,263753801,Foundation to Promote Open Society,New Venture Fund,,1828 L Street NW Suite 300 - A,,Washington,DC,,20036,37500,to support the academic community to retain and control the infrastructure and data underpinning the open scholarly ecosystem.
2020,263753801,Foundation to Promote Open Society,New Venture Fund,,1828 L Street NW Suite 300 - A,,Washington,DC,,20036,75000,"to support Demand Progress Education Fund, a fiscally-sponsored project of the Grantee, in its work to protect net neutrality regulations, expand broadband access, and end excessive government surveillance"
2020,263753801,Foundation to Promote Open Society,New Vision House of Hope Inc,,200 E Lexington St suite 605,,Baltimore,MD,,21202,20000,to provide general support
2020,263753801,Foundation to Promote Open Society,New York Asian Women's Center Inc dba Womankind,,32 Broadway10th Fl,,New York,NY,,10004,30000,to provide general support
2020,263753801,Foundation to Promote Open Society,New York Taxi Workers Alliance,,31-10 37th Ave,,New York,NY,,11101,100000,"to support the Grantee's fiscally sponsored program, the International Alliance of App-Based Transport Workers, to improve employment protections and bolster the labor rights of workers in the digital economy"
2020,263753801,Foundation to Promote Open Society,New York University,,70 Washington Square South,,New York,NY,,10012,40000,"to support the Women and Migration(s): Responses in Art, History and Policy program"
2020,263753801,Foundation to Promote Open Society,New York University,,70 Washington Square South,,New York,NY,,10012,500823,"to support the Grantee's Center for Human Rights and Global Justice to support climate litigation, education, and communications related to climate change"
2020,263753801,Foundation to Promote Open Society,New York University,,70 Washington Square South,,New York,NY,,10012,40000,"to support the Grantee's Center for Human Rights and Global Justice to convene an international strategic workshop with practitioners and engaged researchers from around the world in the emerging field of climate litigation, to enhance collaboration"
2020,263753801,Foundation to Promote Open Society,New York University,,70 Washington Square South,,New York,NY,,10012,200000,"to advance the theoretical and practical understanding of the advent of the digital welfare state and its implications for human rights, as well as to provide critical inputs on these issues into the work of the United Nations Special Rapporteur, Professor Philip Alston at NYU School of Law, on extreme poverty and human rights"
2020,263753801,Foundation to Promote Open Society,New York University,,70 Washington Square South,,New York,NY,,10012,150000,"to support Just Security, an editorially autonomous online media platform based at the NYU law school's Reiss Center on Law and Security that educates readers on issues at the intersection of US national security, the rule of law, rights, and freedoms"
2020,263753801,Foundation to Promote Open Society,New York University,,70 Washington Square South,,New York,NY,,10012,150000,"to support the Grantee's Center for Business and Human Rights in advancing corporate respect for human rights through a mixture of research, advocacy, and convening"
2020,263753801,Foundation to Promote Open Society,Newark Community Street Team,,400 Hawthorne St,,Newark,NJ,,07112,50000,"to support the Grantee's work in hosting local networking, awareness and education trainings with partners across the sector on decriminalization of small drug possession in New Jersey"
2020,263753801,Foundation to Promote Open Society,Next Harm Reduction Inc,,65 West 90th Street25G,,New York,NY,,10024,80000,to provide general support
2020,263753801,Foundation to Promote Open Society,Next Harm Reduction Inc,,65 West 90th Street25G,,New York,NY,,10024,20000,to provide online and mail-based harm reduction resources that ensure access to educational resources and harm-reducing supplies to people who use drugs across the United States that do not have access to in-person services
2020,263753801,Foundation to Promote Open Society,Next One Up Foundation Inc,,36 S Charles St Suite 2000,,Baltimore,MD,,21201,15000,to provide general support
2020,263753801,Foundation to Promote Open Society,NGO Center Women's Perspectives,,36 Chervonoj Kalyny Blvd,,Lviv,,UP,79070,100000,to provide general support
2020,263753801,Foundation to Promote Open Society,NGO Federation of Nepal,,Buddhanagar,,Kathmandu Metropolitan City,,NP,44600,25000,to support the grantee in monitoring and reporting on human rights violations due to COVID
2020,263753801,Foundation to Promote Open Society,NMP Comunicacao e Jornalismo Ltda,,429 Piraquara,,Sao Paulo,,BR,01252-040,35000,to establish an all-female newsroom led by young journalists from the outskirts of So Paulo to cover the impact of COVID-19 pandemic in local women's life
2020,263753801,Foundation to Promote Open Society,No Boundaries Coalition Inc,,1808 Pennsylvania Ave,,Baltimore,MD,,212173213,25000,to educate and mobilize young people in West Baltimore in order to build a broad base of civic engagement and activism
2020,263753801,Foundation to Promote Open Society,No Boundaries Coalition Inc,,1808 Pennsylvania Ave,,Baltimore,MD,,212173213,25000,to provide general support
2020,263753801,Foundation to Promote Open Society,None on Record,,Mahiga Mairu Gate 10 Unit 3Westla,,Nairobi,,KE,00000,50000,to support a number of Arts and Narrative change focused organizations in Kenya and Uganda that are working on efforts to push back on the debasing narratives for marginalised groups.
2020,263753801,Foundation to Promote Open Society,Nonprofit Finance Fund,,5 Hanover Square 9th Floor,,New York,NY,,10004,115000,to support financial sustainability technical assistance to non-profit organizations
2020,263753801,Foundation to Promote Open Society,NOPEVA SA Nomada,,Edificio Geminis Diez Torre Sur 8,,Ciudad de Guatemala,,GT,CP01010,100000,to support investigative journalism articles and reports which Nomada makes accessible to the public for free via their webpage
2020,263753801,Foundation to Promote Open Society,North Carolina Survivors Union,,1114 Grove Street,,Greensboro,NC,,27403,100000,to provide general support
2020,263753801,Foundation to Promote Open Society,North Star Fund,,520 Eighth Avenue Suite 1800,,New York,NY,,10018,202500,"to support Communities United for Police Reform, a fiscally-sponsored project of the Grantee, in their response to COVID-19 impacts in NYC"
2020,263753801,Foundation to Promote Open Society,Northeastern University,,360 Huntington Avenue,,Boston,MA,,02115,150000,to support the Northeastern University School of Law's work on decarceration
2020,263753801,Foundation to Promote Open Society,Northern Nomadic Disabled Persons Organization,,HouseNo80South C Off Muhono Ave,,Nairobi,,KE,00000,45000,to respond to the current COVID-19 pandemic in partnership with a number of disability organization organized in a network for the purposes of a coordinated response that looks at the issues related to the needs of persons with disabilities
2020,263753801,Foundation to Promote Open Society,Northern Nomadic Disabled Persons Organization,,HouseNo80South C Off Muhono Ave,,Nairobi,,KE,00000,25000,to provide support for the Grantee in order to further its ability to advocate for the rights of persons with disabilities from Nomadic communities in the Northern part of Kenya
2020,263753801,Foundation to Promote Open Society,Nossas Cidades,,Rua Mexico 11 - 601,,Rio de Janeiro,,BR,20031903,400000,to provide general support
2020,263753801,Foundation to Promote Open Society,Nossas Cidades,,Rua Mexico 11 - 601,,Rio de Janeiro,,BR,20031903,150000,to provide general support
2020,263753801,Foundation to Promote Open Society,Observatoire international des prisons section fr,,7 bis rue Riquet 75019,,Paris,,FR,75019,20000,to respond to COVID-19 in prisons in France by reducing the size of the prison population and improving health conditions in prisons through advocacy and communications work
2020,263753801,Foundation to Promote Open Society,Ocean Policy Lab,,1151 Flatbush Road,,Kingston,NY,,12401,50000,to support an anthology of writings that will educate the public on the complexities of the climate crisis
2020,263753801,Foundation to Promote Open Society,Office of Civil Liberties,,19 Ayni Street Apt 7,,Dushanbe,,TI,00000,45000,to provide general support
2020,263753801,Foundation to Promote Open Society,Office of Civil Liberties,,19 Ayni Street Apt 7,,Dushanbe,,TI,00000,44983,to strengthen civic activism by capacity building of existing public places and involving youth in human rights
2020,263753801,Foundation to Promote Open Society,Office of the United Nations High Commissioner for,,Palais Wilson Rue des Paquis 52,,Geneva,,SZ,1211,107000,to support research on the social costs of corruption and its implications for human rights
2020,263753801,Foundation to Promote Open Society,Ohio Justice and Policy Center,,215 East Ninth Street Suite 601,,Cincinnati,OH,,45202,300000,to provide general support
2020,263753801,Foundation to Promote Open Society,Ohio Organizing Collaborative,,25 East Boardman Street No 230,,Youngstown,OH,,44503,750000,to provide general support
2020,263753801,Foundation to Promote Open Society,Ohio Organizing Collaborative,,25 East Boardman Street No 230,,Youngstown,OH,,44503,400000,"to advance the Grantee's racial/class narrative work, strengthen it's organizing, and coalition building through Unharming Ohio"
2020,263753801,Foundation to Promote Open Society,Ohio Organizing Collaborative,,25 East Boardman Street No 230,,Youngstown,OH,,44503,350000,to provide general support
2020,263753801,Foundation to Promote Open Society,Ohio Voice,,394 E Town St,,Columbus,OH,,43215,70000,to advance drug policy reform and drug decriminalization in Cuyahoga County
2020,263753801,Foundation to Promote Open Society,Oil for Venezuela,,360 East 65th StreetApt 19C,,New York,NY,,10065,45000,to support research on solutions to Venezuela's humanitarian emergency
2020,263753801,Foundation to Promote Open Society,OlabiOrg,,Martins Ferreira St 12 - Botafogo,,Rio de Janeiro,,BR,22271-010,200000,to provide general support
2020,263753801,Foundation to Promote Open Society,One Arizona,,345 East Palm Lane,,Phoenix,AZ,,85004,422000,to support non-partisan civic engagement in Arizona's communities of color
2020,263753801,Foundation to Promote Open Society,One Arizona,,345 East Palm Lane,,Phoenix,AZ,,85004,250000,to provide general support
2020,263753801,Foundation to Promote Open Society,Open Buffalo,,1327 Jefferson Avenue,,Buffalo,NY,,14208,375000,"to provide organizational support to the Grantee in building an inclusive, open society"
2020,263753801,Foundation to Promote Open Society,Open Collective Foundation 501(c)(3),,340 S Lemon Avenue 3717,,Walnut,CA,,91789,100000,to support the Digital Infrastructure Research Program of the Open Collective Foundation in order to provide grants to individuals and organizations researching public interest issues in open source software
2020,263753801,Foundation to Promote Open Society,Open Culture Foundation,,7F No142 Linsen S Rd Zhongzhe,,Taipei,,TW,00100,109618,to provide general support
2020,263753801,Foundation to Promote Open Society,Open Estonia Foundation,,Kentmanni 10-18,,Tallinn,,EN,10116,201000,to provide general support
2020,263753801,Foundation to Promote Open Society,Open Government Partnership Secretariat,,1100 13th Street NW 800,,Washington DC,DC,,20005,1900000,to provide general support
2020,263753801,Foundation to Promote Open Society,Open Knowledge Brasil,,Avenida Paulista 37 - 4th floor,,Sao Paulo,,BR,01311-902,100000,to provide general support
2020,263753801,Foundation to Promote Open Society,OPEN minds eV,,c/o Bremer Informationszentrum fur,,Bremen,,GM,28195,250000,to provide general support
2020,263753801,Foundation to Promote Open Society,Open Secrets RF (NPC),,Community House41 Salt River RoadSa,,Cape Town,,SF,7925,62000,"to uncover economic crime and related human rights violations in Southern Africa and the Middle East; educate the public on these subjects; and bring private sector actors to account through investigations, legal strategies, and advocacy"
2020,263753801,Foundation to Promote Open Society,Open Society Forum - Mongolia,,Jamiyan gun Street 5/1 Sukhbaatar,,Ulaanbaatar,,MG,48,1285343,"to provide support for non-lobbying charitable activities including governance and policy issue activities such as monitoring elections, expanding access to justice, promoting transparency in natural resource revenues, increasing citizen oversight of government budgets and expenditures, and strengthening the capacity of advocates for inclusive education"
2020,263753801,Foundation to Promote Open Society,Open Society Foundation for Albania,,Rr Qemal Stafa P120/2,,Tirana,,AL,00000,533469,to provide general support
2020,263753801,Foundation to Promote Open Society,Open Society Foundation for Albania,,Rr Qemal Stafa P120/2,,Tirana,,AL,00000,1971500,to provide general support
2020,263753801,Foundation to Promote Open Society,Open Society Foundation for South Africa,,Park Lane 2nd floor Lobby 2 Bloc,,Cape Town,,SF,7450,5034030,"to support non-lobbying program activities related to criminal justice, human rights, democracy building, public health, media freedom and access to information"
2020,263753801,Foundation to Promote Open Society,Open Society Foundation for South Africa,,Park Lane 2nd floor Lobby 2 Bloc,,Cape Town,,SF,7450,3079665,"to support non-lobbying activities and programs that promote open, democratic societies around the world and which were carried out in 2016 and 2018"
2020,263753801,Foundation to Promote Open Society,Open Society Foundation gGmbH,,Jagerstarsse 54/55 10117,,Berlin,,GM,00000,650000,"to support non-lobbying activities and programs promoting open, democratic societies around the world"
2020,263753801,Foundation to Promote Open Society,Open Society Foundation London,,4th Floor Herbal House8 Back Hill,,London,,UK,EC1R 5EN,37904072,"to support non-lobbying activities and programs promoting open, democratic societies around the world"
2020,263753801,Foundation to Promote Open Society,Open Society Foundation London,,4th Floor Herbal House8 Back Hill,,London,,UK,EC1R 5EN,959569,"to support non-lobbying activities and programs promoting open, democratic societies around the world"
2020,263753801,Foundation to Promote Open Society,Open Society Foundation Serbia,,Resavska 22,,Belgrade,,RI,11000,1831170,"to provide support for non-lobbying activities which support good governance and democratic practice, equality and inclusion of ethnic, racial and religious minorities, pluralism and public sphere"
2020,263753801,Foundation to Promote Open Society,Open Society Fund - Bosnia and Herzegovina,,Marsala Tita 19/III,,Sarajevo,,BK,71000,828779,"to provide support for non-lobbying activities supporting access to justice/legal empowerment of the poor and marginalized, the civic democracy movement, as well as equality and inclusion in education, health establishments, the fiscal system, and for the LGBTI and Roma populations"
2020,263753801,Foundation to Promote Open Society,Open Society Georgia Foundation,,10 Chovelidze str,,Tbilisi,,GG,0108,400000,"to provide support for non-lobbying activities including empowerment of ethnic minorities, support for independent media, engaging EU institutions for better protection of minority rights, securing greater due process and human rights in the justice system, improving governance of local municipalities, and the development of an inclusive healthcare system"
2020,263753801,Foundation to Promote Open Society,Open Society Initiative for Eastern Africa,,ACS Plaza Lenana Road,,Nairobi,,KE,00000,202935,"to provide support for non-lobbying activities to help civil society advance public accountability, to challenge corruption, to strengthen free media, and to end stigma and abuse directed at marginalized groups in eastern Africa"
2020,263753801,Foundation to Promote Open Society,Open Society Initiative for West Africa,,Mermoz Rue MZ100 X Rue El Hadji I,,Dakar,,SG,00000,18182868,to provide support for non-lobbying activities and programs that promote open and democratic societies in West Africa and which were carried out between 2012 and 2018
2020,263753801,Foundation to Promote Open Society,Open Society Initiative for West Africa,,Mermoz Rue MZ100 X Rue El Hadji I,,Dakar,,SG,00000,688641,"to provide support for non-lobbying activities to promote inclusive democratic governance, transparent and accountable institutions and active citizenship in West Africa"
2020,263753801,Foundation to Promote Open Society,Open Society Initiative for West Africa,,Mermoz Rue MZ100 X Rue El Hadji I,,Dakar,,SG,00000,1448808,"to provide support for non-lobbying activities to promote inclusive democratic governance, transparent and accountable institutions and active citizenship in West Africa"
2020,263753801,Foundation to Promote Open Society,Open Society Institute - Sofia Foundation,,56 Solunska Street,,Sofia,,BU,1000,485000,to support local civil society organizations in Central Eastern Europe to advance climate justice in the region
2020,263753801,Foundation to Promote Open Society,Open Society Institute - Sofia Foundation,,56 Solunska Street,,Sofia,,BU,1000,75000,"to support the Grantee's institutional stability, including its research and communications capabilities, its capacity building activities for civil society organisations and its role in civil society cooperation in Central and Eastern Europe"
2020,263753801,Foundation to Promote Open Society,Open Society Institute - Sofia Foundation,,56 Solunska Street,,Sofia,,BU,1000,88300,to support charitable and educational activities of Roma Health Scholarship Program in Bulgaria 2017-2021: Mentorship Component
2020,263753801,Foundation to Promote Open Society,Open Society Institute Assistance Foundation - Taj,,37/1 Bokhtar Street Vefa Business,,Dushanbe,,TI,734 002,407542,to provide general support
2020,263753801,Foundation to Promote Open Society,Open Society Institute Assistance Foundation - Taj,,37/1 Bokhtar Street Vefa Business,,Dushanbe,,TI,734 002,2591967,to provide general support
2020,263753801,Foundation to Promote Open Society,Oregon Progress Forum dba Next Up Oregon,,333 SE 2nd Avenue,,Portland,OR,,97214,53000,to engage new activists in non-partisan racial justice and democracy protection and promotion work
2020,263753801,Foundation to Promote Open Society,Organisation for Economic Co-operation and Develop,,2 Rue Andre Pascal,,Paris Cedex,,FR,75775,1000000,to support the Grantee's Project on Civic Space
2020,263753801,Foundation to Promote Open Society,Organisation for Economic Co-operation and Develop,,2 Rue Andre Pascal,,Paris Cedex,,FR,75775,50000,to support the development and operations of a Network of Communication Officers on Migration
2020,263753801,Foundation to Promote Open Society,Organisation Mondiale Contre la Torture (OMCT),,PO Box 21 Rue du Vieux-Billard 8,,Geneva,,SZ,1211,100000,to support litigation and advocacy on behalf of victims of war crimes in Yemen
2020,263753801,Foundation to Promote Open Society,Organisation Mondiale Contre la Torture (OMCT),,PO Box 21 Rue du Vieux-Billard 8,,Geneva,,SZ,1211,350000,to provide general support
2020,263753801,Foundation to Promote Open Society,Organisation Mondiale Contre la Torture (OMCT),,PO Box 21 Rue du Vieux-Billard 8,,Geneva,,SZ,1211,735000,to provide general support
2020,263753801,Foundation to Promote Open Society,Organising Bureau of European School Student Union,,Rue de lIndustrie 10,,Brussels,,BE,1000,100000,"to support capacity building activities to benefit members of OBESSU by strengthening high school students' position among other educational stakeholders in their respective countries, as well as support research on the impact of COVID-19 on student activism in Europe"
2020,263753801,Foundation to Promote Open Society,Organizacion Ayudamos Honduras,,Edificio Paseo del Valle Barrio La,,Tegucigalpa,,HO,11101,60000,to create a campaign and support a series of trainings for young people in Honduras around anti-corruption initiatives
2020,263753801,Foundation to Promote Open Society,Organizacion Nacional Indigena de Colombia,,Calle 12b 4 - 38,,Bogota DC,,CO,00000,100000,to provide general support
2020,263753801,Foundation to Promote Open Society,Organization for Community Development,,PO Box 12085,,Dar es Salaam,,TZ,00000,37500,"to test the elements that contribute to success of a holistic, whole-school approach to growth and development of teachers and students in five primary schools in the Illala Municipality of Dar es Salaam"
2020,263753801,Foundation to Promote Open Society,OurEquity NPC,,6 Dover StWestdene,,Johannesburg,,SF,2092,200000,"to support the United Nations Special Rapporteur on the Right to Health to explore decolonial, antiracist, and intersectional frameworks that can reshape the global public health architecture"
2020,263753801,Foundation to Promote Open Society,OurPlanet-TV,,NS Bldg 202 2-2-3 Kanda-Sarugaku C,,Chiyodaku,,JA,101-0064,20000,to support the grantee's work in documenting and reporting on the voices of the most affected and vulnerable communities in Japan amid the outbreak of COVID-19
2020,263753801,Foundation to Promote Open Society,Out for Justice Inc,,PO Box 33468,,Baltimore,MD,,21218,105000,to provide general support
2020,263753801,Foundation to Promote Open Society,OutRight Action International,,80 Maiden Lane Suite 1505,,New York,NY,,10038,125000,to provide general support
2020,263753801,Foundation to Promote Open Society,OutRight Action International,,80 Maiden Lane Suite 1505,,New York,NY,,10038,240000,to provide general support
2020,263753801,Foundation to Promote Open Society,OutRight Action International,,80 Maiden Lane Suite 1505,,New York,NY,,10038,62500,to create a regional platform for addressing domestic and family violence among LGBTI individuals in Asia
2020,263753801,Foundation to Promote Open Society,Oxfam Intermon,,C/ Gran Via de Les Corts Catalanes,,Barcelona,,SP,08010,300000,to provide emergency funding to vulnerable communities hit hard by the corona virus and its aftermath
2020,263753801,Foundation to Promote Open Society,Oxfam-America Inc,,226 Causeway Street 5th Floor,,Boston,MA,,02114,200000,"to ensure Global and Equitable Access to COVID-19 diagnostics, vaccines and therapeutics"
2020,263753801,Foundation to Promote Open Society,Oxfam-America Inc,,226 Causeway Street 5th Floor,,Boston,MA,,02114,100000,"to support four refugee-led organizations in Uganda's West Nile region to promote broad social and behavioral changes to prevent the spread of COVID 19 in settlements through enhanced communication, meaningful engagement and advocacy"
2020,263753801,Foundation to Promote Open Society,Oxfam-America Inc,,226 Causeway Street 5th Floor,,Boston,MA,,02114,82500,"to contribute to strengthening the feminist movement in the MENA region by promoting dialogue, solidarity and joint agendas among nascent and established feminist groups"
2020,263753801,Foundation to Promote Open Society,Oxfam-America Inc,,226 Causeway Street 5th Floor,,Boston,MA,,02114,2000000,to provide general support
2020,263753801,Foundation to Promote Open Society,Oxfam-America Inc,,226 Causeway Street 5th Floor,,Boston,MA,,02114,60000,to advance refugee participation in events such as the Global Refugee Forum and to support strategic development of the Global Refugee-led Network
2020,263753801,Foundation to Promote Open Society,Oxfam-America Inc,,226 Causeway Street 5th Floor,,Boston,MA,,02114,140000,to conduct research and organize workshops in order to promote decent working conditions and to address inequalities in agricultural value chains in Morocco and Tunisia
2020,263753801,Foundation to Promote Open Society,Pacific Council on International Policy,,725 S Figueroa St Suite 450,,Los Angeles,CA,,90017,100000,"to provide support to the Leadership Council for Women in National Security, a fiscally sponsored project of the Grantee, to advocate for gender parity in foreign policy and national security positions in the U.S. government"
2020,263753801,Foundation to Promote Open Society,Pacific Council on International Policy,,725 S Figueroa St Suite 450,,Los Angeles,CA,,90017,100000,"to provide support to the Leadership Council for Women in National Security, a fiscally sponsored project of the Grantee, to advocate for gender parity in foreign policy and national security positions in the U.S. government"
2020,263753801,Foundation to Promote Open Society,Palestinian Center for Development and Media Freed,,Al-Masayef Street Bit Asia Building,,Ramallah,,OC,00000,199940,"to promote a culture of freedom of expression by educating the public about journalists' rights, intellectual property, and related topics through public campaigns, conferences, and films"
2020,263753801,Foundation to Promote Open Society,Palestinian Performing Arts Network,,Askar Building 4th Floor Jerusale,,Al Bireh,,OC,00000,150000,to bolster outreach to marginalized communities for greater engagement of Palestinian youth in performing arts
2020,263753801,Foundation to Promote Open Society,Palliative Care Association of Uganda (PCAU),,Plot 8804 Block 383 Kitende Enteb,,Kampala,,UG,00000,16800,to provide palliative care as part of essential health services in Uganda during COVID response
2020,263753801,Foundation to Promote Open Society,Palliative Care Association of Uganda (PCAU),,Plot 8804 Block 383 Kitende Enteb,,Kampala,,UG,00000,64000,to provide general support
2020,263753801,Foundation to Promote Open Society,Palpa Development Center,,Tansen,,Palpa,,NP,00000,28502,"to help capacitate the journalists to develop their parliamentary reporting skills, so that effective reporting can allow informed debate around public policies"
2020,263753801,Foundation to Promote Open Society,Pan African Lawyers Union,,No 3 Jandu Road off Njiro Road,,Arusha,,TZ,00000,150000,to provide general support
2020,263753801,Foundation to Promote Open Society,Panorama Global,,2101 4th Ave Suite 2100,,Seattle,WA,,98121,50000,"to support Devex, a project of the grantee, to edu"
2020,263753801,Foundation to Promote Open Society,Panos South Asia,,House No 8 Guna Housing Jawalakh,,Kathmandu,,NP,00000,33743,to promote accountability and transparency of public authorities and media and provide public education through fact-checking initiatives
2020,263753801,Foundation to Promote Open Society,Pa-Oh Youth Organization,,No 2/53 Sabae StreetPhayar Ohyu QR,,Taunggyi,,BM,00000,19000,to promote youth participation on harm reduction and human rights development by conducting workshops and producing informative videos
2020,263753801,Foundation to Promote Open Society,Parliamentarians for Global Action,,132 Nassau Street Suite 1419,,New York,NY,,10038,47000,"to support the Grantee's sexual orientation and gender identity program, which promotes inclusion and equality of LGBTI people"
2020,263753801,Foundation to Promote Open Society,Parole Preparation Project Inc,,563 Warren Street Suite 3R,,New York,NY,,11217,135000,to provide general support
2020,263753801,Foundation to Promote Open Society,Participatory Budgeting Project Inc,,540 President St 3rd Floor,,Brooklyn,NY,,11215,250000,to provide general support
2020,263753801,Foundation to Promote Open Society,Partners Uplifting Our Daughters,,1079 Lydig Avenue,,Bronx,NY,,10461,500000,"to promote the education, training, and leadership development of local organizers, and to support local organizations working against racial injustice in Louisville, Kentucky, including on issues relating to police accountability, food insecurity and gentrification/affordable housing"
2020,263753801,Foundation to Promote Open Society,PartnersGlobal Institute,,1800 Massachusetts Ave NW Suite 4,,Washington,DC,,20036,25000,to support research and development of a narrative framework on peacebuilding
2020,263753801,Foundation to Promote Open Society,Partnership for a New American Economy Research Fu,,c/o Geller Advisors LLCPO Box 1510,,New York,NY,,10150,139585,to support COVID-19 rapid response through research of fast-tracking licensing of healthcare workers and coordinating and disseminating information to the most vulnerable across the United States
2020,263753801,Foundation to Promote Open Society,Partnership for Inclusive Disaster Strategies,,112 N 8th Street Suite 600,,Philadelphia,PA,,19107,100000,to provide general support
2020,263753801,Foundation to Promote Open Society,Partnership for Safety and Justice,,825 NE 20th Avenue Suite 250,,Portland,OR,,97232,150000,to provide general support
2020,263753801,Foundation to Promote Open Society,Partnership for the Advancement of New Americans,,4089 Fairmount Ave,,San Diego,CA,,92105,75000,to provide general support
2020,263753801,Foundation to Promote Open Society,Partnership for Working Families,,1305 Franklin Street Suite 501,,Oakland,CA,,94612,215000,"to support a campaign to organize retail workers in the City and County of LA in an association that will be able to exercise a powerful voice on behalf of the rights of workers to fair scheduling, livable wages, health benefits, termination with cause, and adjudication of grievances"
2020,263753801,Foundation to Promote Open Society,PATH,,2201 Westlake AveSuite 200,,Seattle,WA,,98121,14831,to support the Early Childhood Development Action Network's work on early childhood development
2020,263753801,Foundation to Promote Open Society,PATH,,2201 Westlake AveSuite 200,,Seattle,WA,,98121,279840,"to provide core support to the Early Child Development Action Network, to support regional early childhood networks, and to develop a framework and tool for the economic evaluation of benefits and costs of early childhood development interventions"
2020,263753801,Foundation to Promote Open Society,Patients for Affordable Drugs,,1875 K Street NW4th Floor,,Washington,DC,,20006,100000,to provide general support
2020,263753801,Foundation to Promote Open Society,Pay Our Interns Inc,,1001 Pennsylvania Ave NW Suite 711,,Washington,DC,,20004,250000,to support young people as financial instability and dwindled opportunity are expected to continue as a result of the pandemic
2020,263753801,Foundation to Promote Open Society,Peace Brigades International UK,,465a Hornsey RoadUnit 6,,London,,OC,N19 4DR,75000,to provide general support
2020,263753801,Foundation to Promote Open Society,Peace Development Fund,,44 North Prospect Street PO Box 12,,Amherst,MA,,010041280,85000,to support Whose Knowledge?'s work on women's rights organizations and feminist actors to use digital technology and data effectively
2020,263753801,Foundation to Promote Open Society,Peace Development Fund,,44 North Prospect Street PO Box 12,,Amherst,MA,,010041280,25000,to support a convening on feminist foreign policy for grassroots activists
2020,263753801,Foundation to Promote Open Society,Peace Law Academy (Network),,No DA-5 Swel Taw Road Quarter No,,Pyin Oo Lwin,,BM,00000,81130,to support legal education and human rights and advocacy skills training to encourage effective participation in civil society and knowledge sharing
2020,263753801,Foundation to Promote Open Society,PEN American Center Inc,,588 Broadway Suite 303,,New York,NY,,10012,392500,to provide general support
2020,263753801,Foundation to Promote Open Society,Penal Reform International,,The Green House 244-254 Cambridge,,London,,UK,E2 9DA,125000,to provide support for a special fund for the Executive Director in order to enhance his ability to further the charitable and educational work of Penal Reform International
2020,263753801,Foundation to Promote Open Society,Pennsylvania Voice,,123 South Broad Street Suite 630,,Philadelphia,PA,,19109,675000,to provide general support
2020,263753801,Foundation to Promote Open Society,People Forum for Human Right,,Kalikasthan Kathmandu NepalPO B,,Kathmandu,,NP,00000,49300,to support the grantee's work on access to justice for migrant workers impacted by COVID-19
2020,263753801,Foundation to Promote Open Society,People in Need (Clovek v tisni o p s),,Safarikova 24,,Praha,,EZ,12000,160500,to strengthen the resilience and protection of human rights defenders and enhance their capacities in Eurasia
2020,263753801,Foundation to Promote Open Society,People in Need (Clovek v tisni o p s),,Safarikova 24,,Praha,,EZ,12000,215600,to provide general support
2020,263753801,Foundation to Promote Open Society,People United for Sustainable Housing Inc,,271 Grant Street,,Buffalo,NY,,14213,40000,"to increase security measures for the Grantee, a community organization which seeks to create strong neighborhoods with quality, affordable housing, expand local hiring opportunities, and advance economic justice in Buffalo"
2020,263753801,Foundation to Promote Open Society,People's Action for Free and Fair Elections (PAFFR,,12/3 Robert Terrace Robert Gunawa,,Colombo,,CE,00600,40000,to support the Grantee in training and deploying election monitors and in assisting the Elections Commission through provision of face masks for voters
2020,263753801,Foundation to Promote Open Society,People's Action Institute,,2125 W North Ave,,Chicago,IL,,60647,175000,"to build out a base of people and organizations - across geography, race, and status (i.e. active users, those in recovery, those that have lost loved ones) - that can lead overdose crisis response work in the United States"
2020,263753801,Foundation to Promote Open Society,People's Action Institute,,2125 W North Ave,,Chicago,IL,,60647,420000,to support the Grantee and their Overdose Cohort in developing messaging that unites a multiracial coalition around ending the overdose crisis and supporting public health responses to drug use
2020,263753801,Foundation to Promote Open Society,People's Alliance for Credible Elections (PACE),,No14 San Yeik Nyein Street 5 Kam,,Yangon,,BM,11041,130187,to support a civic and voter education program in Myanmar
2020,263753801,Foundation to Promote Open Society,PerifaConnection,,R Rouget de Lisle 2 - Vila Santo,,Caxias,,BR,25.040-360,18000,to support a planning process to develop a network of communicators and activists who work to reduce the impacts of poverty in urban peripheries in Brazil
2020,263753801,Foundation to Promote Open Society,Persatuan Kesedaran Komuniti Selangor (EMPOWER),,D-3-33 Block D 8 Avenue Business,,Petaling Jaya,,MY,46050,35025,to support the Grantee in its work to strengthen the leadership roles of indigenous women of Peninsular Malaysia at the village and local levels through advocacy training and outreach
2020,263753801,Foundation to Promote Open Society,Peruvian Down Syndrome Society,,Las Orquideas 266,,Surquillo Lima,,PE,34,108744,to provide general support
2020,263753801,Foundation to Promote Open Society,Phandeeyar Foundation,,340 South Lemon Avenue 9595,,Walnut,CA,,91789,79908,to support the development and use of technology and digital literacy for peace and national reconciliation
2020,263753801,Foundation to Promote Open Society,Physicians for Human Rights,,256 West 38th Street 9th Floor,,New York,NY,,10018,50000,to support advocacy and qualitative research to document sexual and gender-based violence (SGBV) in order to promote ongoing international accountability efforts
2020,263753801,Foundation to Promote Open Society,Physicians for Human Rights,,256 West 38th Street 9th Floor,,New York,NY,,10018,3250000,to provide general support over 2017-2010 and a challenge contribution to the Grantee's $24 million growth campaign
2020,263753801,Foundation to Promote Open Society,Physicians for Reproductive Choice and Health Inc,,1430 Broadway Floor 16Suite 1614,,New York,NY,,10018,50000,"to support Global Doctors for Choice, a fiscally sponsored project, for their work in sexual and reproductive health services"
2020,263753801,Foundation to Promote Open Society,Pillars Fund,,FBRK c/o Pillars Fund200 W Madison3,,Chicago,IL,,60606,50000,to provide general support
2020,263753801,Foundation to Promote Open Society,Pillars Fund,,FBRK c/o Pillars Fund200 W Madison3,,Chicago,IL,,60606,200000,to ensure that authentic American Muslim stories are seen and heard in media and pop culture
2020,263753801,Foundation to Promote Open Society,PILnet,,199 Water Street,,New York,NY,,10038,200000,to provide general support
2020,263753801,Foundation to Promote Open Society,PILnet,,199 Water Street,,New York,NY,,10038,112500,"to support increasing the legal and operational resilience of civil society in Europe with a focus on, Poland, Slovakia, and Czech Republic and an emphasis on regions outside the countries' capitals, through collaboration with legal experts, private sector actors as well as by supporting cross-border cooperation of organized civil society"
2020,263753801,Foundation to Promote Open Society,PIVOT Inc,,1725 East Baltimore St,,Baltimore,MD,,21231,25000,to provide general support
2020,263753801,Foundation to Promote Open Society,Platform for Islamic Organisations in Rijnmond,,Teilingerstraat 122,,Rotterdam,,NL,3032 AW,7480,to support charitable and educational activities of Islamophobia in Sight 2.0
2020,263753801,Foundation to Promote Open Society,Players Philanthropy Fund,,1122 Kenilworth Ave 201,,Towson,MD,,21204,37500,"to support Wellthy Communities, a project of the grantee, as they respond to the COVID-19 crisis and provide immediate relief to DC's marginalized population"
2020,263753801,Foundation to Promote Open Society,Plop Media Content,,888 Brickell Av Suite 600,,Miami,FL,,33131,125000,to produce a series of six educational videos in partnership with comedians and fact-checking initiatives in order to make the public aware of Latin American governments' anti-democratic responses to the pandemic
2020,263753801,Foundation to Promote Open Society,Ploughshares Fund Inc,,315 Bay Street Suite 400,,San Francisco,CA,,94133,125000,to provide general support
2020,263753801,Foundation to Promote Open Society,Ploughshares Fund Inc,,315 Bay Street Suite 400,,San Francisco,CA,,94133,50000,to provide general support
2020,263753801,Foundation to Promote Open Society,Poder in Action,,5877 W Indian School Rd,,Phoenix,AZ,,85031,50000,"to support the black phoenix organizing collective, a project of the Grantee formed to educate the public about civic engagement, voting and voting rights, and issues of economic and social justice"
2020,263753801,Foundation to Promote Open Society,Policy Forum Guyana,,56B Hadfield St Austin Place,,Georgetown,,GY,00000,20000,to train teams and disseminate information in order to contribute to inter-racial confidence building and combat Covid-19 in Guyana
2020,263753801,Foundation to Promote Open Society,Pontificia Universidad Catolica de Chile,,Av Vicua Mackenna 4860 Macul,,Santiago,,CI,00000,132000,"to support the Grantee's program, Abdul Latif Jameel Poverty Action Lab, research and piloting work on a comprehensive response to femicide in Mexico City"
2020,263753801,Foundation to Promote Open Society,Pontificia Universidad Javeriana - Bogota,,Carrera 7 No 40 - 62,,Bogota,,CO,00000,140000,to develop a macroeconomic model integrating the care economy for Colombia
2020,263753801,Foundation to Promote Open Society,Pontificia Universidad Javeriana - Bogota,,Carrera 7 No 40 - 62,,Bogota,,CO,00000,25000,to support Observatorio Fiscal's efforts to analyze and share their findings on the impact of taxation and public spending on women in Colombia
2020,263753801,Foundation to Promote Open Society,Pontificia Universidad Javeriana Cali,,Calle 18 118-250,,Cali,,CO,760031,70000,"to support the Grantee's Intercultural Studies Institute to facilitate the effective participation of indigenous, afro-descendant, and peasant communities in Colombia's transitional justice mechanisms"
2020,263753801,Foundation to Promote Open Society,Positive Money Europe,,Rue Ducale 67,,Brussels,,BE,00000,150000,to support advocacy that will benefit EU citizens by ensuring that the ECB's COVID-19 response addresses climate goals and is socially equitable
2020,263753801,Foundation to Promote Open Society,POSSE,,Rosenheim Shimokitazawa 201Kitazaw,,Setagayaku,,JA,00000,20000,"to provide legal advice for migrant workers who are negatively impacted by the COVID-19 pandemic in Japan, conduct research on their working and living conditions, and publish a report describing their situations"
2020,263753801,Foundation to Promote Open Society,Power Inside Inc,,PO Box 4796,,Baltimore,MD,,21211,50000,to provide general support
2020,263753801,Foundation to Promote Open Society,President and Fellows of Harvard College,,Office for Sponsored Programs 1033,,Cambridge,MA,,02138,200000,to support the Grantee's Labor and Worklife Program to foster innovation in building worker power through experimenting and piloting new strategies and re-imagining American labor law
2020,263753801,Foundation to Promote Open Society,President and Fellows of Harvard College,,Office for Sponsored Programs 1033,,Cambridge,MA,,02138,400000,to research media manipulation tactics and provide trainings around disinformation
2020,263753801,Foundation to Promote Open Society,President and Fellows of Harvard College,,Office for Sponsored Programs 1033,,Cambridge,MA,,02138,140000,"to support the Berkman Klein Center's detailed analysis of political communication related to the 2020 U.S. elections, which aims to elucidate understanding of the evolution and dynamics of political debates"
2020,263753801,Foundation to Promote Open Society,President and Fellows of Harvard College,,Office for Sponsored Programs 1033,,Cambridge,MA,,02138,225000,"to support the Grantee's Shorenstein Center on Media, Politics, and Public Policy to conduct research on media manipulation"
2020,263753801,Foundation to Promote Open Society,President and Fellows of Harvard College,,Office for Sponsored Programs 1033,,Cambridge,MA,,02138,250000,to support the research work of the Growth Lab at the Center for International Development
2020,263753801,Foundation to Promote Open Society,President and Fellows of Harvard College,,Office for Sponsored Programs 1033,,Cambridge,MA,,02138,1000000,to support the research work of the Growth Lab at the Center for International Development on policy options for future economic recovery in Venezuela
2020,263753801,Foundation to Promote Open Society,PrevenCasa AC,,Baja California 7580Zona Norte,,Tijuana,,MX,00000,6000,"to support harm reduction-based approaches to protect the health and rights of marginalized populations in Tijuana, Mexico"
2020,263753801,Foundation to Promote Open Society,Prism the Gift Fund,,20 Gloucester Place,,London,,UK,W1U 8HA,356262,to support activities to strengthen practice and scale up delivery of quality early childhood development programs and services in emergency contexts.
2020,263753801,Foundation to Promote Open Society,Prison Reform Trust,,15 Northburgh Street,,London,,UK,EC1V 0JR,27421,"to support a convening to coordinate the development of an access to justice knowledge hub for persons with disabilities, enabling people from around the world to share knowledge and expertise"
2020,263753801,Foundation to Promote Open Society,Prison Reform Trust,,15 Northburgh Street,,London,,UK,EC1V 0JR,100000,"to enable equal access to justice for persons with psychosocial and intellectual disabilities and to develop the Grantee's Knowledge Hub, which will share best practice concerning access to justice and fair participation for persons with disabilities"
2020,263753801,Foundation to Promote Open Society,Privacy International,,62 Britton Street,,London,,UK,EC1M 5UY,200000,to develop and implement a new organizational strategic plan; and to work with partners globally to challenge the drivers of digital identity systems and advocate for the protection of rights including privacy and freedom from discrimination as these systems are developed and managed
2020,263753801,Foundation to Promote Open Society,Pro Publica,,155 Avenue of the Americas 13th Fl,,New York,NY,,10013,175000,to provide general support
2020,263753801,Foundation to Promote Open Society,ProGeorgia State Table Inc,,1530 Dekalb Avenue Suite A,,Atlanta,GA,,30307,750000,to provide general support
2020,263753801,Foundation to Promote Open Society,ProGeorgia State Table Inc,,1530 Dekalb Avenue Suite A,,Atlanta,GA,,30307,900000,"to provide support for the ProGeorgia c3 civic engagement ""state table"" coalition to strengthen five leading member organizations"
2020,263753801,Foundation to Promote Open Society,ProGeorgia State Table Inc,,1530 Dekalb Avenue Suite A,,Atlanta,GA,,30307,500000,to support the organizations charitable activities
2020,263753801,Foundation to Promote Open Society,Programa Companeros A C,,Av de la Raza 2661 Silvias,,Ciudad Juarez,,MX,32330,60000,to provide general support
2020,263753801,Foundation to Promote Open Society,Programa Companeros A C,,Av de la Raza 2661 Silvias,,Ciudad Juarez,,MX,32330,72241,to support community coalitions focused on social inclusion of marginalized groups to improve health and safety in Ciudad Juarez
2020,263753801,Foundation to Promote Open Society,Programa Venezolano de Educacion Accion en Derecho,,Bulevar Panteon Edificio Centro Pl,,Caracas,,VE,00000,200000,to provide general support
2020,263753801,Foundation to Promote Open Society,Progressive Maryland Education Fund Inc,,PO Box 6988,,Largo,MD,,20792,50000,to provide general support
2020,263753801,Foundation to Promote Open Society,Progressive Maryland Education Fund Inc,,PO Box 6988,,Largo,MD,,20792,25000,to engage in a public education campaign to build understanding and support among Maryland residents for harm reduction strategies and to train and develop community leaders to become part of the policy development conversation and be the true drivers of drug policy change
2020,263753801,Foundation to Promote Open Society,Proiuris,,Orinoco St Los Olivos Bello Monte,,Caracas,,VE,1050,25000,"to support a legal aid network to benefit activists at risk and their families by providing legal aid and legal representation, monitoring and reporting"
2020,263753801,Foundation to Promote Open Society,Project On Government Oversight Inc,,1100 G Street NW Suite 500,,Washington,DC,,200053806,100000,to provide general support
2020,263753801,Foundation to Promote Open Society,Project on Organizing Development Education and,,PO Box 2086,,New York,NY,,10013,150000,to provide general support
2020,263753801,Foundation to Promote Open Society,Project Prosper,,2815 Edwards Ave South,,St Petersburg,FL,,33705,3000,"to support Mutual Aid NYC, a project of the Grantee that works to provide aid to New Yorkers during the COVID-19 pandemic"
2020,263753801,Foundation to Promote Open Society,Project Prosper,,2815 Edwards Ave South,,St Petersburg,FL,,33705,25000,"to provide support for trans sex workers of color in the informal economy within the COVID-19 context, including providing trans sex workers released from Rikers Island with housing and well-being assistance"
2020,263753801,Foundation to Promote Open Society,Promise of Justice Initiative,,636 Baronne Street,,New Orleans,LA,,70113,75000,"to support LA Repeal, a broad and diverse coalition in Louisiana, to organize community-level education on the brokenness of the death penalty system"
2020,263753801,Foundation to Promote Open Society,Promundo-US,,1367 Connecticut Ave NW Suite 310,,Washington DC,DC,,20036,164696,"to enable Promundo to test, innovate and improve programming models for male caregivers and young children, with the intent of reducing men's violence, improving gender equity, and improving the quality of parent-child interactions"
2020,263753801,Foundation to Promote Open Society,Pronatura Noroeste,,Calle Decima 60,,Ensenada,,MX,22800,60000,to support citizen participation in conserving the environment in Northwestern Mexico
2020,263753801,Foundation to Promote Open Society,Protection International,,Rue de la Liniere 11,,Brussels,,BE,1060,60000,"to scale up security management and protection strategies for civil society organizations (CSOs), media organizations and human rights defenders (HRDs) in Tanzania"
2020,263753801,Foundation to Promote Open Society,Protection International,,Rue de la Liniere 11,,Brussels,,BE,1060,50000,to train human rights defenders in Central Africa on security management and protection strategies
2020,263753801,Foundation to Promote Open Society,Protection International,,Rue de la Liniere 11,,Brussels,,BE,1060,150000,to provide general support
2020,263753801,Foundation to Promote Open Society,Proteus Fund Inc,,15 Research Drive Suite B,,Amherst,MA,,01002,245000,"to support the Transparency and Accountability Initiative donor collaborative, a fiscally-sponsored project of the grantee, to assist its members to strengthen the impact and effectiveness of their transparency and accountability funding, and the movement as a whole"
2020,263753801,Foundation to Promote Open Society,Proteus Fund Inc,,15 Research Drive Suite B,,Amherst,MA,,01002,50000,"to support the Human Rights Funders Network, a fiscally sponsored project of the Grantee, to promote intersectionality and strengthen human rights philanthropy in response to the human rights challenges and economic crisis exacerbated by the current COVID-19 pandemic"
2020,263753801,Foundation to Promote Open Society,Proteus Fund Inc,,15 Research Drive Suite B,,Amherst,MA,,01002,375000,"to provide program support to the Rise Together Fund, a donor collaborative based at the Grantee that supports Muslim, Arab, and South Asian rights organizations"
2020,263753801,Foundation to Promote Open Society,Proteus Fund Inc,,15 Research Drive Suite B,,Amherst,MA,,01002,450000,"to support the Piper Fund, a project of the Grantee dedicated to reducing the influence of special interests on the U.S. political system and in its state courts"
2020,263753801,Foundation to Promote Open Society,Proteus Fund Inc,,15 Research Drive Suite B,,Amherst,MA,,01002,160000,"to support BRIDGES, a fiscally sponsored project of the grantee, to identify strategic gaps within and among human rights movements and incubate initiatives seeking to fill those gaps"
2020,263753801,Foundation to Promote Open Society,Protex A Network for Progressive Texas DBA Texas C,,1714 Fortview Road Suite 104,,Austin,TX,,78704,300000,to provide general support
2020,263753801,Foundation to Promote Open Society,Providence Youth Student Movement,,669 Elmwood Avenue Box 16 Suite B-,,Providence,RI,,02907,55877,"to support programs to connect youth and their families to programs, campaigns, and resources needed due to COVID19, police violence, and school issues, and to develop an extensive education and organizing toolkit to abolish the school to prison to deportation pipeline in Providence, Rhode Island"
2020,263753801,Foundation to Promote Open Society,Proyecto de Derechos Economicos Sociales y Cultura,,Zamora 169 Despacho B2,,Mexico City,,MX,06140,275000,to provide general support
2020,263753801,Foundation to Promote Open Society,Proyecto de Derechos Economicos Sociales y Cultura,,Zamora 169 Despacho B2,,Mexico City,,MX,06140,77143,"to support the defense of the labor rights of low wage and migrant workers, including temporary migrant guestworkers, in Mexico and across the US-Mexico labor migration corridor through research, strategic communications, worker organizing, litigation, advocacy, and alliance building"
2020,263753801,Foundation to Promote Open Society,Proyecto Matria Inc,,31 Jimenez Sicardo,,Caguas,,RQ,00725,50000,to provide general support
2020,263753801,Foundation to Promote Open Society,PT Info Media Digital,,Tempo Building Palmerah Barat No8,,South Jakarta,,ID,12210,58636,"to support Tempo Witness, a charitable and educational project of the Grantee, that seeks to train marginalized indigenous communities and provide them with a platform to share and bring public visibility to topics of importance to their communities"
2020,263753801,Foundation to Promote Open Society,Public Advocates Inc,,131 Steuart Street Suite 300,,San Francisco,CA,,94105,150000,to provide general support
2020,263753801,Foundation to Promote Open Society,Public Citizen Foundation,,1600 20th Street NW,,Washington,DC,,20009,100000,to provide general support
2020,263753801,Foundation to Promote Open Society,Public Citizen Foundation,,1600 20th Street NW,,Washington,DC,,20009,295333,to support strategic litigation and training
2020,263753801,Foundation to Promote Open Society,Public Defender Society of Nepal (PDS-Nepal),,House151 Surya Marg Babarmahal,,Kathmandu Metropolitan City,,NP,00000,30000,to support the grantee's work on rights for prisoners who are at risk due to the COVID-19 pandemic
2020,263753801,Foundation to Promote Open Society,Public Interest Research Centre,,Y Plas Machynlleth,,Powys Wales,,OC,SY20 8ER,6250,"to support civil society organizations in development and framing of strategies rooted in accessibility, participation, and diversity"
2020,263753801,Foundation to Promote Open Society,Public Justice Center Inc,,One North Charles Street Suite 200,,Baltimore,MD,,21201,50000,"to support the Baltimore Black Worker Center, a fiscally sponsored project of the Grantee, to promote worker organizing and leadership development to address the impact of COVID-19"
2020,263753801,Foundation to Promote Open Society,Public Justice Center Inc,,One North Charles Street Suite 200,,Baltimore,MD,,21201,150000,"to enable Black Leaders Organizing for Change, a fiscally-sponsored project of the Grantee, to provide training initiatives for youth and other marginalized community organizers in Baltimore in order for them to organize and empower their communities to promote the implementation of sustainable solutions that address the root causes of the issues most negatively impacting their communities"
2020,263753801,Foundation to Promote Open Society,Public Knowledge,,1818 N Street Suite 410,,Washington,DC,,20036,225000,to provide general support
2020,263753801,Foundation to Promote Open Society,Public Organization The Centre of Information-Com,,Rudaki Avenue 93/1,,Dushanbe,,TI,734001,25000,"to renew youth activism in civil society through the research, development and integration of IT solutions"
2020,263753801,Foundation to Promote Open Society,Public Organization Insight,,PO Box 351B,,Kiev,,UP,1001,55000,to support Insight's work with trans and LGBI+ communities
2020,263753801,Foundation to Promote Open Society,Public Religion Research Institute,,1023 15th Street NWFloor 9,,Washington,DC,,20005,75000,to provide general support
2020,263753801,Foundation to Promote Open Society,Publish What You Pay (PWYP),,CAN Mezzanine 7-14 Great Dover Str,,London,,UK,SE1 4YR,1500000,to provide general support
2020,263753801,Foundation to Promote Open Society,Publishing House Vlast,,Moldagulova Street 45 Apartment 28,,Almaty,,KZ,50000,65800,to support development of independent regional journalism in Kazakhstan and Central Asia
2020,263753801,Foundation to Promote Open Society,Purpose Foundation,,115 5th Avenue 6th Floor,,New York,NY,,11558,35000,to support research into the awareness of constitutional rights and democracy amongst youth with an aim to foster their engagement in governance
2020,263753801,Foundation to Promote Open Society,Quincy Institute for Responsible Statecraft,,2000 Pennslyvania Ave NW 7000,,Washington,DC,,20006,500000,to provide general support
2020,263753801,Foundation to Promote Open Society,Quincy Institute for Responsible Statecraft,,2000 Pennslyvania Ave NW 7000,,Washington,DC,,20006,25000,to support research into the awareness of constitutional rights and democracy amongst youth with an aim to foster their engagement in governance
2020,263753801,Foundation to Promote Open Society,Race Forward,,145 East 57th Street Fourth Floor,,New York,NY,,10022,150000,"to provide $100,000 in project support to advance a more racially equitable narrative on immigration and $50,000 in project support for the Facing Race Conference"
2020,263753801,Foundation to Promote Open Society,Race Forward,,145 East 57th Street Fourth Floor,,New York,NY,,10022,600000,to provide support to the Grantee and a project to advance a more racially equitable narrative on immigration
2020,263753801,Foundation to Promote Open Society,ReCommon,,via Lucio Lombardo Radice 9,,Roma,,IT,00134,250000,to provide general support
2020,263753801,Foundation to Promote Open Society,repower Fund,,2639 Nicollet Ave 220,,Minneapolis,MN,,55408,35000,to provide general support
2020,263753801,Foundation to Promote Open Society,Red de Activismo e Investigacion por la Convivenci,,Calle Bolivar Edf Grano de Oro a,,Caracas,,VE,1060,120000,"to support the Grantee's research on citizen security, gun control, illicit economies, militarization, and lethal violence in Venezuela"
2020,263753801,Foundation to Promote Open Society,Red de Mujeres Sindicalistas,,Oriente 255 A No 97 Colonia A,,Mexico City,,MX,08500,125000,to disseminate information about the 2019 Mexican Labor Reform and build the capacity of worker organizations to ensure its implementation and enforcement
2020,263753801,Foundation to Promote Open Society,Rede Liberdade,,Rua Cardeal Arcoverde 359 13 anda,,Sao Paulo,,BR,CEP: 05407-007,121270,to support the Grantee's work to address emblematic legal cases on human rights violations and authoritarian responses including those emerging from the health emergency of COVID 19 pandemic in Brazil
2020,263753801,Foundation to Promote Open Society,REDEH - Rede de Desenvolvimento Humano,,Rua Alvaro Alvim 21 - 16 andar,,Rio de Janeiro,,BR,20031-010,15000,"to support a public exhibit and round table to celebrate the achievements of Nilcea Freire, human rights advocate who passed away in December 2019"
2020,263753801,Foundation to Promote Open Society,Redes AC,,Urb Vista Alegre Calle 4 C Qta,,Caracas,,VE,00000,70000,to support communications to explain the human rights situation in Venezuela
2020,263753801,Foundation to Promote Open Society,Regents of the University of Minnesota,,200 Oak Street SE Suite 450,,Minneapolis,MN,,55455,178000,to support the Grantee's Human Rights Center to support the work of UN Special Rapporteur on Counter-Terrorism and Human Rights and host a convening with key civil society organizations
2020,263753801,Foundation to Promote Open Society,Regional Associates for Community Initiatives,,Atiak town council,,Arua,,UG,P.O BOX 227,25000,to support research on the effectiveness of current frameworks on security governance in the Democratic Republic of the Congo
2020,263753801,Foundation to Promote Open Society,Release Aging People in Prison (RAPP),,168 Canal Street6th Floor,,New York,NY,,10013,135000,to urgently promote decarceration in New York during the Coronavirus public health crisis
2020,263753801,Foundation to Promote Open Society,Release Leads Ltd,,61 Mansell Street,,London,,UK,E1 8AN,238500,to support the Grantee's International Advocacy and Drug Policy Communications project
2020,263753801,Foundation to Promote Open Society,Relief International,,1101 14th St NW Suite 1100,,Washington,DC,,20005,328504,to support Relief International's COVID-19 response and healthcare efforts to support Relief International's COVID-19 response and healthcare efforts
2020,263753801,Foundation to Promote Open Society,Relief International,,1101 14th St NW Suite 1100,,Washington,DC,,20005,600000,to support Relief International's COVID-19 response
2020,263753801,Foundation to Promote Open Society,Renaissance Institute,,No 51/A-6 Thayarwaddy Street S,,Bahan Township,,BM,00000,47000,to provide general support
2020,263753801,Foundation to Promote Open Society,REPCE,,Bridge 5 Mill22a Beswick Street,,Ancoats,,OC,M4 7HR,100000,to provide general support
2020,263753801,Foundation to Promote Open Society,Reporter Brasil - Organizacao de Comunicacao e Pro,,Rua Bruxelas 169,,Sao Paulo,,BR,01259020,60000,to support journalism by Reprter Brasil to expose the power dynamics and policies that influence COVID-19 related biomedical innovation and access in Brazil
2020,263753801,Foundation to Promote Open Society,Reporters Without Borders,,CS 90247 Cedex 02,,Paris,,FR,75083,87500,to provide general support
2020,263753801,Foundation to Promote Open Society,Res Non Verba Asociacion,,Thames 1024,,Buenos Aires,,AR,C1414DCW,70000,"to strengthen through training and coaching, technology expertise among Latin American civil society organizations to better operate during the COVID-19 pandemic"
2020,263753801,Foundation to Promote Open Society,Research Association Data Privacy Brazil,,Alameda Santos 1293 3rd floor Ja,,Sao Paolo,,BR,01419-904,192000,"to support a project to monitor the development of techno-authoritarian policies related to the COVID-19 health crisis in Brasil, and respond with sophisticated legal theses and litigation strategies to uphold human rights and uphold democratic laws, policies and norms"
2020,263753801,Foundation to Promote Open Society,Research Foundation of CUNY John Jay College,,524 West 59th Street,,New York,NY,,10019,152418,"to conduct a qualitative and quantitative analysis of violence dynamics in two municipalities in Cear State, Brazil"
2020,263753801,Foundation to Promote Open Society,Resource Impact,,1341 G Street Northwest,,Washington,DC,,20005,50000,to support the Grantee's We Must Count health equity campaign
2020,263753801,Foundation to Promote Open Society,Resource Impact,,1341 G Street Northwest,,Washington,DC,,20005,50000,"to develop an independent Latinx culture-defending and media-monitoring entity, a sponsored project of the Grantee"
2020,263753801,Foundation to Promote Open Society,Restorative Response Baltimore,,1500 Union Avenue Suite 2700,,Baltimore,MD,,21211,25000,to provide general support
2020,263753801,Foundation to Promote Open Society,ReThink Media Inc,,2039 Shattuck Ave Suite 401,,Berkeley,CA,,94704,25000,"to provide support for rethinking the national security narrative in the US in order to promote a more inclusive, just, and accountable national security framework in the US and globally"
2020,263753801,Foundation to Promote Open Society,ReThink Media Inc,,2039 Shattuck Ave Suite 401,,Berkeley,CA,,94704,110000,to provide general support
2020,263753801,Foundation to Promote Open Society,ReThink Media Inc,,2039 Shattuck Ave Suite 401,,Berkeley,CA,,94704,150000,to build and strengthen the voting rights sector
2020,263753801,Foundation to Promote Open Society,Rhodes University,,Eden Grove Building Lucas Avenue,,Grahamstown,,SF,06140,75000,to promote social accountability practices that results in systemic improvements to public resource management (PRM) processes for quality access to essential basic services that benefit communities
2020,263753801,Foundation to Promote Open Society,Rian International Center,,One State Street Suite 800,,Boston,MA,,02109,600000,to provide support to the Boston Immigrant Covid-19 Collaborative (BICC) Emma Lazarus program which provides cash assistance and other critical supports to immigrant and other vulnerable workers impacted by the Covid 19 economic fallout
2020,263753801,Foundation to Promote Open Society,Right to Protection (R2P),,55 Shchekavytska Street,,Kyiv,,UP,00000,60315,to facilitate the integration of refugees and asylum seekers into Ukrainian society through legal support and access to employment
2020,263753801,Foundation to Promote Open Society,Right To The City Alliance,,388 Atlantic Avenue 2nd Floor,,Brooklyn,NY,,11217,200000,to provide general support
2020,263753801,Foundation to Promote Open Society,Rights and Accountability in Development (RAID),,Studio 204 ScreenWorks22 Highbury,,London,,UK,N5 2EF,100000,to provide general support
2020,263753801,Foundation to Promote Open Society,RISE Institute,,3012 Porter Street NW,,Washington DC,DC,,20008,57970,"to support the grantee's work to develop, organizationally consolidate, and attain the financial and organizational sustainability of the ECDtf"
2020,263753801,Foundation to Promote Open Society,Rockefeller Family Fund,,475 Riverside Drive Suite 900,,New York,NY,,10115,150000,"to deliver a ""Fossil Free University"" online training course to young activists and their parents and to connect their initiatives as part of an online global campaign against the major polluters"
2020,263753801,Foundation to Promote Open Society,Rockefeller Philanthropy Advisors Inc,,6 West 48th Street 10th Floor,,New York,NY,,10036,364599,"to support the work of the Mayors Migration Council, a fiscally sponsored project of the Grantee"
2020,263753801,Foundation to Promote Open Society,Rockefeller Philanthropy Advisors Inc,,6 West 48th Street 10th Floor,,New York,NY,,10036,1000000,to support local response in the Global South geared toward needs of refugees and migrants in the wake of the Covid-19 pandemic
2020,263753801,Foundation to Promote Open Society,Rockefeller Philanthropy Advisors Inc,,6 West 48th Street 10th Floor,,New York,NY,,10036,1300000,"to support Pop Culture Collaborative, a fiscally sponsored project of the Grantee, with the building of a community of philanthropic entities seeking to harness the power of narrative to affect change"
2020,263753801,Foundation to Promote Open Society,Rockefeller Philanthropy Advisors Inc,,6 West 48th Street 10th Floor,,New York,NY,,10036,250000,"to support the #AfricaNoFilter (#ANF) funder collaborative, a fiscally sponsored project of the Grantee, to help in replacing the harmful representations of the continent with progressive narratives that tell accurate nuanced and contextualized stories about Africa"
2020,263753801,Foundation to Promote Open Society,Rockwood Leadership Institute,,1212 Broadway Suite 700,,Oakland,CA,,94612,250000,to provide capacity-building support to non-profit leaders in response to the COVID-19 pandemic and its impact on the field
2020,263753801,Foundation to Promote Open Society,Roma Center for Health Policies - Sastipen,,76 Mircea cel Batran Street,,Bucharest District,,RO,00000,45000,to provide general support
2020,263753801,Foundation to Promote Open Society,Roma center for women and children Daje,,Gostivarska 28,,Belgrade,,RI,11000,18000,to provide general support
2020,263753801,Foundation to Promote Open Society,Roma Education Fund,,Baarerstrasse 12,,Zug,,SZ,CH-6300,2620749,"to support the grantee's programmatic work in 2020, including scholarships, research and advocacy, contribution to the COVID-19 Emergency Fund, project grants, support to Roma Education Fund Romania and Roma Education Fund Slovakia, and a portion of administrative costs"
2020,263753801,Foundation to Promote Open Society,Roma Entrepreneurship Development Initiative Assoc,,Apt 6 BLVILA BSC-ET212 Strada,,Voluntari,,RO,077190,300000,to provide general support
2020,263753801,Foundation to Promote Open Society,Royal United Services Institute For Defence And Se,,61 Whitehall,,London,,UK,SW1A 2ET,86323,to support the grantee's advocacy and accountability efforts focused on economic crime within the UK.
2020,263753801,Foundation to Promote Open Society,Rural Utah Project Education Fund,,323 S 600 E Suite 130,,Salt Lake City,UT,,84102,10000,"to support the Navajo & Hopi Families COVID-19 Relief Fund, a project of the Grantee"
2020,263753801,Foundation to Promote Open Society,Rutgers University Foundation,,7 College Avenue Winants Hall,,New Brunswick,NJ,,089011261,500000,to further invest in the leadership development of Black and Brown labor movement leaders
2020,263753801,Foundation to Promote Open Society,Rutgers University Foundation,,7 College Avenue Winants Hall,,New Brunswick,NJ,,089011261,100000,to support the Center for Women's Global Leadership's work on women's leadership in the arena of human rights
2020,263753801,Foundation to Promote Open Society,Rutgers University Foundation,,7 College Avenue Winants Hall,,New Brunswick,NJ,,089011261,160000,"to undertake landscape analysis on promising approaches to transformative leadership for the labor movement, and to convene key stakeholders to share learnings and inform a collective perspective to enable to vibrant and inclusive labor movement for the 21st Century"
2020,263753801,Foundation to Promote Open Society,Rutgers University Foundation,,7 College Avenue Winants Hall,,New Brunswick,NJ,,089011261,33000,"to support the Grantee's Institute for the Study of Employee Ownership and Profit Sharing work on a conference, educational programming and research on worker ownership and unions"
2020,263753801,Foundation to Promote Open Society,Rytmus - od klienta k obcanovi ops,,Londynska 81,,Prague,,EZ,212000,258000,to provide general support
2020,263753801,Foundation to Promote Open Society,Safe & Just Michigan,,521 Seymour,,Lansing,MI,,48933,300000,to provide general support
2020,263753801,Foundation to Promote Open Society,Sam Schwartz Engineering DPC,,322 Eighth Avenue 5th Floor,,New York,NY,,10001,95500,to enable research and the preparation of a report on ways to increase access by local authorities to data about work performed in the digital economy
2020,263753801,Foundation to Promote Open Society,Samuel DeWitt Proctor Conference Inc,,4533 South Lake Park,,Chicago,IL,,60653,150000,to provide general support
2020,263753801,Foundation to Promote Open Society,Sanaa Center for Strategic Studies,,Haddah Street near to Al-Misbahi I,,Sanaa,,YM,00000,100000,"to support research and analysis with a focus on advancing peace, rights and security in Yemen and the surrounding region"
2020,263753801,Foundation to Promote Open Society,Sancharika Samuha,,PO Box13293 Jwagal Lalitpur Ne,,PO Box Jwagal Lalitpur N,,NP,00000,24000,to build the professional capacity of women journalists and promote better representation of women journalists in Nepali media for more inclusive and diverse coverage of content
2020,263753801,Foundation to Promote Open Society,Sandhi Governance Institute,,317 6B Maha Bandoola Street,,Yangon,,BM,50000,18000,to support the comparative analysis of two regions and one ethnic state on COVID-19 response
2020,263753801,Foundation to Promote Open Society,Santamaria Fundacion,,Calle 18 42b-32 Barrio San Judas,,Cali,,CO,00000,90000,to provide general support
2020,263753801,Foundation to Promote Open Society,Sargent Shriver National Center on Poverty Law,,50 E Washington Street Suite 500,,Chicago,IL,,60602,125000,to advance the housing rights of people with criminal records
2020,263753801,Foundation to Promote Open Society,Save the Children UK,,1 St Johns Lane,,London,,OC,EC1M 4AR,58251,"to advance the rights of child migrants through the implementation of the Global Compact on Refugees and the Global Compact on Safe, Orderly, and Regular Migration"
2020,263753801,Foundation to Promote Open Society,SAVVY Contemporary eV,,Gerichtstr 35,,Berlin,,GM,13347,150000,to provide general support
2020,263753801,Foundation to Promote Open Society,ScholarCHIPS Inc,,1331 Emerson Street NW,,Washington,DC,,20011,200000,"to provide youth who are directly impacted by mass incarceration with opportunities to go to college via scholarships, mentoring, and a supportive peer network"
2020,263753801,Foundation to Promote Open Society,Scholars at Risk Inc,,411 Lafayette Street Rm 364,,New York,NY,,10003,462500,to provide general support
2020,263753801,Foundation to Promote Open Society,School of Media and Journalism Foundation of North,,Carroll HallCampus Box 3365114 East,,Chapel Hill,NC,,275993365,366369,"to support the Ida B. Wells Society for Investigative Reporting at the UNC Hussman School of Journalism and Media and its efforts to increase the ranks, retention, and profile of reporters and editors of color in the field of investigative reporting"
2020,263753801,Foundation to Promote Open Society,Seattle International Foundation,,1601 5th Avenue Suite 1900,,Seattle,WA,,98101,70000,to organize a bilingual intensive educational program about the War on Drugs (WoD) for high-school-aged students and their educators from across the Americas
2020,263753801,Foundation to Promote Open Society,Servicio Jesuita a Migrantes - Espana (SJM - Espan,,Avenida de la Moncloa 6,,Madrid,,SP,28003,37781,to support charitable and educational activities of Strategic litigation and advocacy II.
2020,263753801,Foundation to Promote Open Society,Sete Leguas Filmes Ltda,,R GAL URQUIZA 124 APT 401 LEBLON,,Rio de Janeiro,,BR,22431040,70000,to support Sete Leguas to create and run a social media project focused on climate justice issues
2020,263753801,Foundation to Promote Open Society,Seton Hall University,,400 South Orange Avenue,,South Orange,NJ,,07079,50000,"to work with advocates, academics, regulators, legal and community groups from New Jersey to develop the basic research in order to undergird community harm-reduction methods, including decriminalization"
2020,263753801,Foundation to Promote Open Society,Sex Workers Outreach Project USA,,340 S Lemon Ave 7566,,Walnut,CA,,91789,55000,"to enable Sex Workers Outreach Project-Baltimore to run a peer-led, mobile outreach project providing services and support to street based sex workers"
2020,263753801,Foundation to Promote Open Society,Sex Workers Outreach Project USA,,340 S Lemon Ave 7566,,Walnut,CA,,91789,20000,to provide general support
2020,263753801,Foundation to Promote Open Society,Sex Workers Outreach Project USA,,340 S Lemon Ave 7566,,Walnut,CA,,91789,35000,to strengthen the capacity of a volunteer- and member-led harm reduction organization for people in street-based sex work
2020,263753801,Foundation to Promote Open Society,Sex Workers Outreach Project USA,,340 S Lemon Ave 7566,,Walnut,CA,,91789,12500,"to enable Sex Workers Outreach Project-Baltimore, a project of the Grantee, to reduce the stigma and dehumanization associated with sex work and to increase power and collaboration among sex workers"
2020,263753801,Foundation to Promote Open Society,Shadow World Investigations Ltd,,39a Welbeck Street,,London,,UK,W1G 8DH,70788,to support the Grantee in a public education campaign and to pursue accountability for State Capture cases in South Africa
2020,263753801,Foundation to Promote Open Society,Shamaa,,Sodeco Square Bloc C 6th floorDa,,Beirut,,LE,2062-1211,70000,"to support the collection of educational studies, conference proceedings, and reports in order to provide free access to educational studies in and about the Arab world, and to raise the quality of critical educational research"
2020,263753801,Foundation to Promote Open Society,Shan State Development Foundation,,No22 Dhama Yadanar Kyaung Street,,Taung Gyi,,BM,00000,9500,to support the grantee's work on health care in Shan State
2020,263753801,Foundation to Promote Open Society,ShareBaby,,PO Box 341,,Brooklandville,MD,,21022,15000,to provide general support
2020,263753801,Foundation to Promote Open Society,Shared Ascent Fund,,555 Capital Mall Suite 1095,,Sacramento,CA,,95814,50000,to support Grantee's IRS Private Letter Ruling project
2020,263753801,Foundation to Promote Open Society,Sikh Coalition Inc,,50 Broad Street Suite 504,,New York,NY,,10004,15000,to support a virtual social justice retreat for up to 100 Sikh youth across the United States
2020,263753801,Foundation to Promote Open Society,Sister Song Inc,,1237 Ralph David Abernathy Blvd,,Atlanta,GA,,30310,25000,to provide general support
2020,263753801,Foundation to Promote Open Society,SITU Studio LLC,,141 Flushing Avenue Bldg 77 Suite,,Brooklyn,NY,,11205,197500,"to support SITU Research to use advanced technology in investigation and representation of human rights and corporate accountability information through effective analysis, development and dissemination of new tools and techniques, and innovation, in support of human rights defenders and investigators and to benefit victims of human rights violations"
2020,263753801,Foundation to Promote Open Society,Sivio Institute Trust,,6 Ashton Road Alex Park Harare Zi,,Harare,,ZI,00263,50000,"to conduct a study on the underlying principles and manifestations of informal democracies, and the governance codes, ways of inclusion and roles played in those spaces"
2020,263753801,Foundation to Promote Open Society,Skoun Lebanese Addictions Center,,Rafic Hariri University Hospital A,,Beirut,,LE,20272101,95000,to provide general support
2020,263753801,Foundation to Promote Open Society,Skylight Engagement Inc,,14 DeKalb Ave 3rd Floor,,Brooklyn,NY,,11201,175000,"to support the Grantee's SolidariLabs, an innovative model designed to build solidarity, cultivate alliances, and foster collaboration among various actors in the human rights movement and with other social movements, as well as its corollary, the Virtual International Volunteers Exchange human rights defender mechanism in Latin America"
2020,263753801,Foundation to Promote Open Society,SNCC Legacy Project,,7535 Spring Lake Drive Suite D-2,,Bethesda,MD,,20817,25000,"to support the 60th Anniversary SNCC Gathering, a space for intergenerational learning and activism"
2020,263753801,Foundation to Promote Open Society,Social Accountability Association,,8 Mahdia Street Bloc B 5th floor,,Tunis,,TS,1006,40000,to support a series of trainings and workshops to promote a culture of accountability among citizens and decision makers in local authority
2020,263753801,Foundation to Promote Open Society,Social and Environmental Entrepreneurs,,23564 Calabasas Road Suite 201,,Calabasas,CA,,91302,100000,"to provide support to the Racial Justice Action Center, a fiscally sponsored project of the Grantee, in order to improve community health and safety while reducing the economic waste and damage of mass arrests and over-incarceration of vulnerable populations"
2020,263753801,Foundation to Promote Open Society,Social and Environmental Entrepreneurs,,23564 Calabasas Road Suite 201,,Calabasas,CA,,91302,75000,"to provide support to The WIRE, a fiscally sponsored project of the Grantee, for a network of partners working to heal from street and state violence and build community control over public safety in the District of Columbia through a transformative justice frame"
2020,263753801,Foundation to Promote Open Society,Social Changemakers and Innovators,,Radha Krishna MargGhattekulo,,Kathmandu,,NP,00000,50000,"to support the health and nutrition needs of the most-at-risk in the urban poor communities and promote collective voice for inclusion of the urban poor in COVID relief through trainings, research and advocacy"
2020,263753801,Foundation to Promote Open Society,Social Forum of Debt and Development of Honduras,,Ave Tiburcio Carias Andino,,Tegucigalpa,,HO,11101,50000,"to examine economic and social challenges created by the pandemic in Honduras, in order to ensure adequate economic revival and to achieve effective and timely social and health interventions"
2020,263753801,Foundation to Promote Open Society,Social Forum of Debt and Development of Honduras,,Ave Tiburcio Carias Andino,,Tegucigalpa,,HO,11101,70000,to analyze public spending of the justice sector in order to contribute to a more efficient and equitable justice system
2020,263753801,Foundation to Promote Open Society,Social Good Fund Inc,,12651 San Pablo Ave Unit 5473,,Richmond,CA,,94805,175000,to support grassroots mutual aid assistance by and for formerly incarcerated people affected by the COVID-19 crisis
2020,263753801,Foundation to Promote Open Society,Social Innovation Exchange,,Top Floor 3-5 Hardwidge Street,,London SE SY,,UK,00000,40000,to provide general support
2020,263753801,Foundation to Promote Open Society,Social Science Baha Services Pvt Ltd,,345 Ramchandra MargBattisputali,,Kathmandu,,NP,44600,21800,to support the knowledge sharing and dissemination activities of Graphic Novel as a form of storytelling and the issue of road construction as development
2020,263753801,Foundation to Promote Open Society,SocialTIC AC,,Insurgentes Sur 339 despacho 4 Col,,Cuauhtemoc,,MX,06170,60000,to provide general support
2020,263753801,Foundation to Promote Open Society,Sociedad y Discapacidad (SODIS),,AvSan Martin 765 Dep 305 Barran,,Lima,,PE,4,75000,to provide general support
2020,263753801,Foundation to Promote Open Society,Sociedad y Discapacidad (SODIS),,AvSan Martin 765 Dep 305 Barran,,Lima,,PE,4,50000,to build robust peer support networks equipped to respond to how the COVID pandemic is impacting the rights of persons with psychosocial disabilities in Latin America
2020,263753801,Foundation to Promote Open Society,Society for Alternative Media and Research,,Office No 33 First Floor Al-Anay,,Islamabad,,PK,44000,20000,"to conduct a study to understand the impact of fake news, misinformation and disinformation during and in the aftermath of COVID-19"
2020,263753801,Foundation to Promote Open Society,Society for International Development - Kenya,,6th Floor Timau Plaza Off Argwing,,Nairobi,,KE,00000,82500,to contribute to understanding the challenges and opportunities in Ethiopia and allow for development support to be tailored to responding to these challenges in a more informed way
2020,263753801,Foundation to Promote Open Society,Soloricon Ltd,,46 Coral StreetPO Box 291,,Castries,,ST,00000,70000,"to organize and listen to the voices of the people who are at the frontline of the Caribbean need for just transition, particularly the working poor and the vulnerable"
2020,263753801,Foundation to Promote Open Society,Soros Foundation - Kyrgyzstan,,55A Logvinenko St,,Bishkek,,KG,720040,2389208,"to provide support for non-lobbying activities in the following spheres and programs: public health, rule of law, budget transparency and accountability, information and media, education reform and higher education support, and youth activism and democratic values support"
2020,263753801,Foundation to Promote Open Society,Soros Foundation - Moldova,,Bulgara str 32,,Chisinau,,MD,2001,306500,to provide general support
2020,263753801,Foundation to Promote Open Society,Soros Foundation - Moldova,,Bulgara str 32,,Chisinau,,MD,2001,2500072,to provide general support
2020,263753801,Foundation to Promote Open Society,Soros Foundation - Moldova,,Bulgara str 32,,Chisinau,,MD,2001,700000,to provide general support
2020,263753801,Foundation to Promote Open Society,Soros Fund Charitable Foundation,,250 West 55th St 27th Floor,,New York,NY,,10019,538833,to support grantee's matching gift program
2020,263753801,Foundation to Promote Open Society,South African Medical Research Council,,Francie van Zijl Drive Parowvalley,,Tygerberg,,SF,7505,80000,"to include African voices in the debate on both immunization equity and vaccine hesitancy for COVID-19 Vaccines in South Africa and the African continent at large focusing to ensure that the vulnerable and disadvantaged in remote and rural areas, urban slums and conflict zones are included in equitable access of the vaccines and COVID-19 prevention messages including the vaccine."
2020,263753801,Foundation to Promote Open Society,South Asian Americans Leading Together,,6930 Carroll Avenue Suite 506,,Takoma Park,MD,,20912,100000,to provide general support
2020,263753801,Foundation to Promote Open Society,Southeast Asia Sexual Orientation Gender Identity,,Unit 15N 15th Floor Tower 1Suntru,,Quezon City,,RP,00000,60000,to provide general support
2020,263753801,Foundation to Promote Open Society,Southern Africa Litigation Centre Trust,,President Place 2nd Floor 1 Hood A,,Rosebank Johannesburg,,SF,2196,182000,to provide general support
2020,263753801,Foundation to Promote Open Society,Southern and Eastern Trade Information and Negotia,,Plot 806 Block 213 Bukoto-Kisaasi,,Kampala,,UG,3138,180000,to provide general support
2020,263753801,Foundation to Promote Open Society,Southern Center for Human Rights,,83 Poplar Street NW,,Atlanta,GA,,303032122,390000,to provide general support
2020,263753801,Foundation to Promote Open Society,Southern Coalition for Social Justice,,1415 W Hwy 54 Suite 101,,Durham,NC,,27707,40000,to provide general support
2020,263753801,Foundation to Promote Open Society,Southern Vision Alliance,,1410 W Chapel Hill St,,Durham,NC,,27701,800000,"to support Durham Beyond Policing, a project of the Grantee, to undertake research and organizing in Durham to understand what resources are needed to address and prevent harm"
2020,263753801,Foundation to Promote Open Society,Sponsorship Association of German Council on Forei,,Rauchstr 17/18,,Berlin,,GM,10787,120000,to support the German Council on Foreign Relations to analyze developments on policy areas that are deeply impacted by the COVID-19 crisis and to help define solutions that minimize the negative impact of the most vulnerable populations
2020,263753801,Foundation to Promote Open Society,Sri Lanka Press Institute,,No 96 Sir Bernard Soysa Mw,,Colombo,,CE,00000,9924,to support responsible and non-biased news reporting in print media in Sri Lanka
2020,263753801,Foundation to Promote Open Society,St Philip's Centre Ltd,,2a Stoughton Drive North,,Leicester,,OC,LE5 5UB,54513,"to support charitable and educational activities of Cops, Communities & Consent"
2020,263753801,Foundation to Promote Open Society,Stanislaw Brzozowski Association,,Jasna St 10 app 3,,Warsaw,,PL,00-013,498351,to provide general support
2020,263753801,Foundation to Promote Open Society,State Innovation Exchange,,PO Box 260230,,Madison,WI,,53726,125000,to provide general support
2020,263753801,Foundation to Promote Open Society,State Voices,,1616 P Street NW Suite 220,,Washington,DC,,20036,250000,"to support Silver State Voices, a project of the Grantee, in its efforts to increase access to the ballot for all Nevadans"
2020,263753801,Foundation to Promote Open Society,State Voices,,1616 P Street NW Suite 220,,Washington,DC,,20036,850000,to support the organization's charitable operations and the Voter Verification project
2020,263753801,Foundation to Promote Open Society,Stefan Batory Foundation,,10a Sapiezynska Street,,Warsaw,,PL,00 215,280000,to provide support for the Grantee's Alcohol and Drug Policy Program
2020,263753801,Foundation to Promote Open Society,Stefan Batory Foundation,,10a Sapiezynska Street,,Warsaw,,PL,00 215,100000,to provide general support
2020,263753801,Foundation to Promote Open Society,Stichting Center for Climate Crime Analysis,,Trompstraat 318,,The Hague,,NL,2518BS,75000,"to build strong evidentiary case files for prosecutions whose relevance cuts across the areas of environmental destruction, violations of human rights, and climate change"
2020,263753801,Foundation to Promote Open Society,Stichting Digital Freedom Fund,,Nieuwezijds Voorburgwal 104 - 108,,Amsterdam,,NL,1012,237559,"to provide support to the Digital Freedom Fund, which strengthens the field of digital rights litigation in Europe in order to achieve positive judgments for the protection and promotion of digital rights"
2020,263753801,Foundation to Promote Open Society,Stichting EqualA Foundation,,Tilanusstraat 322A,,Amsterdam,,NL,1091MZ,75000,to support Asia-Pacific's LGBTIQ+ movements and raise awareness on the exclusion of LGBTIQ+ communities' needs in Asia in order to build the capacity of community supported organizations to navigate available protection mechanisms
2020,263753801,Foundation to Promote Open Society,Stichting Institute for Social Sciences and Humani,,Jan Pietersz Coenstraat 7-1,,Den Haag,,NL,2595 WP,150000,to provide increased access to online learning opportunities to Farsi speakers during COVID-19
2020,263753801,Foundation to Promote Open Society,Stichting Institute on Statelessness and Inclusion,,Gestelsestraat 134,,Eindhoven,,NL,5615 LJ,105000,to provide general support
2020,263753801,Foundation to Promote Open Society,Stichting Lighthouse Reports,,Van Beeck Calkoenlaan 5,,Bunnik,,NL,3981 EL,50000,to build and equip a collaborative newsroom with the resources and expertise that would enable media to interrogate the rise of surveillance tech industry
2020,263753801,Foundation to Promote Open Society,Stichting Lighthouse Reports,,Van Beeck Calkoenlaan 5,,Bunnik,,NL,3981 EL,140000,to advance public interest journalism around the themes of migration and corruption
2020,263753801,Foundation to Promote Open Society,Stichting Mideast Youth,,Kingsfordweg 151,,Amsterdam,,NL,1043 GR,37500,"to support investigative reporting, policy, and data analysis in Arabic and English to engage and educate the public both online and offline on issues relating to migrants"
2020,263753801,Foundation to Promote Open Society,Stichting Onderzoek Multinationale Ondernemingen (,,Sarphatistraat 30,,Amsterdam,,NL,1018,190000,to provide general support
2020,263753801,Foundation to Promote Open Society,Stichting Prins Claus Fonds voor Cultuur en Ontwik,,Herengracht 603,,Amsterdam,,NL,1017 CE,1125000,to provide general support
2020,263753801,Foundation to Promote Open Society,Stichting Vredesbeweging PAX Nederland,,PO Box 193163501DH Utrecht,,Utrecht,,NL,00000,40000,to monitor and communicate to the public on a seminal corporate crimes against humanity and war crimes trial in Sweden
2020,263753801,Foundation to Promote Open Society,Stichting Wemos,,Ellermanstraat 15-O,,AmsterdamDuivendrecht,,NL,1114AK,90000,to provide general support
2020,263753801,Foundation to Promote Open Society,Stichting Wemos,,Ellermanstraat 15-O,,AmsterdamDuivendrecht,,NL,1114AK,550000,to provide general support
2020,263753801,Foundation to Promote Open Society,Stichting Wemos,,Ellermanstraat 15-O,,AmsterdamDuivendrecht,,NL,1114AK,120000,to provide general support
2020,263753801,Foundation to Promote Open Society,Stiftelsen Studio Emad Eddin,,Skarmarbrinksvagen 3121 35 Johannes,,Stockholm,,SW,00000,40000,to support arts and culture initiatives in Egypt
2020,263753801,Foundation to Promote Open Society,STOPAIDS,,Grayston Centre 28 Charles Square,,London,,UK,N1 6HT,187500,to provide general support
2020,263753801,Foundation to Promote Open Society,Strategic Initiative for Women in the Horn of Afri,,Plot 15 Upper East Naguru RoadPO,,Kampala,,UG,00000,50000,"to implement a project that aims to empower grassroots and urban poor communities in the Greater Khartoum to challenge gender, racial, class and religious discrimination in Sudan."
2020,263753801,Foundation to Promote Open Society,Strategies for Social Change,,42-06A Bell Blvd 221,,Bayside,NY,,11361,25000,"to design and implement a crisis response program, including individual coaching, leadership coaching circles, and tools for remote working, for non-profit leaders dealing with novel challenges in the context of COVID-19"
2020,263753801,Foundation to Promote Open Society,StreetNet International,,Unit 101 1st Floor Dinvir Centre,,Durban,,SF,4001,410000,to provide general support
2020,263753801,Foundation to Promote Open Society,StreetNet International,,Unit 101 1st Floor Dinvir Centre,,Durban,,SF,4001,200000,"to support the organization's work on promoting and uniting unorganized and marginalized street and market vendors in their struggle for socio-economic rights and justice through strengthening their voice, visibility and legitimacy"
2020,263753801,Foundation to Promote Open Society,Sundance Institute,,5900 Wilshire Boulevard Suite 800,,Los Angeles,CA,,90036,2000000,to support the Sundance Documentary Film Program
2020,263753801,Foundation to Promote Open Society,Sunnyside Unified School District Foundation Inc,,2238 E Ginter Road,,Tucson,AZ,,85706,500000,to provide support to the Grantee's COVID 19 relief fund which provides cash assistance and other critical support to immigrant and other vulnerable workers impacted by the pandemic
2020,263753801,Foundation to Promote Open Society,Surveillance Technology Oversight Project Inc,,40 Rector Street9th Floor,,New York,NY,,10006,45000,to provide general support
2020,263753801,Foundation to Promote Open Society,Surveillance Technology Oversight Project Inc,,40 Rector Street9th Floor,,New York,NY,,10006,100000,"to address the digital privacy and discrimination implications of so-called ""smart citiesthe impact of public and private surveillance technologies implemented in response to the COVID-19 pandemic"
2020,263753801,Foundation to Promote Open Society,Sustainable Cities Institute,,469 Francisco Leitao St - 14 floor,,Sao Paulo,,BR,00000,150000,to support work on public contracting oversight and private integrity in order to improve the quality of life in Brazilian cities
2020,263753801,Foundation to Promote Open Society,Sustainable Food Lab,,3 Linden Road,,Hartland,VT,,05048,116390,"to engage a group of actors in two countries, Uganda and Ghana, to operationalize commitments to living income in agriculture"
2020,263753801,Foundation to Promote Open Society,Sustainable Markets Foundation,,45 West 36th Street 6th Floor,,New York,NY,,100187635,50000,"to support the Pennsylvania chapter of the Debt Collective, a sponsored project of the Grantee that works to empower debtors to renegotiate and resist unfair debts"
2020,263753801,Foundation to Promote Open Society,Swansea University,,Singleton Park,,Swansea,,OC,SA2 8PP,70000,to support the continued operation of Grantee's Global Drug Policy Observatory unit
2020,263753801,Foundation to Promote Open Society,Synaps Suisse,,Chemin de Mourat 69,,Lutry,,SZ,1095,75000,to provide general support
2020,263753801,Foundation to Promote Open Society,Syrian Center for Media and Freedom of Expression,,17 Passage de la Main dOr,,Paris,,FR,92160,150000,to support work in pursuing accountability for human rights violations committed in Syria
2020,263753801,Foundation to Promote Open Society,T A G Treatment Action Group Inc,,90 Broad Street Ste 2503,,New York,NY,,10004,50000,"to support PrEP4All's work to advance access to medicines, including COVID-19 therapeutics and vaccines"
2020,263753801,Foundation to Promote Open Society,Taller Salud,,PO Box 524,,Loiza,,RQ,00772,405000,to strengthen and replicate alternatives to community safety in Loza and surrounding municipalities
2020,263753801,Foundation to Promote Open Society,Tanneri Chaso Services,,Hilledol Tarakeswhor Municipality,,Kathmandu,,NP,00000,21001,"to support youth involvement in educating the public about the issues of corruption, good governance, and demanding accountability of government authorities"
2020,263753801,Foundation to Promote Open Society,Tansa,,2-2-15 Hamamatsucho Minato-ku,,Tokyo,,JA,105-0013,13000,to support the Grantee's investigative journalism and education of the public on issues of public importance during the COVID-19 crisis
2020,263753801,Foundation to Promote Open Society,Tarangini Foundation,,Miteri Marg Mid-Baneshwor,,Kathmandu,,NP,00000,18181,"to support enhancing access to justice for community women by creating enabling environments for activists and leaders to share and overcome obstacles to their confidence, empowerment, and justice"
2020,263753801,Foundation to Promote Open Society,Taslimi Foundation,,1805 Colorado Avenue,,Santa Monica,CA,,90404,100000,to support Aasoo's online journalistic work to encourage new thinking and constructive dialogue in the context of Covid-19 pandemic
2020,263753801,Foundation to Promote Open Society,Tax Justice Network-Africa,,George Padmore Ridge 2nd FL Wing B,,Nairobi,,KE,00000,40000,to strengthen the grantee's internal capacity and governance structures in order to maximize effectiveness and promote fair and just taxation systems in Africa
2020,263753801,Foundation to Promote Open Society,TB HIV Care Non-Profit Company,,PO Box 2589,,Cape Town,,SF,8000,160000,to provide general support
2020,263753801,Foundation to Promote Open Society,Teacher Creativity Center,,Ein Mesbah-Alkasawny Neighborhood-A,,Ramallah,,OC,00000,203000,to support advocacy for equity in educational responses to COVID-19 in Palestine and the Arab world
2020,263753801,Foundation to Promote Open Society,Teacher Creativity Center,,Ein Mesbah-Alkasawny Neighborhood-A,,Ramallah,,OC,00000,92500,to provide general support
2020,263753801,Foundation to Promote Open Society,Technological Teachers Federation,,No35 Bo Zin Yaw Street Ward No,,Yangon,,BM,00000,40000,to support technical training to universities on the development of university charters and quality assurance
2020,263753801,Foundation to Promote Open Society,TechSoup Global,,435 Brannan Street Suite 100,,San Francisco,CA,,94107,85000,to provide general support
2020,263753801,Foundation to Promote Open Society,Tecnologia sin fines de lucro AC,,Alvaro Obregon 168,,CDMX,,MX,06700,25000,to support the production of support materials for groups and collectives in order to increase the general population's participation in public affairs
2020,263753801,Foundation to Promote Open Society,Temblores ONG,,Calle 70 0-32Apto 302,,Bogota,,CO,00000,90000,to support the Grantee's work on criminal justice and public health during COVID-19 pandemic
2020,263753801,Foundation to Promote Open Society,Temeride Corporation,,Mz N Casa 12 Hamburgo Pereira,,Pereira Risaralda,,CO,660004,12500,to continue building community support for the advancement of harm reduction activities in the cities of Pereira and Dosquebradas
2020,263753801,Foundation to Promote Open Society,Terra de Direitos,,Rua Ebano Pereira 44 - sala 905,,Curitiba,,BR,80.410-240,105000,to provide general support
2020,263753801,Foundation to Promote Open Society,Texas Defender Service,,510 South Congress Avenue Suite 30,,Austin,TX,,78704,445000,to provide general support
2020,263753801,Foundation to Promote Open Society,Texas Fair Defense Project,,510 South Congress Avenue Suite 20,,Austin,TX,,78704,120000,to provide general support
2020,263753801,Foundation to Promote Open Society,Texas Low Income Housing Information Service,,1800 West 6th Street,,Austin,TX,,787035122,150000,to provide general support
2020,263753801,Foundation to Promote Open Society,Thabyay Education Foundation,,Kant Kaw Education Centre 605A San,,Yangon,,BM,11051,29820,"to strengthen educational advising services, which will broaden educational and study abroad opportunities for socially engaged young people"
2020,263753801,Foundation to Promote Open Society,Thai Volunteer Service,,409 Soi Rohitsook Pracharajbampen,,Bangkok,,TH,10320,63063,to support grantee's work which aims to educate and develop a new generation of young social activists for positive social change and strengthening of civil society organisations
2020,263753801,Foundation to Promote Open Society,The Advancement Project,,1220 L Street NW Suite 850,,Washington,DC,,20005,750000,to provide general support
2020,263753801,Foundation to Promote Open Society,The American Austrian Foundation,,c/o UniCredit Group 150 East 42nd,,New York,NY,,10017,1150000,"to support the organization, their Salzburg Medical Seminars Program and Public Health Seminars, which aim to improve the quality of health care by educating medical and public health professionals and fostering their development as teachers and leaders"
2020,263753801,Foundation to Promote Open Society,The American Constitution Society for Law and Poli,,1899 L St NW Suite 200,,Washington,DC,,20036,750000,to provide general support
2020,263753801,Foundation to Promote Open Society,The American Documentary Inc,,20 Jay Street9th Floor Suite 940,,Brooklyn,NY,,11201,100000,"to support the COVID-19 Artist Emergency Fund, which will provide rapid response grants to assist documentary filmmakers with basic needs including food, immediate health needs and insurance premiums"
2020,263753801,Foundation to Promote Open Society,The Arab Foundation for Freedoms and Equality (AFE,,Sioufi Street Abdallah Hanna Build,,Beirut,,LE,00000,20000,to support the Grantee in its work assisting sexual minorities in the MENA region following the August 4th blast in Beirut
2020,263753801,Foundation to Promote Open Society,The Arc of the United States,,1825 K Street NW Suite 1200,,Washington,DC,,20006,42500,to support the Grantee's National Center on Criminal Justice and Disability to examine alternative community response models to policing which negatively affect people with disabilities and to share learnings by participating in the Access to Justice Knowledge Hub
2020,263753801,Foundation to Promote Open Society,The Arc of the United States,,1825 K Street NW Suite 1200,,Washington,DC,,20006,50000,to support the Grantee's Center on Criminal Justice and Disability in building an international knowledge hub where advocates and professionals from both disability rights and the justice sector can share materials and exchange experiences working on the issues faced by people with disabilities in criminal justice systems
2020,263753801,Foundation to Promote Open Society,The Asia Society,,725 Park Avenue,,New York,NY,,100215088,150000,to support the grantee's online platform in producing and disseminating COVID-19 related contents
2020,263753801,Foundation to Promote Open Society,The Asia Society,,725 Park Avenue,,New York,NY,,100215088,85000,to support the Asia Society's symposia on U.S. & European and U.S. & Asian relations with China
2020,263753801,Foundation to Promote Open Society,The Aspen Institute Inc,,2300 N St NWSuite 700,,Washington,DC,,20037,25000,to provide general support
2020,263753801,Foundation to Promote Open Society,The Association for the Public Defender of Marylan,,6 St Paul Street Suite 1400,,Baltimore,MD,,21202,40000,to provide program support to facilitate the safe release of individuals from the Baltimore City jail in response to COVID-19
2020,263753801,Foundation to Promote Open Society,The B Team Headquarters Inc,,115 5th Avenue 6th Floor,,New York,NY,,10003,250000,"to mobilize business leaders to advance an international agenda of anti-corruption and responsible taxation, defense of civic space, embrace for migrants and refugees, and support for a new social contract that bolsters workers' rights and livelihoods"
2020,263753801,Foundation to Promote Open Society,The Blue Mountain Center of Meditation Inc,,3600 Tomales Petaluma Rd,,Tomales,CA,,94971,750,to provide general support
2020,263753801,Foundation to Promote Open Society,The Board of Trustees of the Leland Stanford Junio,,Office of Sponsored Research 3160,,Palo Alto,CA,,943048445,30000,"to support the Digital Civil Society Lab (DCSL), a program of the Grantee's, to host an academic conference in October of 2019"
2020,263753801,Foundation to Promote Open Society,The BOMA Project Inc,,4927 Main Street PO Box 1865 Ma,,Manchester,VT,,05255,150000,to reduce the prevalence and depth of poverty while strengthening the resilience of vulnerable households in Kenya
2020,263753801,Foundation to Promote Open Society,The British Palestinian Policy Council,,51 Hodford Road,,London,,UK,NW118NL,24994,to support British Palestinian community leaders in advancing Palestinian human rights through public outreach and education
2020,263753801,Foundation to Promote Open Society,The Brookings Institution,,1775 Massachusetts Avenue NW,,Washington,DC,,20036,125000,"to support research that aims to increase Black income and wealth, boost local hiring, and anchor neighborhood revitalization"
2020,263753801,Foundation to Promote Open Society,The Brookings Institution,,1775 Massachusetts Avenue NW,,Washington,DC,,20036,125000,to support expert research and analysis on the socio-economic impacts of migration in Latin America
2020,263753801,Foundation to Promote Open Society,The Caribbean Equality Project Inc,,109-42 124th Street,,South Ozone Park,NY,,11420,25000,to provide general support
2020,263753801,Foundation to Promote Open Society,The Carter Center Inc,,One Copenhill 453 Freedom Parkway,,Atlanta,GA,,30307,100000,"to the strengthen the mental health system in Liberia and West Africa, through by adaptation of resources for caregivers, capacity building of mental health workforce, and policy advocacy"
2020,263753801,Foundation to Promote Open Society,The Century Foundation,,1 Whitehall Street,,New York,NY,,10004,96000,to support a convening and a series of reports to explore the prospects of universal rights and equality in pluralistic societies
2020,263753801,Foundation to Promote Open Society,The Community Foundation for Greater Atlanta,,191 Peachtree Street NE Suite 1000,,Atlanta,GA,,30303,80000,"to support the Grantee, serving as fiduciary to Welcoming Atlanta, and its efforts to empower and activate the communities that were adversely affected by Covid-19"
2020,263753801,Foundation to Promote Open Society,The Community Foundation for Greater Atlanta,,191 Peachtree Street NE Suite 1000,,Atlanta,GA,,30303,750000,"to provide support to the Grantee, serving as fiduciary to Welcoming Atlanta, and its work to provide cash assistance and other critical support to immigrant and other vulnerable workers impacted by the COVID 19 pandemic"
2020,263753801,Foundation to Promote Open Society,The Democracy Collaborative Foundation Inc,,The Hanna Building 1422 Euclid Ave,,Cleveland,OH,,44115,75000,to provide program support to the Democracy Collaborative Next Systems project
2020,263753801,Foundation to Promote Open Society,The Democracy Collaborative Foundation Inc,,The Hanna Building 1422 Euclid Ave,,Cleveland,OH,,44115,44425,to support the development of a multi-faceted policy playbook on innovations in public ownership
2020,263753801,Foundation to Promote Open Society,The Democracy Collaborative Foundation Inc,,The Hanna Building 1422 Euclid Ave,,Cleveland,OH,,44115,82500,"to support a national network of place-based, multi-stakeholder collaboratives in building and advancing a democratic economy"
2020,263753801,Foundation to Promote Open Society,The Education Trust,,1250 H Street NW Suite 700,,Washington DC,DC,,20005,50000,to provide general support
2020,263753801,Foundation to Promote Open Society,The Engine Room Inc,,244 Fifth Avenue Suite 2424,,New York,NY,,10001,100000,"to support The Engine Room's work exploring the lived experiences with digital ID systems, developing locally relevant research and a justice-oriented approach to digital ID, as well as actionable advice on engaging with digital ID"
2020,263753801,Foundation to Promote Open Society,The Engine Room Inc,,244 Fifth Avenue Suite 2424,,New York,NY,,10001,300000,to provide general support
2020,263753801,Foundation to Promote Open Society,The Everyday Projects,,294 Washington Avenue 2,,Brooklyn,NY,,11205,25000,to provide general support
2020,263753801,Foundation to Promote Open Society,The Festival Academy,,Sainctelettesquare 17,,Brussels,,BE,B-1000,180000,to provide general support
2020,263753801,Foundation to Promote Open Society,The Foundation for AIDS Research,,120 Wall Street 13th Floor,,New York,NY,,10005,122728,to support the grantee's work on access to vaccines and therapeutics for COVID-19 in Asia
2020,263753801,Foundation to Promote Open Society,The Fund for Global Human Rights,,1301 Connecticut Ave NWSte 400,,Washington,DC,,20036,975000,to provide general support
2020,263753801,Foundation to Promote Open Society,The Fund for Global Human Rights,,1301 Connecticut Ave NWSte 400,,Washington,DC,,20036,475775,to provide general support
2020,263753801,Foundation to Promote Open Society,The Fund for Global Human Rights,,1301 Connecticut Ave NWSte 400,,Washington,DC,,20036,200000,to support human rights activists in Guatemala through the Grantee's Ana Paula Hernndez and Sally O'Neill Memorial Fund for Human Rights Defenders and to raise awareness about human rights in the region
2020,263753801,Foundation to Promote Open Society,The Fund for Global Human Rights,,1301 Connecticut Ave NWSte 400,,Washington,DC,,20036,110000,to provide general support
2020,263753801,Foundation to Promote Open Society,The Fund for Global Human Rights,,1301 Connecticut Ave NWSte 400,,Washington,DC,,20036,175000,to support the establishment of a hub for testing and learning new narratives for human rights
2020,263753801,Foundation to Promote Open Society,The Fund for Global Human Rights,,1301 Connecticut Ave NWSte 400,,Washington,DC,,20036,100000,to support and strengthen the work of land and resource rights advocates in the Philippines and Thailand
2020,263753801,Foundation to Promote Open Society,The Fund for Global Human Rights,,1301 Connecticut Ave NWSte 400,,Washington,DC,,20036,162500,"to support research, publication of reports, and public advocacy work related to rights of expression, association, assembly, and religion in the Arab region"
2020,263753801,Foundation to Promote Open Society,The Fund for Philadelphia Inc,,708 City Hall Room 267,,Philadelphia,PA,,19107,750000,to provide support to the Grantee's COVID 19 relief fund which provides cash assistance and other critical support to immigrant and other vulnerable workers impacted by the pandemic
2020,263753801,Foundation to Promote Open Society,The Gathering for Justice Inc,,121 West 36th St Suite 251,,New York,NY,,10018,250000,to train youth in the Grantee's organizing model and work towards criminal justice reform in their communities
2020,263753801,Foundation to Promote Open Society,The George Washington University,,2121 Eye Street NW,,Washington,DC,,20052,170000,to provide general support
2020,263753801,Foundation to Promote Open Society,The George Washington University,,2121 Eye Street NW,,Washington,DC,,20052,24000,to provide general support
2020,263753801,Foundation to Promote Open Society,The George Washington University,,2121 Eye Street NW,,Washington,DC,,20052,306632,"to provide programmatic support to the Central Asia Fellowship Program at the Institute for European, Russian and Eurasian Studies"
2020,263753801,Foundation to Promote Open Society,The German Marshall Fund of the United States (GMF,,1744 R Street NW,,Washington,DC,,20009,17500,to provide support to the German Marshall Fund's Transatlantic Inclusion Leaders Network for 2020-2021 activities
2020,263753801,Foundation to Promote Open Society,The German Marshall Fund of the United States (GMF,,1744 R Street NW,,Washington,DC,,20009,199987,to support The Transatlantic Democracy Working Group in their work to support democratic values in the trans-Atlantic alliance through public events
2020,263753801,Foundation to Promote Open Society,The German Marshall Fund of the United States (GMF,,1744 R Street NW,,Washington,DC,,20009,50000,to support GMF's Central Eastern European Fellowship program and through that emerging policy professionals on issues related to countering anti-democratization trends in the region
2020,263753801,Foundation to Promote Open Society,The Global Steering Group for Impact Investment,,Third Floor 20 Old Bailey,,London,,UK,EC4M 7AN,150000,to convene a working group to institute a study of impact integrity
2020,263753801,Foundation to Promote Open Society,The Governing Council of the University of Toronto,,27 Kings College Circle,,Toronto,,CA,M5S 1A1,250148,to support the Center for Global Social Policy to undertake a feasibility study for a comparative analysis of care infrastructure in middle income countries
2020,263753801,Foundation to Promote Open Society,The Governing Council of the University of Toronto,,27 Kings College Circle,,Toronto,,CA,M5S 1A1,120000,to provide general support to Citizen Lab while it implements its institutional strategy
2020,263753801,Foundation to Promote Open Society,The Human Dignity Trust,,4th Floor West - Quality House 5-9,,London,,UK,WC2A 1HP,150000,to provide general support
2020,263753801,Foundation to Promote Open Society,The Inclusivity Project,,251 Little Falls Drive,,Wilmington,DE,,19808,150000,"to bring together thought leaders, influencers and activists to learn about successful strategies for pro-democracy and human rights successes in the current environment"
2020,263753801,Foundation to Promote Open Society,The Influence Foundation Inc,,2 Lefurgy Terrace,,HastingsonHudson,NY,,10706,24500,to support community screenings of the methadone documentary Liquid Handcuffs in four cities in Asia and Africa
2020,263753801,Foundation to Promote Open Society,The International Federation for Human Rights,,17 passage de la Main dOr,,Paris,,FR,75011,400000,to provide general support
2020,263753801,Foundation to Promote Open Society,The International Legal Foundation,,315 West 39th Street Room 507,,New York,NY,,10018,110000,to provide general support
2020,263753801,Foundation to Promote Open Society,The International Legal Foundation,,315 West 39th Street Room 507,,New York,NY,,10018,62195,to build the capacity of ILF-Afghanistan and the greater defense bar with a special focus on institutionalizing strategic litigation in the judicial system to prevent rights violations of indigent and marginalized people accused of crime
2020,263753801,Foundation to Promote Open Society,The International Network on Hepatitis in Substanc,,Schutzengasse 31,,Zurich,,SZ,CH-8001,40000,to support the Grantee's work in supporting best practices and policies to enhance drug user health and hepatitis C care in selected African countries
2020,263753801,Foundation to Promote Open Society,The Kaleidoscope Institute,,840 Echo Park Avenue,,Los Angeles,CA,,90026,300220,"to support rising faith leaders of color engaging their communities with social justice, racial justice, and democracy-building efforts"
2020,263753801,Foundation to Promote Open Society,The Kaleidoscope Institute,,840 Echo Park Avenue,,Los Angeles,CA,,90026,50000,to support networking and resource sharing among faith leaders of color in the US in order to increase their effectiveness and strengthen the faith-based justice field
2020,263753801,Foundation to Promote Open Society,The Korean Center for Investigative Journalism - K,,5th floor 21213ToegyeroJunggu,,Seoul,,KS,00000,105000,to support reporting and documentaries on threats to medicine and innovation access in South Korea
2020,263753801,Foundation to Promote Open Society,The Marshall Project Inc,,156 West 56th Street Suite 701,,New York,NY,,10019,250000,to provide general support
2020,263753801,Foundation to Promote Open Society,The Mayor's Fund to Advance New York City,,253 Broadway 6th Floor,,New York,NY,,10007,20000000,to provide support to the Grantee's COVID-19 Immigrant Emergency Relief Program
2020,263753801,Foundation to Promote Open Society,The Mayor's Fund to Advance New York City,,253 Broadway 6th Floor,,New York,NY,,10007,854000,"to promote the advancement of education and provide relief for low-income and disadvantaged workers in NY City by providing support to develop economic democracy initiatives, and pilot/scale shared business ownership models in the city of New York, with an explicit focus on new ownership models that improve the pay and benefits for low-income workers, and support ownership of new businesses by women and minorities in major employment sectors in New York City"
2020,263753801,Foundation to Promote Open Society,The Munathara Initiative,,1101 Connecticut Ave NW Ste 450,,Washington,DC,,20036,100000,to support the Munathara Initiative's five-year strategy
2020,263753801,Foundation to Promote Open Society,The New Press,,120 Wall Street 31st Floor,,New York,NY,,10005,150000,to provide general support
2020,263753801,Foundation to Promote Open Society,The New School,,66 West 12th Street,,New York,NY,,10011,10000,"to study the feasibility of an online governance tool for geographically distributed, poor self-employed women delivering in-home beauty services in an urban setting"
2020,263753801,Foundation to Promote Open Society,The New School,,66 West 12th Street,,New York,NY,,10011,175000,"to support Africa Is a Country, a fiscally-sponsored project of the grantee, to deepen and move mainstream conversations in Africa (and globally) about natural resource extraction, the distribution of wealth and the effects of climate change, as well as to galvanize public debate and organizing towards progressive change"
2020,263753801,Foundation to Promote Open Society,The New School,,66 West 12th Street,,New York,NY,,10011,50000,"to support research that will address American history through the lens of artist Edward Kienholz's installation ""Five Car Stud"""
2020,263753801,Foundation to Promote Open Society,The New School,,66 West 12th Street,,New York,NY,,10011,12535,to support the creation of a research collaboration on cities and migration
2020,263753801,Foundation to Promote Open Society,The New School,,66 West 12th Street,,New York,NY,,10011,50000,to provide support to Africa is Country at The New School
2020,263753801,Foundation to Promote Open Society,The New School,,66 West 12th Street,,New York,NY,,10011,75000,"to support the development of strategies and recommendations for the effective implementation of the Global Compact on refugees to the benefit of refugees, host communities, and hosting states"
2020,263753801,Foundation to Promote Open Society,The New York Public Library Astor Lenox and Tild,,445 Fifth Avenue,,New York,NY,,10016,500000,to support the acquisition of the Harry Belafonte Archive for public use at the New York Public Library's Schomburg Center for Research in Black Culture
2020,263753801,Foundation to Promote Open Society,The One Campaign,,1299 Pennsylvania AveSuite 400Washi,,Washington,DC,,20004,750000,to provide general support
2020,263753801,Foundation to Promote Open Society,The Peace Institute,,Metelkova ulica 6,,Ljubljana,,SI,1000,50000,to support the Grantee's work to conduct research projects and conduct educational workshops
2020,263753801,Foundation to Promote Open Society,The Pennsylvania State University,,116 Sparks Building,,University Park,PA,,16802,200000,"to support the Grantee's Center for Global Workers' Rights to facilitate a strategy alignment process of key actors that would support and scale the organizing of vulnerable, low-wage workers in global supply chains"
2020,263753801,Foundation to Promote Open Society,The Poynter Institute for Media Studies,,801 Third Street South,,St Petersburg,FL,,33701,61000,to provide salary support for the International Fact-Checking Network so the grantee can continue their charitable and educational work
2020,263753801,Foundation to Promote Open Society,The Praxis Project Inc,,PO Box 7259,,Oakland,CA,,94601,50000,"to build the UndocuBlack Network, a project of the Grantee that supports the Black immigrant community"
2020,263753801,Foundation to Promote Open Society,The Praxis Project Inc,,PO Box 7259,,Oakland,CA,,94601,70000,"to support Realizing Sexual and Reproductive Justice Alliance, a fiscally sponsored project, to advance young feminist leadership"
2020,263753801,Foundation to Promote Open Society,The Project Syndicate ops,,Lazarska 8,,Prague,,EZ,12000,275000,to provide general support
2020,263753801,Foundation to Promote Open Society,The REDRESS Trust Limited,,87 Vauxhall Walk,,London,,UK,SE11 5HJ,180000,to provide general support
2020,263753801,Foundation to Promote Open Society,The Refugee Council of Australia,,Suite 4A6 410 Elizabeth Street Su,,Sydney,,AS,2010,110459,to support the Grantee's work on the development of a sustainable and inclusive network for refugee-led organizations in the Asia-Pacific region
2020,263753801,Foundation to Promote Open Society,The Regents of the University of California (Irvin,,120 Theory Suite 200,,Irvine,CA,,926971050,62500,"to support the International Justice Clinic at the School of Law in its research, fact-finding and advocacy to advance and promote freedom of expression in the digital age"
2020,263753801,Foundation to Promote Open Society,The Regents of the University of California at Ber,,c/o Sponsored Projects Office 1608,,Berkeley,CA,,947105940,25000,"to support the Othering & Belong Institute at UC Berkeley to rethink the national security narrative in the time of COVID, including the security narrative thread relating to the experience of American Muslims, as a means to better protect the rights and freedoms of marginalized groups"
2020,263753801,Foundation to Promote Open Society,The Regents of the University of California at Ber,,c/o Sponsored Projects Office 1608,,Berkeley,CA,,947105940,500000,"to support the Othering and Belonging Institute, housed at UC Berkeley, to strengthen its capacity to research the causes of inequality and to develop and adopt interventions to remediate it"
2020,263753801,Foundation to Promote Open Society,The Regents of the University of California at Ber,,c/o Sponsored Projects Office 1608,,Berkeley,CA,,947105940,7000,to support research and analysis on global women's rights and social movements in the #MeToo era
2020,263753801,Foundation to Promote Open Society,The Regents of the University of California Los A,,University of California Los Angel,,Los Angeles,CA,,900951406,17250,to use existing data and field reports to prepare policy briefs that will inform international and regional responses to the elevated risks to people who use drugs in the COVID-19 pandemic
2020,263753801,Foundation to Promote Open Society,The Regents of the University of California Los A,,University of California Los Angel,,Los Angeles,CA,,900951406,125000,to support the migration observatory project of The Promise Institute for Human Rights at UCLA Law School
2020,263753801,Foundation to Promote Open Society,The Regents of the University of California Los A,,University of California Los Angel,,Los Angeles,CA,,900951406,156510,to assess the social impacts of COVID-19 using the 2020 Iran Social Survey
2020,263753801,Foundation to Promote Open Society,The Resurrection Project,,1805 South Paulina,,Chicago,IL,,60608,1000000,to support Grantee's work to provide cash assistance and other critical support in Chicago to immigrant and other vulnerable workers impacted by COVID 19
2020,263753801,Foundation to Promote Open Society,The Rocky Mountain Institute,,22830 Two Rivers Road,,Basalt,CO,,81621,75076,to examine what an equitable and just energy transition would look like in the Caribbean region by exploring the case studies of The Bahamas and Belize
2020,263753801,Foundation to Promote Open Society,The Rory Peck Trust,,Linton House24 Wells Street,,London,,UK,W1T 3PH,194000,to support charitable and educational activities of 17-22 Core Support for The Rory Peck Trust
2020,263753801,Foundation to Promote Open Society,The School Of Psychology Nepal,,Shantinagar 31,,Kathmandu,,NP,00000,24685,to support food relief and campaigns on food security for the most vulnerable communities and daily wage laborers affected by COVID-19
2020,263753801,Foundation to Promote Open Society,The Sentencing Project,,1705 DeSales Street NW 8th Floor,,Washington,DC,,20036,600000,to provide general support
2020,263753801,Foundation to Promote Open Society,The Signals Network,,604 Mission street - 7th Floor,,San Francisco,CA,,94105,50000,to strengthen the grantee's Whistleblower Protection Program and to expand their abilities to support more countries in Europe.
2020,263753801,Foundation to Promote Open Society,The Society of Saint Vincent de Paul,,3000 Gratiot Avenue,,Detroit,MI,,48207,3000,to provide general support
2020,263753801,Foundation to Promote Open Society,The Soze Foundation,,55 Washington Street 300,,Brooklyn,NY,,11201,100000,"to support the Artist + Activist Relief Fund, which will provide emergency grants to artists and activists"
2020,263753801,Foundation to Promote Open Society,The Studio Museum in Harlem,,144 W 125TH STREET,,New York,NY,,10027,1000000,to provide general support
2020,263753801,Foundation to Promote Open Society,The Tolerance Project Inc,,41 Union Square WestRoom 824,,New York,NY,,10003,50000,"to support The Tolerance Project, a traveling poster exhibition program working to effect change and persuade populations to embrace a tolerant society"
2020,263753801,Foundation to Promote Open Society,The Trust for the Americas,,1889 F Street NW,,Washington,DC,,20006,50000,to support the Office of the Special Rapporteur for Freedom of Expression in the Americas to advance regional standards on media freedom
2020,263753801,Foundation to Promote Open Society,The Trustees of Columbia University in the City of,,615 West 131st Street 3rd Floor,,New York,NY,,10027,65000,to support Security Force Monitor's work on human rights and accountability of state security forces by supporting the recruitment of a data analyst and a strategic communications consultant to help their growth and capacity building
2020,263753801,Foundation to Promote Open Society,The Trustees of Columbia University in the City of,,615 West 131st Street 3rd Floor,,New York,NY,,10027,162000,"to support the Human Rights Institute at Columbia University Law School to promote social and economic rights in conflict, empower civilians affected by US force, increase transparency and accountability of the US government use of force, and defend international norms"
2020,263753801,Foundation to Promote Open Society,The Trustees of Columbia University in the City of,,615 West 131st Street 3rd Floor,,New York,NY,,10027,250000,"to provide support to the Columbia Center on Sustainable Investment to research, analyze, and promote effective approaches to international investment in sustainable development"
2020,263753801,Foundation to Promote Open Society,The Trustees of Columbia University in the City of,,615 West 131st Street 3rd Floor,,New York,NY,,10027,100000,to support the Grantee's Graduate School of Journalism to study the phenomenon of partisan networks masquerading as legitimate news outlets for the purpose of spreading electoral disinformation
2020,263753801,Foundation to Promote Open Society,The Trustees of Columbia University in the City of,,615 West 131st Street 3rd Floor,,New York,NY,,10027,199899,"to support the Institute for the Study of Human Rights in promoting the resilience and capacity of the gender study community by fostering: coordination, capacity building, collaboration, and crisis mitigation"
2020,263753801,Foundation to Promote Open Society,The Trustees of Columbia University in the City of,,615 West 131st Street 3rd Floor,,New York,NY,,10027,75000,"to support Security Force Monitor to collaborate with the Syrian Archive to create an information resource that accurately describes the organizational structure, command personnel and areas of operation of all Syrian state security forces from 2008 to present, using purely publicly available source of information."
2020,263753801,Foundation to Promote Open Society,The Trustees of Columbia University in the City of,,615 West 131st Street 3rd Floor,,New York,NY,,10027,74994,to support the third phase of the University Human Rights Education in Myanmar (UHRE) Project implemented by the Institute for the Study of Human Rights (ISHR)
2020,263753801,Foundation to Promote Open Society,The Trustees of Columbia University in the City of,,630 West 168th Street Box 49,,New York,NY,,10032,130000,to ensure access to health and protection for displaced populations by supporting the development public health evidence and leadership during the COVID-19 pandemic
2020,263753801,Foundation to Promote Open Society,The University of Chicago,,5801 South Ellis Avenue,,Chicago,IL,,60637,200000,"to support GenForward, an initiative at the Grantee's Center for the Study of Race, Politics, and Culture"
2020,263753801,Foundation to Promote Open Society,The University of Maine System Inc,,5717 Corbett Hall,,Orono,ME,,044965717,86952,"to support the Grantee's work in the space of drug policy education and research, specifically regarding alternatives to criminalization"
2020,263753801,Foundation to Promote Open Society,The Watershed Center,,44 Kate Road,,Millerton,NY,,12546,25000,"to support Dissenters, a project of the grantee, to rethink the national security narrative in the US in order to promote a more inclusive, just, and accountable national security framework in the US and globally"
2020,263753801,Foundation to Promote Open Society,The Womanity Foundation,,55 Route des Jeunes,,GrandLancy,,SZ,1212,100000,to support the grantee's Womanity Award program (2020-2021) which supports innovative transnational programs to prevent violence against women
2020,263753801,Foundation to Promote Open Society,The Workers Lab,,2323 Broadway,,Oakland,CA,,94612,300000,"to gather information, develop and test best practices, and share learnings about how to incorporate power building strategies into emergency funds operated by worker advocacy organizations"
2020,263753801,Foundation to Promote Open Society,The World Justice Project- DC,,1025 Vermont Avenue NW Suite 1200,,Washington,DC,,20005,70000,to support a partnership with local government and municipal police to implement reforms described in Mexico's National Model for Police and Civic Justice
2020,263753801,Foundation to Promote Open Society,Think Olga,,Rua Edson 640 apto 274 Crystal CE,,Sao Paulo,,BR,00000,35000,"to provide flexible organizational support to Think Olga, a young Brazilian feminist organization working to educate the public and change cultural norms around gender inequality and gender-based violence"
2020,263753801,Foundation to Promote Open Society,Third Generation Environmentalism Ltd,,47 Great Guildford Street,,London,,UK,SE1 0ES,200000,to provide general support
2020,263753801,Foundation to Promote Open Society,Thousand Currents,,1330 Broadway Suite 301,,Oakland,CA,,94612,500000,"to support the CLIMA Fund, a fiscally-sponsored project of the Grantee, to support climate justice movements and provide grassroots solutions to the climate crisis"
2020,263753801,Foundation to Promote Open Society,Tides Center,,1012 Torney Avenue,,San Francisco,CA,,94129,270000,"to provide support to the Maria Fund, a fiscally sponsored project of the Grantee, to support a racial justice training school for young black activists in Puerto Rico"
2020,263753801,Foundation to Promote Open Society,Tides Center,,1012 Torney Avenue,,San Francisco,CA,,94129,140000,to support the Center for Genetics and Society to raise awareness about the societal implications of human genetic and assisted reproductive technologies
2020,263753801,Foundation to Promote Open Society,Tides Center,,1012 Torney Avenue,,San Francisco,CA,,94129,145000,"to support Tides Center's True Cost Funder Collaborative project, which which aims to increase the ability of nonprofit organizations to adequately and systematically represent and cover the actual indirect costs of their project work"
2020,263753801,Foundation to Promote Open Society,Tides Center,,1012 Torney Avenue,,San Francisco,CA,,94129,250000,"to provide support to the Maria Fund, a fiscally sponsored project of the Grantee, and its mission to strengthen movements and community organizing groups in Puerto Rico"
2020,263753801,Foundation to Promote Open Society,Tides Center,,1012 Torney Avenue,,San Francisco,CA,,94129,262500,"to provide support for the Grantee's fiscally sponsored project, Community Justice Exchange, for rapid bail posting for medically vulnerable and immunocompromised detainees and to connect them, where necessary, with post-release housing and supportive services through partners"
2020,263753801,Foundation to Promote Open Society,Tides Center,,1012 Torney Avenue,,San Francisco,CA,,94129,600000,to support the Grantee's Alliance for Safety and Justice project's efforts to change the national narrative on safety
2020,263753801,Foundation to Promote Open Society,Tides Center,,1012 Torney Avenue,,San Francisco,CA,,94129,60000,"to support September 11th Families for Peaceful Tomorrows in providing programmatic support for education, advocacy and solidarity efforts by organized family members of victims of the September 11, 2001 attacks in the U.S."
2020,263753801,Foundation to Promote Open Society,Tides Center,,1012 Torney Avenue,,San Francisco,CA,,94129,200000,to meet increasing demand for legal support in the movement for Palestinian rights by building the legal field's capacity
2020,263753801,Foundation to Promote Open Society,Tides Center,,1012 Torney Avenue,,San Francisco,CA,,94129,75000,"to support the Grantee's Justice Strategies project, which provides nonpartisan analysis, research and technical assistance to inform and support grassroots organizations, advocates, and policymakers working to reduce incarceration and reform immigration and law enforcement policies and practices"
2020,263753801,Foundation to Promote Open Society,Tides Center,,1012 Torney Avenue,,San Francisco,CA,,94129,300000,to support the Grantee's Alliance for Safety and Justice project's efforts to change the national narrative on safety by building a national network of crime survivors calling for the U.S to reduce its reliance on incarceration
2020,263753801,Foundation to Promote Open Society,Tides Foundation,,The Presidio PO Box 29903,,San Francisco,CA,,941290903,25000,"to support the Grantee's fiscally sponsored program, A La Defense, to raise awareness about and integration of therapeutic psychedelic experiences among people of color in the United States"
2020,263753801,Foundation to Promote Open Society,Tides Foundation,,The Presidio PO Box 29903,,San Francisco,CA,,941290903,278000,to support the Grantee's Myanmar Advancement Fund
2020,263753801,Foundation to Promote Open Society,Tides Foundation,,The Presidio PO Box 29903,,San Francisco,CA,,941290903,100000,"to support a fellowship program at Make It Work Nevada, a project of the Grantee that supports the long-term health and vitality of Black families"
2020,263753801,Foundation to Promote Open Society,Tides Foundation,,The Presidio PO Box 29903,,San Francisco,CA,,941290903,50000,"to provide support to the Prosecutors Alliance of California, a project of the Grantee focused on criminal justice reform issues"
2020,263753801,Foundation to Promote Open Society,Tides Foundation,,The Presidio PO Box 29903,,San Francisco,CA,,941290903,225000,"to support Freedom to Marry Global, a fiscally sponsored project of the Grantee, to strengthen expertise and awareness of strategic communications among LGBTI organizations"
2020,263753801,Foundation to Promote Open Society,Tides Foundation,,The Presidio PO Box 29903,,San Francisco,CA,,941290903,250000,"to support the Public Rights Project, a sponsored project of the Grantee"
2020,263753801,Foundation to Promote Open Society,Tides Foundation,,The Presidio PO Box 29903,,San Francisco,CA,,941290903,800000,to support the Grantee's Myanmar Advancement Fund
2020,263753801,Foundation to Promote Open Society,Tides Foundation,,The Presidio PO Box 29903,,San Francisco,CA,,941290903,75000,"to enable SumOfUs, a fiscally sponsored project of the Grantee, to engage online supporters about salient human rights and international trade concerns related to the behavior of private sector actors"
2020,263753801,Foundation to Promote Open Society,Tides Foundation,,The Presidio PO Box 29903,,San Francisco,CA,,941290903,170712,"to support the Egypt Development Fund's efforts to support organizations that provide regular daily news operations, including news-gathering and reporting, feature writing and analysis, and investigative journalism on current affairs in Egypt and the Arab region"
2020,263753801,Foundation to Promote Open Society,TIFA Foundation,,18 Office Park 15th floor CDJl TB,,South Jakarta,,ID,12520,1200000,to provide general support
2020,263753801,Foundation to Promote Open Society,TIFA Foundation,,18 Office Park 15th floor CDJl TB,,South Jakarta,,ID,12520,266813,"to support non-lobbying program activities related to areas of democratic practice, economic governance and advancement and justice reform and the rule of law"
2020,263753801,Foundation to Promote Open Society,Tlachinollan Grupo de Apoyo a los Pueblos Indios d,,77 Mina,,Tlapa,,MX,41304,50000,to assist victims of grave crimes and their families in Mexico to achieve the rights to truth and to justice and to communicate to the broader public on grave crime accountability
2020,263753801,Foundation to Promote Open Society,Torreon Community Alliance,,PO Box 1064,,Cuba,NM,,87013,10000,to provide general support
2020,263753801,Foundation to Promote Open Society,Training Grounds Inc,,3526 Stanton Rd SE,,Washington,DC,,20020,20000,"to support Life After Release, a fiscally-sponsored project of the Grantee, to engage in outreach and education to reduce the number of youth impacted at all levels by Maryland's juvenile justice system"
2020,263753801,Foundation to Promote Open Society,Trans Aid-Association for promoting&protecting the,,Krapinska 27,,Zagreb,,HR,10000,37500,"to advance the rights of the trans, intersex and GNC communities in Croatia and support the organizational development of TransAid"
2020,263753801,Foundation to Promote Open Society,Transform Drug Policy Foundation,,9-10 King Street,,Bristol,,OC,BS14EQ,100000,to provide general support
2020,263753801,Foundation to Promote Open Society,Transgender Advocates Knowledgeable Empowering Res,,1740 Boise Ave SW,,Birmingham,AL,,35211,150000,"to support No Justice No Pride, a project of the Grantee, in delivering harm reduction and mutual aid relief to Black and Latinx trans residents of Washington, DC impacted by COVID-19"
2020,263753801,Foundation to Promote Open Society,Transgender Europe,,Kiefholzstr 2,,Berlin,,GM,12435,160000,to provide general support
2020,263753801,Foundation to Promote Open Society,Transnational Institute (TNI),,De Wittenstraat 25,,Amsterdam,,NL,1052 AK,87500,"to support the production of a transnational analysis on the securitization of health in the wake of the Covid19 pandemic, that will benefit civil society organizations and social movements around the globe by informing their work on rethinking national security narratives and by mobilizing them to collectively push back against the repressive dimension of pandemic politics"
2020,263753801,Foundation to Promote Open Society,Transnational Institute (TNI),,De Wittenstraat 25,,Amsterdam,,NL,1052 AK,50675,"to support the Drug Policy Advocacy Group's work to increase awareness amongst key stakeholders, civil society actors and the general public about the effectiveness of drug policies based on public health, development, human rights and development"
2020,263753801,Foundation to Promote Open Society,Transnational Institute (TNI),,De Wittenstraat 25,,Amsterdam,,NL,1052 AK,50000,to support the advocacy campaign aimed at defining how to achieve a future without Shell and end the negative impact of the oil and gas company on climate and the environment
2020,263753801,Foundation to Promote Open Society,Transnational Institute (TNI),,De Wittenstraat 25,,Amsterdam,,NL,1052 AK,100000,to develop a comprehensive framework that provides progressive arguments and alternative policy solutions to the global civil society
2020,263753801,Foundation to Promote Open Society,Transnational Institute (TNI),,De Wittenstraat 25,,Amsterdam,,NL,1052 AK,15000,to support Drug Policy Advocacy Group in decarceration efforts to prevent and mitigate COVID-19 in Myanmar prisons and detention facilities
2020,263753801,Foundation to Promote Open Society,Transnational Institute (TNI),,De Wittenstraat 25,,Amsterdam,,NL,1052 AK,225000,to support the Grantee's work on evidence-based drug policy
2020,263753801,Foundation to Promote Open Society,Transnational Institute (TNI),,De Wittenstraat 25,,Amsterdam,,NL,1052 AK,70000,"to support research and advocacy to limit the ability of multinationals to shape public policies and decision-making to serve their interests, prevent alternatives, and escape accountability for their impacts"
2020,263753801,Foundation to Promote Open Society,Transparency International Liaison Office to the E,,Rue de lindustrie 10,,Brussels,,BE,1000,57000,to provide general support
2020,263753801,Foundation to Promote Open Society,Transparentem,,405 Lexington Ave Ste 29A,,New York,NY,,10174,1250000,to provide general support
2020,263753801,Foundation to Promote Open Society,True Self Foundation,,Triple S Plaza Suite 9B1 Ave Roosev,,San Juan,,RQ,00968,50000,to provide support for COVID-19 relief response for trans and gender non conforming communities in Puerto Rico
2020,263753801,Foundation to Promote Open Society,TrustAfrica,,Lot 4 Almadies-NgorBP 45 435,,DakarFann,,SG,45435,112500,to provide general support
2020,263753801,Foundation to Promote Open Society,TrustAfrica,,Lot 4 Almadies-NgorBP 45 435,,DakarFann,,SG,45435,100000,to provide a platform for further research from a civil law perspective into the contribution of the Habre trial to the international justice discourse and practice on the continent and in general
2020,263753801,Foundation to Promote Open Society,Trustees of Boston University Inc,,One Silber Way Eighth Floor,,Boston,MA,,02215,180000,to support the International Human Rights Clinic's work in building momentum towards a network on reducing statelessness in the MENA region
2020,263753801,Foundation to Promote Open Society,Trustees of Tufts College,,Tufts UniversityBallou Hall,,Medford,MA,,02155,99120,"to provide the Talloires Network with funding to support member universities attendance at the 2020 Global Leaders Conference in Boston, MA"
2020,263753801,Foundation to Promote Open Society,Trustees of Tufts College,,Tufts UniversityBallou Hall,,Medford,MA,,02155,200000,to support the Talloires Network based at Tufts University for a project titled 'University Award for Innovative Civic Engagement'
2020,263753801,Foundation to Promote Open Society,TSNE Mission Works,,89 South Street Suite 700,,Boston,MA,,02111,450000,to train people to be effective social change agents through the Building Movement Project's Solidarity Schools
2020,263753801,Foundation to Promote Open Society,TSNE Mission Works,,89 South Street Suite 700,,Boston,MA,,02111,100000,"to support the Building Movement Project, a project of the Grantee, in amplifying the voices and experiences of historically marginalized communities"
2020,263753801,Foundation to Promote Open Society,U Empower of Maryland Inc,,760 Richie Highway,,Severna Park,MD,,21146,25000,to provide general support
2020,263753801,Foundation to Promote Open Society,Ubuntu Philadelphia,,911 Gilham Street,,Philadelphia,PA,,19111,25000,to incorporate the perspectives of crime survivors and those who have lost loved ones to violence more deeply and strategically into the organization's efforts to highlight the financial and human costs of long prison terms
2020,263753801,Foundation to Promote Open Society,Ujyalo Foundation,,41 Shree Marg Lazimpat,,Kathmandu,,NP,44600,21800,to support women's leadership at local level and empower young women for better governance
2020,263753801,Foundation to Promote Open Society,Umbrella Journalists' International Network NGO,,Andranik 114 1,,Yerevan,,AM,0064,37000,"to support production of independent, analytical journalism and increase awareness about violence and discrimination against women"
2020,263753801,Foundation to Promote Open Society,Umbrella Journalists' International Network NGO,,Andranik 114 1,,Yerevan,,AM,0064,100000,to support the development of a media project focused on social justice issues
2020,263753801,Foundation to Promote Open Society,UN Women,,220 East 42nd street,,New York,NY,,10017,1150000,"to provide program support for the Policy, Programme and Intergovernmental Division and support for the Generation Equality Forum"
2020,263753801,Foundation to Promote Open Society,UN Women,,220 East 42nd street,,New York,NY,,10017,200000,to strengthen governmental capacities to design and implementation gender-responsive employment policies and promote investment in care services
2020,263753801,Foundation to Promote Open Society,UNAIDS - Joint United Nations Programme on HIVAID,,20 avenue Appia,,Geneva,,SZ,CH-1211,750000,to support a transformative leadership transition at UNAIDS
2020,263753801,Foundation to Promote Open Society,UNESCO International Institute for Educational Pla,,7/9 rue Eugene Delacroix,,Paris,,FR,75116,35000,to provide a select number of countries with planning guidance and tools that draw on the Abidjan Principles on the right to education to ensure the provision of education in line with human rights obligations
2020,263753801,Foundation to Promote Open Society,UNI Global Union,,Ave Reverdil 8-10,,Nyon,,SZ,1260,485000,"to raise out of poverty women and other low-wage healthcare workers throughout the world by increasing their voice, collective power, research and publication of information related to the best means of achieving these goals, and increasing the capacity of organization advocating for the rights of these workers"
2020,263753801,Foundation to Promote Open Society,United 4 Iran,,2560 Ninth Street 319C,,Berkeley,CA,,94710,17000,to provide general support
2020,263753801,Foundation to Promote Open Society,United for Respect Education Fund,,400 Jay Street 300 Brooklyn,,New York,NY,,11201,175000,to support the development of a campaign to advance Worker Representation on Corporate Boards
2020,263753801,Foundation to Promote Open Society,United Nations Development Programme NY Office,,One United Nations Plaza DC1-2032,,New York,NY,,10017,40000,to conduct research on the effects of COVID 19 on marginalized groups and to advocate for policy changes to protect them from the effects of the crisis
2020,263753801,Foundation to Promote Open Society,United Nations Economic Commission for Latin Ameri,,Av Dag Hammarskjold 3477,,Vitacura Santiago,,CI,00000,180000,"to undertake research and policy dialogue among government officials, women's rights organizations, and technical experts on gender equality into the discussion on care policies, trade policies, and fiscal and financial policies in Latin American countries, with special attention to coronavirus COVID19 and its impact"
2020,263753801,Foundation to Promote Open Society,United Nations Educational Scientific and Cultural,,7 Place de Fontenoy,,Paris,,FR,75352,27000,"to support the development, publishing and dissemination of the Early Childhood Care and Development (ECCD) publication focused on inclusive policies and practices"
2020,263753801,Foundation to Promote Open Society,United Nations Educational Scientific and Cultural,,7 Place de Fontenoy,,Paris,,FR,75352,50000,"to support UNESCO in its trainings of judicial personnel regarding human rights in the Inter-American framework, during the COVID-19 state of emergency"
2020,263753801,Foundation to Promote Open Society,United Nations Educational Scientific and Cultural,,7 Place de Fontenoy,,Paris,,FR,75352,150000,to boost the research capacity of the Global Education Monitoring report team to conduct thematic Sustainable Development Goals related progress assessment
2020,263753801,Foundation to Promote Open Society,United Nations Educational Scientific and Cultural,,7 Place de Fontenoy,,Paris,,FR,75352,100000,to support charitable and educational activities of Global Education Monitoring Report - Budget Support and Fellowship Scheme
2020,263753801,Foundation to Promote Open Society,United Nations Foundation Inc,,1750 Pennsylvania Avenue NWSuite 30,,Washington,DC,,20006,1675200,"to support the Office of the Special Adviser to the Secretary-General on Preparations for the Commemoration of the Seventy-Fifth Anniversary of the United Nation's UN75 project, which aims to gather public opinion on the trends shaping humanity's future and to crowdsource solutions to global challenges"
2020,263753801,Foundation to Promote Open Society,United Nations Foundation Inc,,1750 Pennsylvania Avenue NWSuite 30,,Washington,DC,,20006,589120,to provide matching support to Future State to develop applied research and advocacy on data empowerment
2020,263753801,Foundation to Promote Open Society,United Nations Relief and Works Agency (UNRWA),,Bayader Wadi Seer,,Amman,,JO,00000,300000,to support the grantee UNRWA's COVID-19 response
2020,263753801,Foundation to Promote Open Society,United Nations Relief and Works Agency (UNRWA),,Bayader Wadi Seer,,Amman,,JO,00000,150000,"to support psycho-social counselling work in UNRWA's schools in the West Bank and Lebanon, benefiting (68) schools and (35,700) children in total"
2020,263753801,Foundation to Promote Open Society,United Photo Industries Inc,,16 Main Street Suite B,,Brooklyn,NY,,11201,25000,to provide general support for COVID-19 relief
2020,263753801,Foundation to Promote Open Society,United Photo Industries Inc,,16 Main Street Suite B,,Brooklyn,NY,,11201,37200,"to support the Women Photograph Emergency Fund, which provides immediate relief to women and non-binary visual journalists affected by COVID-19 due to loss of business income"
2020,263753801,Foundation to Promote Open Society,United States Artists,,200 W Madison Street Floor 3,,Chicago,IL,,60606,295000,"to support the Artist Relief Fund, which provides immediate relief for artists affected by COVID-19, stimulates artist wellness support systems, and learns about artist needs for future resource and advocacy development"
2020,263753801,Foundation to Promote Open Society,United We Dream Network Inc,,1900 L Street Suite 900,,Washington,DC,,20036,150000,to provide general support
2020,263753801,Foundation to Promote Open Society,Universidad Catolica Andres Bello (UCAB),,Final Av Teheran Edificio Servici,,Caracas,,VE,00000,75000,to provide educational and data tools to local civil society to carry out coordinated social projects that impact the well-being of their communities
2020,263753801,Foundation to Promote Open Society,Universidad Centroamericana Jose Simeon Canas (UCA,,Bulevar Los Proceres Antiguo Cusca,,San Salvador,,ES,00000,140000,to strengthen constitutional safeguards and provide protection to journalists and human rights defenders during the pandemic in El Salvador
2020,263753801,Foundation to Promote Open Society,Universidad Centroamericana Jose Simeon Canas (UCA,,Bulevar Los Proceres Antiguo Cusca,,San Salvador,,ES,00000,70000,to reduce violence and recidivism by strengthening the Salvadoran prison system's rehabilitation and reinsertion programs
2020,263753801,Foundation to Promote Open Society,Universidad de los Andes,,Carrera 1 No 18a 12,,Bogota,,CO,00000,89873,to provide support to the Grantee's Center for the Study of Drugs and Security (CESED) research work
2020,263753801,Foundation to Promote Open Society,Universitat Duisburg-Essen,,Universitatsstr 12,,Essen,,GM,45141,200000,to support research and other professional activities of scholars in residence
2020,263753801,Foundation to Promote Open Society,Universities Allied for Essential Medicines Corp,,641 S Street NW,,Washington,DC,,20001,150000,to provide general support
2020,263753801,Foundation to Promote Open Society,University College London,,109 Camden Road,,London,,UK,NW1 9HZ,1000000,"to provide support to the UCL Institute for Innovation and Public Purpose to research and advance the notion of public value, and to develop innovative research and educational programs to address key societal challenges"
2020,263753801,Foundation to Promote Open Society,University College London,,109 Camden Road,,London,,UK,NW1 9HZ,165000,to support a leading 'economics of innovation' academic Institute to advance new thinking and a research agenda promoting public-interest and health-needs driven pharmaceutical innovation
2020,263753801,Foundation to Promote Open Society,University of British Columbia,,1321 Mackinnon Road RR1,,Pender Island,,CA,V0N2M1,80000,"to support the Grantee's Institute for Resources, Environment and Sustainability (IRES) to disseminate ideas on how human rights offer powerful tools, such as amicus briefs, for climate change and environmental accountability"
2020,263753801,Foundation to Promote Open Society,University of Exeter,,Northcote HouseThe Queens Drive,,Exeter,,OC,EX4 4QJ,39462,"to support assessing the prospects for developing a consistent and structured methodology to analyse data on the use of force by Law Enforcement Officials that results in death within Western Europe in order to allow for the meaningful monitoring of circumstances, trends and patterns"
2020,263753801,Foundation to Promote Open Society,University of Kassel,,Monchebergstr 19,,Kassel,,GM,34109,310000,to strengthen the Global Labour University's capacities to deliver high quality academic programs and increase its relevance to the labor movement
2020,263753801,Foundation to Promote Open Society,University of Maryland Baltimore Foundation Inc,,620 W Baltimore Street Floor 2,,Baltimore,MD,,21201,400000,to enable the Positive Schools Center to support teachers in using restorative practices as students transition back to school settings after COVID-19
2020,263753801,Foundation to Promote Open Society,University of Nairobi,,PO Box 30197 GPO,,Nairobi,,KE,00100,132500,"to support the Committee on Fiscal Studies, at the University of Nairobi's Law School to undertake research, short courses and international policy engagement on tax"
2020,263753801,Foundation to Promote Open Society,University of Nairobi,,PO Box 30197 GPO,,Nairobi,,KE,00100,85000,"to support the Grantee's COVID-19 emergency response initiative in research, education and information dissemination targeting health workers and other populations affected"
2020,263753801,Foundation to Promote Open Society,University of Pretoria,,University of Pretoria,,Pretoria,,SF,2,160007,to support the LLM/MPhil in Sexual and Reproductive Rights in Africa at the Centre for Human Rights
2020,263753801,Foundation to Promote Open Society,University of Pretoria,,University of Pretoria,,Pretoria,,SF,2,87500,to support the African Coalition for Corporate Accountability at the Grantee's Centre for Human Rights to deepen knowledge and capacity to challenge and remedy corporate human rights abuses in Africa
2020,263753801,Foundation to Promote Open Society,University of San Francisco,,2130 Fulton Street,,San Francisco,CA,,941171071,50000,to provide support for the program operations and initiatives of the Institute for Nonviolence and Social Justice at the University of San Francisco
2020,263753801,Foundation to Promote Open Society,University of Southern California,,Department of Grants and Contracts3,,Los Angeles,CA,,900890701,200000,"to support the development of a solidarity economics framework at the Program for Environment and Regional Equity, housed at USC, to address income inequality, economic insecurity, and growing social and racial divides"
2020,263753801,Foundation to Promote Open Society,University of Southern California,,Department of Grants and Contracts3,,Los Angeles,CA,,900890701,200000,to support television writers and producers to better reflect a public health approach to addressing the overdose crisis and drug use
2020,263753801,Foundation to Promote Open Society,University of Texas at Austin,,3925 West Braker Lane Building 159,,Austin,TX,,78759,65000,to support the Center for Media Engagement to research and disseminate findings about surveillance on U.S. protesters
2020,263753801,Foundation to Promote Open Society,University of Texas at Austin,,3925 West Braker Lane Building 159,,Austin,TX,,78759,180000,"to research political geofencing and educate journalists, policymakers, and the general public on the uses and potential problems of this data-gathering mechanism"
2020,263753801,Foundation to Promote Open Society,University of the Bahamas,,University DriveP O Box N-4912,,Nassau,,BF,00000,75000,"to support the Climate Change Adaptation Resilience Research (CCARR) Centre's I Survived Dorian: A Community Science Project, which will amplify the voices of residents of The Bahamas that survived the 2019 Hurricane Dorian using an innovative community science approach with particular foci on mental health, on gender and on Haitian migrants"
2020,263753801,Foundation to Promote Open Society,University of the West Indies,,Mona Campus,,Kingston,,JM,7,110000,"to advance teaching, research, advocacy, and partnerships on issues relating to regional and global climate justice"
2020,263753801,Foundation to Promote Open Society,University of the Western Cape,,Private Bag x17,,Bellville,,SF,7535,62500,to advance democratic policing in Africa by researching problems related to unlawful arrest and how this undermines trust in the police
2020,263753801,Foundation to Promote Open Society,University of Ulster,,Cromore Rd,,Coleraine,,OC,BT52 1SA,47000,to support the Grantee's Transitional Justice Institute in its work to improve the coordination of search and identification responses to enforced disappearance in Latin America
2020,263753801,Foundation to Promote Open Society,University of Yangon,,UNIVERSITY OF YANGON KAMAYUT TOWNS,,Yangon,,BM,11131,57360,"to improve teaching, learning, and research by providing trainings to University staff on student-centered learning and English medium instruction"
2020,263753801,Foundation to Promote Open Society,UNRWA USA National Committee,,1875 Connecticut Ave NW10th floor,,Washington,DC,,20009,120000,to support efforts to raise awareness of Palestinian refugees during the COVID-19 pandemic and beyond
2020,263753801,Foundation to Promote Open Society,Upton Planning Committee Inc,,3355 Keswick Rd STE 200,,Baltimore,MD,,21211,15000,to provide general support
2020,263753801,Foundation to Promote Open Society,Upturn Inc,,1015 15th St NW Suite 600,,Washington,DC,,20005,325000,to provide general support
2020,263753801,Foundation to Promote Open Society,Upwardly Global,,582 Market St Suite 1015,,San Francisco,CA,,94104,75000,to provide general support
2020,263753801,Foundation to Promote Open Society,Urban Justice Center,,40 Rector Street 9th Floor,,New York,NY,,10006,30000,"to support the Street Vendor Project, a sponsored project of the Grantee, in its response to the COVID-19 pandemic"
2020,263753801,Foundation to Promote Open Society,Urban Strategies Inc,,720 Olive Street,,St Louis,MO,,63101,30000,to facilitate the distribution of financial assistance to Baltimore City residents who are struggling to meet basic food and household needs due to COVID-19
2020,263753801,Foundation to Promote Open Society,Urgent Action Fund Africa,,Riara Corporate Suites 2nd Floor,,Nairobi,,KE,00000,450000,"to support the development of the Feminist Republik, an African women human rights defenders platform focused on feminist approaches to integrated security, well-being and resilience in human rights activism"
2020,263753801,Foundation to Promote Open Society,US Biennial Inc,,PO Box 58800,,New Orleans,LA,,70158,120000,to provide general support
2020,263753801,Foundation to Promote Open Society,US Middle East Project Inc,,641 Lexington Ave Suite 1501,,New York,NY,,10022,92500,to support a series of convenings to incubate innovative thinking for addressing the Palestine/Israel conflict
2020,263753801,Foundation to Promote Open Society,Utah Film Center,,50 W Broadway Ste 1125,,Salt Lake City,UT,,84101,13370,to support the legal challenge of a data exploitation case in the UK in advancement of data protection rights and accountability
2020,263753801,Foundation to Promote Open Society,Validity Foundation - Mental Disability Advocacy C,,Impact HubFerenciek tere 2,,Budapest,,HU,1053,500000,to provide general support
2020,263753801,Foundation to Promote Open Society,Vehicles for Change Inc,,5230 Washington Blvd,,Baltimore,MD,,21227,20000,to provide general support
2020,263753801,Foundation to Promote Open Society,Video Volunteers,,47 west 92nd street,,New York,NY,,10025,87500,to provide general support
2020,263753801,Foundation to Promote Open Society,Village Enterprise Fund Inc,,751 Laurel Street PMB 222,,San Carlos,CA,,94070,291783,"to support West Pokot County Government, in Kenya, to develop a coherent approach to scale up graduation and integrate it into interventions seeking to realize social and economic inclusion of the extreme poor"
2020,263753801,Foundation to Promote Open Society,Vilnius Institute for Policy Analysis,,Didzioji g 5,,Vilnius,,LH,01128,125000,to provide general support
2020,263753801,Foundation to Promote Open Society,Vilnius Institute for Policy Analysis,,Didzioji g 5,,Vilnius,,LH,01128,125000,"to provide support for VIPA's operations and programs, which aim to build a transparent and evidence-based policy context in Lithuania"
2020,263753801,Foundation to Promote Open Society,Violence Intervention Program Inc,,PO Box 1161 Triborough Station,,New York,NY,,10035,75000,to provide general support
2020,263753801,Foundation to Promote Open Society,Virginia New Majority Education Fund,,3801 Mount Vernon Ave,,Alexandria,VA,,22305,400000,to provide general support
2020,263753801,Foundation to Promote Open Society,Virginia New Majority Education Fund,,3801 Mount Vernon Ave,,Alexandria,VA,,22305,100000,"to support the activities of the State Power Caucus, a sponsored project of the Grantee, for outreach at the state level"
2020,263753801,Foundation to Promote Open Society,Viva Salud,,Chaussee de Haecht 53,,Brussels,,BE,1210,100000,to promote equitable access to marginalized groups to COVID19 technologies
2020,263753801,Foundation to Promote Open Society,VOICE (Vietnamese Overseas Initiative for Conscien,,245 East Pepper Drive,,Long Beach,CA,,90807,50000,"to support capacity building, training, and exposure opportunities to young leaders"
2020,263753801,Foundation to Promote Open Society,Voice of San Diego,,110 West A Street Suite 650,,San Diego,CA,,92101,150000,to provide general support
2020,263753801,Foundation to Promote Open Society,Voice Of The Experienced,,4930 Washington Ave,,New Orleans,LA,,70125,500000,to provide general support
2020,263753801,Foundation to Promote Open Society,Voices for a Sustainable Future,,PO Box 5780,,Takoma Park,MD,,20913,50000,to provide general support
2020,263753801,Foundation to Promote Open Society,Voices of Community Activists and Leaders Inc,,80-A 4th Avenue,,Brooklyn,NY,,11217,150000,to support VOCAL-NY's campaigns on mass incarceration and homelessness amid the COVID-19 pandemic
2020,263753801,Foundation to Promote Open Society,Voices of Community Activists and Leaders Inc,,80-A 4th Avenue,,Brooklyn,NY,,11217,100000,"to support Housing Justice for All, a project of the Grantee, in furthering access to housing for all during the COVID-19 pandemic"
2020,263753801,Foundation to Promote Open Society,Voices of Community Activists and Leaders Inc,,80-A 4th Avenue,,Brooklyn,NY,,11217,137516,to build the capacity of harm reduction and community organizations in the United States to take on drug policy and drug user organizing activities
2020,263753801,Foundation to Promote Open Society,Voices of Hope Inc,,224 E Main St,,Elkton,MD,,21921,30000,to provide general support
2020,263753801,Foundation to Promote Open Society,Voluntary Social Workers Association,,36TH Street Between 81-82ND ST E,,Mandalay,,BM,00000,24000,to promote drug related harm reduction concepts in urban and peri-urban communities
2020,263753801,Foundation to Promote Open Society,Voter Registration Project,,1725 Desales Street NWSuite 650,,Washington,DC,,20036,1500000,to support nonpartisan voter registration
2020,263753801,Foundation to Promote Open Society,VoteRunLead,,8 West 126th Street,,New York,NY,,10027,85000,to support nonpartisan training for women running for elected office
2020,263753801,Foundation to Promote Open Society,VOW For Girls Inc,,c/o Lauren Simpson Patterson Belkn,,New York City,NY,,10036,500000,to provide general support
2020,263753801,Foundation to Promote Open Society,Washington Office on Latin America,,1666 Connecticut Avenue NW Suite 4,,Washington,DC,,20009,548500,to provide general support
2020,263753801,Foundation to Promote Open Society,Washington Office on Latin America,,1666 Connecticut Avenue NW Suite 4,,Washington,DC,,20009,95000,"to build a regional movement of incarcerated and formerly incarcerated women, their family members, and their communities, and support their advocacy efforts against excessive criminalization and over-incarceration"
2020,263753801,Foundation to Promote Open Society,Washington Office on Latin America,,1666 Connecticut Avenue NW Suite 4,,Washington,DC,,20009,451000,to provide general support
2020,263753801,Foundation to Promote Open Society,Welcoming America Inc,,315 W Ponce de Leon Avenue Suite,,Decatur,GA,,30030,350000,to build and expand an international movement of local communities that are welcoming and inclusive of immigrants and refugees
2020,263753801,Foundation to Promote Open Society,Welcoming America Inc,,315 W Ponce de Leon Avenue Suite,,Decatur,GA,,30030,100000,to provide general support.
2020,263753801,Foundation to Promote Open Society,Welfare Association,,Al Nahda Square Canada St PO Bo,,Ramallah,,OC,00000,560000,to address urgent medical and humanitarian needs on the ground in Palestine in light of the Covid-19 crisis
2020,263753801,Foundation to Promote Open Society,Western States Center Inc,,PO Box 40305,,Portland,OR,,97212,25000,"to rethink the national security narrative in the US in order to promote a more inclusive, just, and accountable national security framework in the US and globally"
2020,263753801,Foundation to Promote Open Society,When We All Vote,,1203 K Street,,Washington,DC,,20005,1000000,to provide general support
2020,263753801,Foundation to Promote Open Society,Wide Angle Youth Media,,2601 North Howard Street Suite 160,,Baltimore,MD,,21218,60000,"to support the Healing City Baltimore initiative, a movement of city residents working to engage Baltimore families and youth to address trauma and destigmatize mental illness"
2020,263753801,Foundation to Promote Open Society,Wide Angle Youth Media,,2601 North Howard Street Suite 160,,Baltimore,MD,,21218,75000,to provide general support
2020,263753801,Foundation to Promote Open Society,William and Lanaea C Featherstone Foundation,,2031 Kennicott Road,,Windsor Mill,MD,,21244,15000,to provide general support
2020,263753801,Foundation to Promote Open Society,William J Brennan Jr Center for Justice Inc,,120 Broadway Suite 1750,,New York,NY,,10271,500000,to provide general support.
2020,263753801,Foundation to Promote Open Society,Windward Fund,,1201 Connecticut Ave NW Suite 300,,Washington,DC,,20036,500000,"to support the Grantee's fiscally-sponsored project Bridging Ventures, a collaborative initiative between activists within movements and civil society, to conduct a corporate campaign in the context of the global recovery from Covid-19 that advances social justice, climate justice and human rights"
2020,263753801,Foundation to Promote Open Society,Windward Fund,,1201 Connecticut Ave NW Suite 300,,Washington,DC,,20036,800000,to provide matching support for climate change education and awareness initiatives
2020,263753801,Foundation to Promote Open Society,Wisconsin Voices Inc,,633 S Hawley Rd Ste 112,,Milwaukee,WI,,53214,850000,to provide general support
2020,263753801,Foundation to Promote Open Society,Wisconsin Voices Inc,,633 S Hawley Rd Ste 112,,Milwaukee,WI,,53214,100000,"to support Wisconsin Voices' African American Roundtable, to enable the Grantee to lead the LiberateMKE effort to educate residents of Milwaukee about the city budget process and allow coalition members to lift up the needs of the community as the city considers funding for the police department"
2020,263753801,Foundation to Promote Open Society,Witness Change Inc,,1392 McLendon Avenue NE 22,,Atlanta,GA,,30307,23000,to provide general support
2020,263753801,Foundation to Promote Open Society,Witness Inc,,80 Hanson Place 5th Floor,,Brooklyn,NY,,11217,300000,to provide general support
2020,263753801,Foundation to Promote Open Society,Witness Inc,,80 Hanson Place 5th Floor,,Brooklyn,NY,,11217,200000,to provide general support
2020,263753801,Foundation to Promote Open Society,Witness to Innocence,,1501 Cherry Street,,Philadelphia,PA,,19102,100000,to provide general support
2020,263753801,Foundation to Promote Open Society,Women Enabled International,,1875 Connecticut Ave NW 10th Floor,,Washington,DC,,20009,83333,to provide general support
2020,263753801,Foundation to Promote Open Society,Women in Informal Employment Globalizing and Orga,,521 Royal Exchange,,Manchester,,UK,M2 7EN,425000,to provide general support
2020,263753801,Foundation to Promote Open Society,Women in Informal Employment Globalizing and Orga,,521 Royal Exchange,,Manchester,,UK,M2 7EN,333333,to provide general support
2020,263753801,Foundation to Promote Open Society,Women In Need Inc,,One State Street Plaza 18th Floor,,New York,NY,,10004,50000,to provide general support
2020,263753801,Foundation to Promote Open Society,Women Make Movies Inc,,115 West 29th Street suite 1200,,New York,NY,,10001,50000,"to support 7th Empire Media, Inc.'s digital impact strategy for the documentary film, Coded Bias in order to facilitate public discussion and engagement on invasive surveillance and civil rights"
2020,263753801,Foundation to Promote Open Society,Women of Color Advancing Peace Security and Confl,,3695 Ketchum Court,,Woodbridge,VA,,22193,100000,to provide general support
2020,263753801,Foundation to Promote Open Society,Women of Color Advancing Peace Security and Confl,,3695 Ketchum Court,,Woodbridge,VA,,22193,50000,"to rethink the national security narrative that underpins government decisions about institutions, people, and policies in response to COVID-19 and other global threats, in order to make those decisions more attuned to human rights and open society concerns"
2020,263753801,Foundation to Promote Open Society,Women Peace Research and Development Centre,,Hatkhola Vaktimarg,,Biratnagar,,NP,9,19000,to mobilize community paralegals to empower the marginalized and vulnerable communities of Madhesh about their rights and hold local authorities accountable for effective and efficient public service delivery at the community level
2020,263753801,Foundation to Promote Open Society,Women Win Foundation Inc,,116 Varnum St,,Arlington,MA,,02474,50000,"to support the Numun Fund, a feminist technology response to Covid-19, to support emerging feminist technology innovations, solutions, or practices"
2020,263753801,Foundation to Promote Open Society,Women Win Foundation Inc,,116 Varnum St,,Arlington,MA,,02474,175000,to provide general support
2020,263753801,Foundation to Promote Open Society,Women's Fund in Georgia,,8 Sergo Zakariadze street,,Tbilisi,,GG,0177,250000,to provide support for new programs looking at the intersection of Labor Rights and COVID-19
2020,263753801,Foundation to Promote Open Society,Women's Link Worldwide,,99 Wall Street Suite 502,,New York,NY,,10005,350000,to provide general support
2020,263753801,Foundation to Promote Open Society,Women's Link Worldwide,,99 Wall StreetSuite 502,,New York,NY,,10005,38000,to protect and promote the rights of migrant and refugee women in Colombia
2020,263753801,Foundation to Promote Open Society,Women's Refugee Commission,,15 West 37th Street 9th Floor,,New York,NY,,10018,50000,to provide general support
2020,263753801,Foundation to Promote Open Society,Women's Refugee Commission,,15 West 37th Street 9th Floor,,New York,NY,,10018,8600,to support the health of those working in the immigrant rights community
2020,263753801,Foundation to Promote Open Society,Women's Refugee Commission,,15 West 37th Street 9th Floor,,New York,NY,,10018,223942,"to support the leadership efforts of refugee youth at national, regional, and global levels"
2020,263753801,Foundation to Promote Open Society,Woodrow Wilson International Center for Scholars,,One Woodrow Wilson Plaza 1300 Penn,,Washington,DC,,200043027,120000,to support the work of a fellow to engage in research on the effects of the COVID-19 pandemic in Venezuela
2020,263753801,Foundation to Promote Open Society,Worker Rights Consortium,,5 Thomas Circle NW 5th Floor,,Washington,DC,,20005,200000,to provide support to the Grantee's efforts to improve outcomes for workers in global supply chains
2020,263753801,Foundation to Promote Open Society,Workers Center for Racial Justice NFP,,2929 South Wabash Avenue Suite 203,,Chicago,IL,,60616,200000,to provide general support
2020,263753801,Foundation to Promote Open Society,Working America Education Fund,,815 16th Street NW,,Washington,DC,,20006,247500,"to help Black workers overcome obstacles to apply for and obtain unemployment benefits, and create a rights-based framework for workers in the US, Canada, and Mexico around the FIFA Men's World Cup"
2020,263753801,Foundation to Promote Open Society,World Bank Group,,1818 H Street NW,,Washington,DC,,20433,300000,to support civil society in conducting third party monitoring of COVID-19 Emergency funds in Tajikistan
2020,263753801,Foundation to Promote Open Society,World Council of Comparative Education Societies,,Africana Studies and Research Cente,,New York,NY,,14850,50000,"to support the World Council of Comparative Education Societies Second Symposium on Teachers, Teaching Profession, and Comparative Education"
2020,263753801,Foundation to Promote Open Society,World Health Organization,,20 Avenue Appia,,Geneva,,SZ,CH-1211,242400,to support policy advocacy on human rights in mental health
2020,263753801,Foundation to Promote Open Society,World Without Borders Association,,96 Hadji Dimitar Asenov str f,,Stara Zagora,,BU,6004,23349,to support charitable and educational activities of Community monitoring of health services in Stara Zagora region
2020,263753801,Foundation to Promote Open Society,Worldwide Documentaries Inc,,7706 Baptist Hill,,Bloomfield,NY,,14469,24000,to raise public awareness in the US and globally about the humanitarian crisis at the US-Mexico border to shift public opinion and serve as a counter-narrative to discourse that seeks to dehumanize Central American asylum seekers
2020,263753801,Foundation to Promote Open Society,Worldwide Hospice Palliative Care Alliance,,34-44 Britannia Street,,London,,UK,WC1X 9JG,58628,"to support global, regional and national efforts in seeking for the inclusion and implementation of palliative care within Universal Health Coverage (UHC) plans, strategies and programs in Kenya, Uganda and South Africa"
2020,263753801,Foundation to Promote Open Society,Yale University,,Office of Sponsored Projects 25 Sci,,New Haven,CT,,065208337,200000,"to document, examine, and influence in real-time, the policy decisions and actions related to the 2020 coronavirus pandemic (COVID-19) and their effect on the most vulnerable and marginalized populations"
2020,263753801,Foundation to Promote Open Society,Yayasan Panna (PannaFoto Institute),,Jalan Bambu Apus III No 206 Pondo,,Indonesia,,ID,00000,45807,to support freedom of expression and freedom of speech through photography and visual storytelling in Indonesia
2020,263753801,Foundation to Promote Open Society,Yone Kyi Yar Knowledge Propagation Society,,No I-6 65B Street Between 106 a,,Mandalay,,BM,100103,45000,to support trainings and workshops for university student unions in Myanmar
2020,263753801,Foundation to Promote Open Society,Young African Refugees for Integral Development,,Nsambya Goggonya off Kabega Lane,,Kampala,,UG,PO BOX 71360,100000,to provide general support
2020,263753801,Foundation to Promote Open Society,Young People in Recovery,,1415 Park Avenue West,,Denver,CO,,80205,37500,to provide general support
2020,263753801,Foundation to Promote Open Society,Youth As Resources,,111 N Charles Street suite 502,,Baltimore,MD,,21201,150000,to provide micro-grants to youth working to address critical issues in their communities and grow the youth task team to increase its training and organizing impact
2020,263753801,Foundation to Promote Open Society,Youth Empowerment Team,,No16 2nd Floor Ywama Kyaung St,,Yangon,,BM,00000,28500,"to support improving health services, reducing unjust consequences of drug use among substance users, and strengthening the National Drug User Network through trainings and peer discussion meetings"
2020,263753801,Foundation to Promote Open Society,Youth Foundation for Development Education and Le,,26 Massenya Street Off Cotonou St,,Massenya Street Off Cotonou St,,NI,00000,35000,"to design a programme that will provide a platform for youth, youth leaders and youth focused organizations in Africa to build skills, collaborate and address youth-specific challenges"
2020,263753801,Foundation to Promote Open Society,Youth Justice Coalition,,7625 S Central Ave,,Los Angeles,CA,,90001,175000,to provide general support
2020,263753801,Foundation to Promote Open Society,YouthRISE Nigeria,,Flat 1 No 6 Bonny Close Area 2,,Abuja,,NI,00000,30000,to support the Grantee's work for isolated people who use drugs in Abuja (Nigeria) and its suburbs to mitigate the negative impact of the Corona virus disease
2020,263753801,Foundation to Promote Open Society,European Climate Foundation,,Stichting European Climate Foundati,,The Hague,,NL,2513 AM,3300000,to provide general support
