tax_year,filer_ein,filer_name,recipient_name,recipient_ein,recipient_address1,recipient_address2,recipient_city,recipient_state,recipient_country,recipient_postal,amount,purpose
2021,263753801,Foundation to Promote Open Society,Proteus Fund Inc,,15 Research Drive Suite B,,Amherst,MA,,01002,300000,"to support the Transparency and Accountability Initiative donor collaborative, a fiscally-sponsored project of the grantee, to assist its members to strengthen the impact and effectiveness of their transparency and accountability funding, and the movement as a whole"
2021,263753801,Foundation to Promote Open Society,Proteus Fund Inc,,15 Research Drive Suite B,,Amherst,MA,,01002,400000,"to support, Bridges, a fiscally sponsored project, to advance feminist communications strategies to promote human rights and gender equality"
2021,263753801,Foundation to Promote Open Society,Proteus Fund Inc,,15 Research Drive Suite B,,Amherst,MA,,01002,200000,"to provide support to Third Wave Fund, a project of the Grantee, for its Sex Worker Giving Circle, a queer and trans women of color and sex worker-led program that promotes their leadership in grassroots movement work and philanthropy"
2021,263753801,Foundation to Promote Open Society,Proteus Fund Inc,,15 Research Drive Suite B,,Amherst,MA,,01002,300000,"to support the Transparency and Accountability Initiative donor collaborative, a fiscally-sponsored project of the grantee, to assist its members to strengthen the impact and effectiveness of their transparency and accountability funding, and the movement as a whole"
2021,263753801,Foundation to Promote Open Society,Proteus Fund Inc,,15 Research Drive Suite B,,Amherst,MA,,01002,220000,"to support Bridges, a fiscally sponsored project, to advance feminist communications strategies to promote human rights and gender equality"
2021,263753801,Foundation to Promote Open Society,Proteus Fund Inc,,15 Research Drive Suite B,,Amherst,MA,,01002,450000,"to support the Piper Fund, a project of the Grantee dedicated to reducing the influence of special interests on the U.S. political system and in its state courts"
2021,263753801,Foundation to Promote Open Society,Proteus Fund Inc,,15 Research Drive Suite B,,Amherst,MA,,01002,300000,"to provide support to Third Wave Fund, a project of the Grantee, for its Sex Worker Giving Circle, a queer and trans women of color and sex worker-led program"
2021,263753801,Foundation to Promote Open Society,Peace Development Fund,,44 North Prospect Street PO Box 12,,Amherst,MA,,010041280,265000,"to support Whose Knowledge? to increase the safety, visibility, and knowledge production of communities that are marginalized in digital space through education"
2021,263753801,Foundation to Promote Open Society,Peace Development Fund,,44 North Prospect Street PO Box 12,,Amherst,MA,,010041280,100000,to support Whose Knowledge? with project support for a community of practice and documentation of indigenous communities and campaigns for climate justice
2021,263753801,Foundation to Promote Open Society,Vote Mama Foundation,,PO Box 694,,Amityville,NY,,11701,250000,to provide general support
2021,263753801,Foundation to Promote Open Society,Bard College,,PO Box 5000,,AnnandaleonHudson,NY,,125045000,555000,to provide program support for Al-Quds Bard College for Arts and Sciences in the academic year of 2020-2021
2021,263753801,Foundation to Promote Open Society,Women Win Foundation Inc,,116 Varnum St,,Arlington,MA,,02474,977000,to provide general support
2021,263753801,Foundation to Promote Open Society,Women Win Foundation Inc,,116 Varnum St,,Arlington,MA,,02474,200000,"to support the Numun Fund, serving to ensure funding for feminist activism and movement building through support of emerging feminist technology innovations, solutions, or practices"
2021,263753801,Foundation to Promote Open Society,Ashoka,,1700 North Moore Street Suite 2000,,Arlington,VA,,22209,150000,to select and train a new generation who will create new models to reinforce citizen-oriented institutions in Venezuela
2021,263753801,Foundation to Promote Open Society,US Committee for Refugees and Immigrants,,2231 Crystal Drive Suite 350,,Arlington,VA,,22202,50000,to develop a community sponsorship program that will expand resettlement support for refugees and other forcibly displaced populations
2021,263753801,Foundation to Promote Open Society,The Nature Conservancy,,4245 Fairfax Drive 100,,Arlington,VA,,22203,50000,"to reduce the vulnerability of coastal communities in the Dominican Republic, Grenada, and Jamaica, and to share tools and knowledge to launch a disaster risk reduction initiative in The Bahamas"
2021,263753801,Foundation to Promote Open Society,The Nature Conservancy,,4245 Fairfax Drive 100,,Arlington,VA,,22203,110000,"to reduce the vulnerability of coastal communities in the Dominican Republic, Grenada, and Jamaica, and to share tools and knowledge to launch a disaster risk reduction initiative in The Bahamas"
2021,263753801,Foundation to Promote Open Society,Ethiopian Community Development Council Inc,,901 South Highland St,,Arlington,VA,,22204,25000,"to pilot new community sponsorship programming in the Denver and DC metro areas, and then expand community outreach and programming throughout the Grantee's network"
2021,263753801,Foundation to Promote Open Society,DAWN Foundation,,22019 Eastcreek Drive,,Ashburn,VA,,20148,275000,to support research and analysis on foreign policy related to the Middle East
2021,263753801,Foundation to Promote Open Society,Inclusive Development International,,9 SW Pack Square Suite 302,,Asheville,NC,,28801,130000,to support civil society in increasing social and environmental accountability on investments
2021,263753801,Foundation to Promote Open Society,Steady Collective,,PO Box 9321,,Asheville,NC,,28815,40000,to provide general support
2021,263753801,Foundation to Promote Open Society,AtlantaFulton County Pre-Arrest Diversion Inc,,236 Forsyth Street SWSuite 500,,Atlanta,GA,,30303,450000,"to reduce arrest and incarceration of people experiencing extreme poverty, problematic substance use, or mental health concerns, and increase the accessibility of supportive services in Atlanta and Fulton County"
2021,263753801,Foundation to Promote Open Society,BVM Capacity Building Institute Inc,,4751 Best RoadSuite 490,,Atlanta,GA,,30337,200000,to provide general support
2021,263753801,Foundation to Promote Open Society,BVM Capacity Building Institute Inc,,4751 Best RoadSuite 490,,Atlanta,GA,,30337,2000000,to provide general support
2021,263753801,Foundation to Promote Open Society,Southerners on New Ground Inc,,561 W Whitehall Street SW,,Atlanta,GA,,30310,1000000,to provide general support
2021,263753801,Foundation to Promote Open Society,Global Network Foundation,,715 Peachtree Street NE Suite 200,,Atlanta,GA,,30308,105000,to support the development of a media platform and related social media pages that are focused on providing information and working with youth
2021,263753801,Foundation to Promote Open Society,Southern Center for Human Rights,,83 Poplar Street NW,,Atlanta,GA,,303032122,390000,to provide general support
2021,263753801,Foundation to Promote Open Society,Project South The Institute for the Elimination of,,9 Gammon Avenue SE,,Atlanta,GA,,303152773,250000,"to support capacity, communications, and strategy development to advance climate justice in the Gulf South"
2021,263753801,Foundation to Promote Open Society,The Carter Center Inc,,One Copenhill 453 Freedom Parkway,,Atlanta,GA,,30307,74000,to provide general support
2021,263753801,Foundation to Promote Open Society,Maine Center for Economic Policy,,PO Box 437,,Augusta,ME,,04332,28000,to provide general support
2021,263753801,Foundation to Promote Open Society,Protex A Network for Progressive Texas DBA Texas C,,1714 Fortview Road Suite 104,,Austin,TX,,78704,300000,to provide general support
2021,263753801,Foundation to Promote Open Society,Texas Low Income Housing Information Service,,1800 West 6th Street,,Austin,TX,,787035122,150000,to provide general support
2021,263753801,Foundation to Promote Open Society,The Miaan Group,,1801 E 51st Street Suite 365 479,,Austin,TX,,78723,100000,to advance human rights in Iran through policy development and promotion of diplomacy
2021,263753801,Foundation to Promote Open Society,University of Texas at Austin,,3925 West Braker Lane Building 159,,Austin,TX,,78759,200000,to support the Propaganda Research Project at the Center for Media Engagement
2021,263753801,Foundation to Promote Open Society,Austin Justice Coalition,,4718 Depew Ave,,Austin,TX,,78751,200000,"to support the Austin Is Safer When and the District Organizing: Project Engage effort to educate the public about policing, the influence of police unions, and ways to keep communities safe without relying on the police"
2021,263753801,Foundation to Promote Open Society,Austin Justice Coalition,,4718 Depew Ave,,Austin,TX,,78751,765000,to provide general support
2021,263753801,Foundation to Promote Open Society,EQTX Equality Texas Foundation,,P O Box 2340,,Austin,TX,,78768,95000,to provide general support
2021,263753801,Foundation to Promote Open Society,Youth Rise Texas,,PO Box 824,,Austin,TX,,78767,100000,to provide general support
2021,263753801,Foundation to Promote Open Society,Texas Freedom Network Education Fund,,PO Box 1624,,Austin,TX,,78767,100000,to train and support the leadership development of young people in Texas on civic engagement so that they have the capacity and ability to advance issues that matter to them
2021,263753801,Foundation to Promote Open Society,Jolt Initiative,,PO Box 4185,,Austin,TX,,78765,100000,to provide general support
2021,263753801,Foundation to Promote Open Society,Advocates for Children and Youth Inc,,1 N Charles Street Suite 2400,,Baltimore,MD,,21201,250000,to provide general support
2021,263753801,Foundation to Promote Open Society,Centro de los Derechos del Migrante Inc,,10 E North Ave Ste 9,,Baltimore,MD,,21202,250000,to provide general support.
2021,263753801,Foundation to Promote Open Society,Baltimore Underground Science Space,,101 N Haven St Suite 105,,Baltimore,MD,,21224,24000,"to support the capacity of Open Insulin Project, a fiscally sponsored project of Baltimore Underground Science Space, to develop the first community owned and managed small-scale insulin production"
2021,263753801,Foundation to Promote Open Society,Youth As Resources,,111 N Charles Streetsuite 502,,Baltimore,MD,,21201,50000,to provide general support
2021,263753801,Foundation to Promote Open Society,University of Baltimore Foundation Inc,,1130 North Charles Street,,Baltimore,MD,,21201,25000,"to provide support to the Sayra and Neil Meyerhoff Center for Families, Children and the Courts' Truancy Court Program, which works to interrupt a student's progression from truancy to school failure, dropping out, and involvement in the school-to-prison pipeline"
2021,263753801,Foundation to Promote Open Society,Disability Rights Maryland,,1500 Union Avenue,,Baltimore,MD,,21211,100000,to provide general support
2021,263753801,Foundation to Promote Open Society,Disability Rights Maryland,,1500 Union Avenue,,Baltimore,MD,,21211,50000,"to convene consumers and advocates to create equity and justice in public behavioral health care through education, community involvement, and policy reform"
2021,263753801,Foundation to Promote Open Society,Restorative Response Baltimore,,1500 Union Avenue Suite 2700,,Baltimore,MD,,21211,25000,to provide general support
2021,263753801,Foundation to Promote Open Society,Maryland Philanthropy Network,,1600 W 41st Street Suite 700,,Baltimore,MD,,21211,75000,"to provide support to Maryland Justice Project, a fiscally-sponsored project of the Grantee, to engage in education and organizing to reduce the number of people serving long sentences in Maryland prisons"
2021,263753801,Foundation to Promote Open Society,Maryland Philanthropy Network,,1600 W 41st Street Suite 700,,Baltimore,MD,,21211,13250,to provide general support
2021,263753801,Foundation to Promote Open Society,Maryland Philanthropy Network,,1600 W 41st Street Suite 700,,Baltimore,MD,,21211,56500,to provide support for the Grantee's Education Funders Affinity Group and for the effort to analyze and strengthen the fiscal hosting ecosystem
2021,263753801,Foundation to Promote Open Society,Maryland Philanthropy Network,,1600 W 41st Street Suite 700,,Baltimore,MD,,21211,37000,"to enable Healing City Baltimore, a fiscally sponsored project of the Grantee, to ensure that a consistent focus on violence, poverty, and educational inequity is maintained in the execution of the Elijah Cummings Healing City Act"
2021,263753801,Foundation to Promote Open Society,Maryland Philanthropy Network,,1600 W 41st Street Suite 700,,Baltimore,MD,,21211,25000,"to provide support to Maryland Justice Project, a fiscally-sponsored project of Maryland Philanthropy Network, in order to expand its capacity to reduce mass incarceration in Maryland, especially in the era of COVID-19"
2021,263753801,Foundation to Promote Open Society,Fusion Partnerships Inc,,1601 Guilford Ave 2 South,,Baltimore,MD,,21202,300000,to provide support for the Youth Resiliency Institute's Mountain Movers project
2021,263753801,Foundation to Promote Open Society,Fusion Partnerships Inc,,1601 Guilford Ave 2 South,,Baltimore,MD,,21202,50000,"to support the efforts of Bmore Awesome, a fiscally-sponsored project of Fusion Partnerships, to engage in youth leadership development and organizing to reform youth justice and school discipline in Baltimore"
2021,263753801,Foundation to Promote Open Society,Fusion Partnerships Inc,,1601 Guilford Ave 2 South,,Baltimore,MD,,21202,100000,"to provide support to the Baltimore Algebra Project, a fiscally-sponsored program of Fusion Partnerships, to develop youth leaders and reduce youth involvement with the justice system"
2021,263753801,Foundation to Promote Open Society,Fusion Partnerships Inc,,1601 Guilford Ave 2 South,,Baltimore,MD,,21202,100000,"to provide support to The Citizens Policing Project, a fiscally-sponsored project of Fusion Partnerships, to educate and mobilize Baltimore residents most impacted by over-policing"
2021,263753801,Foundation to Promote Open Society,Fusion Partnerships Inc,,1601 Guilford Ave 2 South,,Baltimore,MD,,21202,125000,"to provide support to the Family Support Network, a fiscally sponsored project of the Grantee, to bring home people serving long-sentences, particularly people serving life sentences, through education and service"
2021,263753801,Foundation to Promote Open Society,Fusion Partnerships Inc,,1601 Guilford Ave 2 South,,Baltimore,MD,,21202,25000,"to provide support to The Citizens Policing Project, a fiscally-sponsored project of the Grantee, to educate and mobilize Baltimore residents most impacted by over-policing"
2021,263753801,Foundation to Promote Open Society,Fusion Partnerships Inc,,1601 Guilford Ave 2 South,,Baltimore,MD,,21202,70000,"to enable CLLCTIVLY, a fiscally sponsored project of Fusion Partnerships, to provide support to Black-led organizations impacted by COVID-19"
2021,263753801,Foundation to Promote Open Society,A New Faith Community,,1635 West Pratt Street,,Baltimore,MD,,21223,25000,to provide general support
2021,263753801,Foundation to Promote Open Society,Morgan State University Foundation Inc,,1700 East Cold Spring Lane New Com,,Baltimore,MD,,21251,25000,to promote greater diversity in the news industry and meaningful coverage of historically marginalized communities
2021,263753801,Foundation to Promote Open Society,Maryland Center on Economic Policy,,1800 N Charles Street Suite 310,,Baltimore,MD,,21201,25000,to provide general support
2021,263753801,Foundation to Promote Open Society,Urban Teachers,,1800 Washington Blvd Suite 411,,Baltimore,MD,,21230,25000,"to support the Baltimore branch of the Urban Teachers program, which includes recruitment, coaching, coursework, wraparound supports and professional development for over 300 aspiring and full-time educators in Baltimore City Schools"
2021,263753801,Foundation to Promote Open Society,Job Opportunities Task Force Inc,,201 N Charles StreetSuite 2404,,Baltimore,MD,,21201,50000,to provide general support
2021,263753801,Foundation to Promote Open Society,Behavioral Health Leadership Institute Inc,,2200 Arden Road,,Baltimore,MD,,21209,135000,to provide general support
2021,263753801,Foundation to Promote Open Society,Light of Truth Center Inc,,2233 Orleans St,,Baltimore,MD,,21231,50000,"to provide support to Maryland Peer Advisory Council, a fiscally sponsored project of the Grantee, to identify and train new peer support specialists to become advocates for drug policy reform"
2021,263753801,Foundation to Promote Open Society,Pennsylvania Black Arts and Entertainment District,,25 West Fayette St,,Baltimore,MD,,21201,150000,to provide general operating support
2021,263753801,Foundation to Promote Open Society,Wide Angle Youth Media,,2601 North Howard Street Suite 160,,Baltimore,MD,,21218,80000,to provide general support
2021,263753801,Foundation to Promote Open Society,Community Mediation Program Inc,,333 Greenmount Avenue,,Baltimore,MD,,21218,25000,to ensure meaningful community input into the City of Baltimore's efforts to reduce violence
2021,263753801,Foundation to Promote Open Society,American Civil Liberties Union Foundation of Maryl,,3600 Clipper Mill Rd Suite 350,,Baltimore,MD,,21201,100000,to provide general support
2021,263753801,Foundation to Promote Open Society,American Civil Liberties Union Foundation of Maryl,,3600 Clipper Mill Rd Suite 350,,Baltimore,MD,,21201,75000,to engage in education and organizing to reduce the number of people serving long sentences in Maryland prisons
2021,263753801,Foundation to Promote Open Society,Community Law in Action Inc,,520 W Fayette St Suite 140,,Baltimore,MD,,21201,50000,to provide general support
2021,263753801,Foundation to Promote Open Society,Maryland Office of the Public Defender,,6 St Paul Street Suite 1400,,Baltimore,MD,,21202,62500,to help achieve the safe and restorative decarceration of individuals serving long prison sentences in Maryland
2021,263753801,Foundation to Promote Open Society,University of Maryland Baltimore,,620 W Lexington Street,,Baltimore,MD,,21201,60000,to support the completion of a report on the costs of drug criminalization in Maryland
2021,263753801,Foundation to Promote Open Society,University of Maryland Baltimore,,620 W Lexington Street,,Baltimore,MD,,21201,60000,to support the Grantee's work on researching the social and economic costs of drug criminalization Maryland
2021,263753801,Foundation to Promote Open Society,Fund for Educational Excellence,,800 North Charles Street Suite 400,,Baltimore,MD,,212015322,1500000,to facilitate the Baltimore Invest Donor Advised Fund to support alternative approaches to community safety and healing and restorative practices among Baltimore City governmental agencies
2021,263753801,Foundation to Promote Open Society,St Luke's Evangelical Lutheran Church,,800 West 36th Street,,Baltimore,MD,,21211,25000,to provide meals and harm reduction services to residents of Hampden and educate community members on the importance of engaging people who use drugs in a supportive and non-judgmental space
2021,263753801,Foundation to Promote Open Society,Baltimore Civic Fund,,One North Charles Street Suite 160,,Baltimore,MD,,21201,95000,"to enable the Mayor's Office of Criminal Justice to meaningfully engage community partnerships critical to reduce violence in Baltimore, without a reliance on incarceration"
2021,263753801,Foundation to Promote Open Society,Public Justice Center Inc,,One North Charles Street Suite 200,,Baltimore,MD,,21201,35000,"to explore, support and, where viable, pursue legal actions designed to eliminate or reduce the use of money bail and bring about pretrial reform in Baltimore"
2021,263753801,Foundation to Promote Open Society,Public Justice Center Inc,,One North Charles Street Suite 200,,Baltimore,MD,,21201,175000,"to enable Black Leaders Organizing for Change, a fiscally-sponsored project of the Grantee, to engage in education and organizing to bring about policing reforms in Baltimore"
2021,263753801,Foundation to Promote Open Society,Out for Justice Inc,,PO Box 33468,,Baltimore,MD,,21218,100000,to engage in education and organizing to reduce the number of people serving long sentences in Maryland prisons
2021,263753801,Foundation to Promote Open Society,Power Inside Inc,,PO Box 4796,,Baltimore,MD,,21211,50000,to provide general support
2021,263753801,Foundation to Promote Open Society,Johns Hopkins University,,Research Project Administration W-,,Baltimore,MD,,21218,150000,to support research and advocacy on economic justice and sanctions
2021,263753801,Foundation to Promote Open Society,Strategies for Social Change,,42-06A Bell Blvd 221,,Bayside,NY,,11361,25000,"to expand the crisis response program, including individual coaching, leadership coaching circles, and tools for remote working, for non-profit leaders dealing with novel challenges in the context of COVID-19"
2021,263753801,Foundation to Promote Open Society,Pallium India Inc,,37 Happy Valley Road,,Bearsville,NY,,12409,150000,General Support to Pallium India
2021,263753801,Foundation to Promote Open Society,Hesperian Health Guides,,1919 Addison Street Suite 304,,Berkeley,CA,,94704,300000,to provide general support
2021,263753801,Foundation to Promote Open Society,ReThink Media Inc,,2039 Shattuck Ave Suite 401,,Berkeley,CA,,94704,350000,to provide general support
2021,263753801,Foundation to Promote Open Society,As You Sow,,2150 Kittredge StSuite 450,,Berkeley,CA,,94708,200000,"to support As You Sow's program to engage corporate boards using various binding strategies to improve environmental, social and governance standards to improve the health and safety of the workers, consumers, or other stakeholders subject to the negative impact of the companies' current practices"
2021,263753801,Foundation to Promote Open Society,China Digital Times,,2512 Telegraph Ave400,,Berkeley,CA,,94704,150000,to provide general support
2021,263753801,Foundation to Promote Open Society,United 4 Iran,,2560 Ninth Street 319C,,Berkeley,CA,,94710,100000,To provide general support
2021,263753801,Foundation to Promote Open Society,ImpactAssets Inc,,7315 Wisconsin AvenueSuite 1000W,,Bethesda,MD,,20814,300000,"to support the New Media Ventures Innovation Fund, a project of the Grantee that provides early funding to non-profit entrepreneurs working on building infrastructure for social change"
2021,263753801,Foundation to Promote Open Society,Western Native Voice,,PO Box 1018,,Billings,MT,,591031018,100000,to provide general support
2021,263753801,Foundation to Promote Open Society,Musicians for Overdose Prevention Inc,,139 Last Resort Terrace,,Black Mountain,NC,,28711,90000,to provide general support
2021,263753801,Foundation to Promote Open Society,Musicians for Overdose Prevention Inc,,139 Last Resort Terrace,,Black Mountain,NC,,28711,34845,to help musicians and music venues address the overdose crisis through harm reduction practices
2021,263753801,Foundation to Promote Open Society,Oxfam-America Inc,,226 Causeway Street 5th Floor,,Boston,MA,,02114,250000,to inform the debate around debt and austerity policies shaping the pandemic response and recovery by fostering alternatives in the public discourse in Tunisia and the MENA region
2021,263753801,Foundation to Promote Open Society,Oxfam-America Inc,,226 Causeway Street 5th Floor,,Boston,MA,,02114,175000,"to raise awareness and educate about the need for debt relief, Special Drawing Rights, and a robust G20 Common Framework so that low-income countries can benefit from these tools"
2021,263753801,Foundation to Promote Open Society,Oxfam-America Inc,,226 Causeway Street 5th Floor,,Boston,MA,,02114,1300000,to provide general support
2021,263753801,Foundation to Promote Open Society,Oxfam-America Inc,,226 Causeway Street 5th Floor,,Boston,MA,,02114,50000,to help Mayors in Puerto Rico present legal challenges against austerity measures deeply impacting municipalities
2021,263753801,Foundation to Promote Open Society,Oxfam-America Inc,,226 Causeway Street 5th Floor,,Boston,MA,,02114,132379,to support the development of refugee-led networks
2021,263753801,Foundation to Promote Open Society,Oxfam-America Inc,,226 Causeway Street 5th Floor,,Boston,MA,,02114,300000,to counter the impact of COVID-19 for vulnerable groups in the MENA region
2021,263753801,Foundation to Promote Open Society,Oxfam-America Inc,,226 Causeway Street 5th Floor,,Boston,MA,,02114,82500,"to contribute to strengthening the feminist movement in the MENA region by promoting dialogue, solidarity and joint agendas among nascent and established feminist groups"
2021,263753801,Foundation to Promote Open Society,Oxfam-America Inc,,226 Causeway Street 5th Floor,,Boston,MA,,02114,1500000,to provide general support
2021,263753801,Foundation to Promote Open Society,Oxfam-America Inc,,226 Causeway Street 5th Floor,,Boston,MA,,02114,400000,"to support the Grantee's Power and Money program, which seeks to reduce economic inequality and improve livelihoods of the people through increased transparency and citizens' participation in public finance decisions"
2021,263753801,Foundation to Promote Open Society,National Consumer Law Center Inc,,7 Winthrop Square 4th Floor,,Boston,MA,,02110,200000,to provide general support
2021,263753801,Foundation to Promote Open Society,Disability Rights Fund Inc,,89 South Street Suite 203,,Boston,MA,,02111,800000,to provide general support
2021,263753801,Foundation to Promote Open Society,Disability Rights Fund Inc,,89 South Street Suite 203,,Boston,MA,,02111,415000,to provide general support
2021,263753801,Foundation to Promote Open Society,TSNE Mission Works,,89 South Street Suite 700,,Boston,MA,,02111,400000,to support the grantee's Building Movement Project that will strive to deepen multiracial solidarity among BIPOC-led and -serving organizations
2021,263753801,Foundation to Promote Open Society,TSNE Mission Works,,89 South Street Suite 700,,Boston,MA,,02111,200000,"to support the Financial Transparency Coalition, a fiscally-sponsored project of the Grantee, to pursue research and analysis on financial and tax transparency policies and practices internationally to prevent tax evasion and tax abuse that costs developing countries revenue"
2021,263753801,Foundation to Promote Open Society,TSNE Mission Works,,89 South Street Suite 700,,Boston,MA,,02111,300000,"to support the Building Movement Project, a project of the Grantee, in amplifying the voices and experiences of historically marginalized communities"
2021,263753801,Foundation to Promote Open Society,Community Catalyst Inc,,One Federal Street,,Boston,MA,,02110,40000,"to support activities in policy research and analysis, grassroots organizing, building partnerships and coalitions, strategic communications including shared learning, and resource development"
2021,263753801,Foundation to Promote Open Society,Trustees of Boston University Inc,,One Silber Way Eighth Floor,,Boston,MA,,02215,200000,"to support the Global Development Policy Center in its efforts to research reforming global economic governance in a manner that fosters stability, development, and environmental integrity in a transparent and accountable way"
2021,263753801,Foundation to Promote Open Society,Trustees of Boston University Inc,,One Silber Way Eighth Floor,,Boston,MA,,02215,200000,"to support the Global Development Policy Center in its efforts to research reforming global economic governance in a manner that fosters stability, development, and environmental integrity in a transparent and accountable way"
2021,263753801,Foundation to Promote Open Society,Trustees of Boston University Inc,,One Silber Way Eighth Floor,,Boston,MA,,02215,137558,to support the Center for Antiracist Research at Boston University in its research towards addressing racial inequity and injustice
2021,263753801,Foundation to Promote Open Society,Fight for the Future Education Fund,,PO Box 55071 95005,,Boston,MA,,02205,100000,to provide general support
2021,263753801,Foundation to Promote Open Society,350org,,PO Box 843004,,Boston,MA,,02284,250000,to provide general support
2021,263753801,Foundation to Promote Open Society,Native American Rights Fund,,1506 Broadway,,Boulder,CO,,803026296,250000,to provide general support
2021,263753801,Foundation to Promote Open Society,National Pain Advocacy Center,,1949 Peal StreetSuite B,,Boulder,CO,,80302,40000,to provide general support
2021,263753801,Foundation to Promote Open Society,Global Greengrants Fund,,2840 Wilderness Place Suite A,,Boulder,CO,,80301,250000,to provide general support
2021,263753801,Foundation to Promote Open Society,Mandala Enterprise Corporation,,13800 Molly Berry Road,,Brandywine,MD,,20613,125000,to engage in education and organizing to reduce the number of people serving long sentences in Maryland prisons
2021,263753801,Foundation to Promote Open Society,Northwest Bronx Community & Clergy Coalition,,103 East 196th Street,,Bronx,NY,,10468,200000,to provide general support
2021,263753801,Foundation to Promote Open Society,Mekong Inc,,2471 University Avenue,,Bronx,NY,,10468,200000,to support the Grantee's Southeast Asian Freedom Network as they respond to state and interpersonal violence against Asian Americans/Pacific Islanders
2021,263753801,Foundation to Promote Open Society,Creative Justice Initiative Inc,,930 Grand Concourse Apt 4D,,Bronx,NY,,10541,300000,to support the development and installation of a set of three public art installations to highlight the accurate history and contributions of African descendants in Puerto Rico
2021,263753801,Foundation to Promote Open Society,EqualHealth Inc,,PO Box 1575,,Brookline,MA,,02446,230000,to provide general support
2021,263753801,Foundation to Promote Open Society,For Freedoms Federation,,119 11th Street,,Brooklyn,NY,,11215,500000,to provide general support
2021,263753801,Foundation to Promote Open Society,Black Alliance for Just Immigration,,1360 Fulton Street Bldg B Suite,,Brooklyn,NY,,11216,300000,to provide general support
2021,263753801,Foundation to Promote Open Society,Black Alliance for Just Immigration,,1360 Fulton Street Bldg B Suite,,Brooklyn,NY,,11216,200000,to provide general support
2021,263753801,Foundation to Promote Open Society,Campaign for Human Rights,,137 Montague Street PMB 384,,Brooklyn,NY,,112013402,500000,to provide general support
2021,263753801,Foundation to Promote Open Society,SITU Studio LLC,,141 Flushing Avenue Bldg 77 Suite,,Brooklyn,NY,,11205,275000,"to support SITU to use technology to capture and mobilize data for the pursuit of human rights, accountability, and climate justice"
2021,263753801,Foundation to Promote Open Society,SITU Studio LLC,,141 Flushing Avenue Bldg 77 Suite,,Brooklyn,NY,,11205,197500,"to support SITU Research to use advanced technology in investigation and representation of human rights and corporate accountability information through effective analysis, development and dissemination of new tools and techniques, and innovation, in support of human rights defenders and investigators and to benefit victims of human rights violations"
2021,263753801,Foundation to Promote Open Society,Business Capacity Development Alliance,,147 Prince Street,,Brooklyn,NY,,11201,200000,"to support the Grantee's project Diaspora Rising, a media and advocacy hub dedicated to strengthening the connections among the Black diaspora"
2021,263753801,Foundation to Promote Open Society,United Photo Industries Inc,,16 Main Street Suite B,,Brooklyn,NY,,11201,26250,to support MFON: Women Photographers of the African Diaspora's production of a photobook and virtual symposium for female storytellers of the African diaspora
2021,263753801,Foundation to Promote Open Society,Eyebeam Atelier Inc,,185 Wythe AvenueOffice F1,,Brooklyn,NY,,11249,132000,to support a multimedia project that reframes attacks on BIPOC communities through VR technology
2021,263753801,Foundation to Promote Open Society,New Media Advocacy Project Inc,,195 Montague St 14th Floor,,Brooklyn,NY,,11201,150000,to provide general support
2021,263753801,Foundation to Promote Open Society,International Accountability Project,,195 Plymouth Street,,Brooklyn,NY,,11201,30000,to support the grantee's work in enabling communities and civil society's participation in the design and implementation of development projects in Southeast Asia
2021,263753801,Foundation to Promote Open Society,El Puente De Williamsburg Inc,,211 South 4th Street,,Brooklyn,NY,,11211,25000,to support community education and renewable energy transformation efforts in communities directly affected by fossil fuel plants in Puerto Rico
2021,263753801,Foundation to Promote Open Society,Global Americans Inc,,22 Clifton Place,,Brooklyn,NY,,11238,91000,"to convene American and Caribbean policymakers, scholars, government officials, and civil society representatives for a series of meetings to discuss policy options regarding climate change in the Caribbean"
2021,263753801,Foundation to Promote Open Society,The Everyday Projects,,294 Washington Avenue 2,,Brooklyn,NY,,11205,30000,to support Everyday Projects' Everyday Africa initiative management team in order to promote and educate the public about photography in Africa
2021,263753801,Foundation to Promote Open Society,Make the Road New York Inc,,301 Grove Street,,Brooklyn,NY,,11237,800000,to provide support for the NYS Fund for Excluded Workers
2021,263753801,Foundation to Promote Open Society,Make the Road New York Inc,,301 Grove Street,,Brooklyn,NY,,11237,100000,to support the Grantee's Worker Organizing and Anti-Surveillance Project
2021,263753801,Foundation to Promote Open Society,New York Focus,,361 Warren Street,,Brooklyn,NY,,11201,150000,"to educate people and communities across NY State on where their local government in Albany stands on decisions, policies, legislation and processes, and how these issues may impact their lives"
2021,263753801,Foundation to Promote Open Society,Right To The City Alliance,,388 Atlantic Avenue 2nd Floor,,Brooklyn,NY,,11217,200000,to provide general support
2021,263753801,Foundation to Promote Open Society,Center for Popular Democracy,,449 Troutman Street Suite A,,Brooklyn,NY,,11237,590000,"to support Local Progress, a project of the Grantee, in advancing racial and economic justice"
2021,263753801,Foundation to Promote Open Society,Center for Popular Democracy,,449 Troutman Street Suite A,,Brooklyn,NY,,11237,50000,"to support Communities United, a fiscally sponsored program of Center for Popular Democracy, to strengthen its organizing movements in Maryland and support leadership development and capacity building"
2021,263753801,Foundation to Promote Open Society,Center for Popular Democracy,,449 Troutman Street Suite A,,Brooklyn,NY,,11237,45000,"to support the New Leader Boot Camp in training a cohort of freshman city council members in Baltimore on leadership skill-development; power analysis and organizing; best practices in progressive public policy from cities across the country on issues of importance in Baltimore and the state, so that they enter office with a deep knowledge of the rules, customs and operations of the council"
2021,263753801,Foundation to Promote Open Society,PrEP4All,,520 Eastern Parkway Apt 2F,,Brooklyn,NY,,11225,200000,to provide general support
2021,263753801,Foundation to Promote Open Society,Common Justice Inc,,540 Atlantic Avenue4th Floor,,Brooklyn,NY,,11217,300000,to provide general support
2021,263753801,Foundation to Promote Open Society,Participatory Budgeting Project Inc,,540 President St 3rd Floor,,Brooklyn,NY,,11215,250000,to provide general support
2021,263753801,Foundation to Promote Open Society,Health Global Access Project Inc,,540 President Street 3rd Floor,,Brooklyn,NY,,11215,500000,to provide general support
2021,263753801,Foundation to Promote Open Society,Center for NuLeadership on Urban Solutions,,7 Marcus Garvey Blvd Suite 423,,Brooklyn,NY,,11206,95000,to provide general support
2021,263753801,Foundation to Promote Open Society,Equal Justice USA Inc,,77 Sands Street,,Brooklyn,NY,,11201,200000,to provide general support
2021,263753801,Foundation to Promote Open Society,Voices of Community Activists and Leaders Inc,,80-A 4th Avenue,,Brooklyn,NY,,11217,172000,to provide general support
2021,263753801,Foundation to Promote Open Society,Association for Promotion of Jewish Secularism In,,PO Box 130049,,Brooklyn,NY,,11213,100000,to provide general support
2021,263753801,Foundation to Promote Open Society,Long Island University,,Bush Brown Building Room 200700 No,,Brookville,NY,,11548,200000,to develop a nonpartisan forum for spearheading a national conversation about contesting anti-democratic movements
2021,263753801,Foundation to Promote Open Society,Partnership for the Public Good Inc,,617 Main Street Suite 300,,Buffalo,NY,,14203,250000,"to conduct policy research and public education in Buffalo, New York"
2021,263753801,Foundation to Promote Open Society,Social and Environmental Entrepreneurs,,23564 Calabasas Road Suite 201,,Calabasas,CA,,91302,160000,to support Movement for Family Power's work on family defense
2021,263753801,Foundation to Promote Open Society,Social and Environmental Entrepreneurs,,23564 Calabasas Road Suite 201,,Calabasas,CA,,91302,230000,to support the Grantee's Healing and Transformative Justice Fund for participatory-based subgranting to community-based groups and leaders who are working together to heal collective trauma and build out strategies to address harm and violence within communities
2021,263753801,Foundation to Promote Open Society,Social and Environmental Entrepreneurs,,23564 Calabasas Road Suite 201,,Calabasas,CA,,91302,300000,"to support efforts to reimagine what community safety in Atlanta can look like by Women on the Rise, a project of the Grantee"
2021,263753801,Foundation to Promote Open Society,Social and Environmental Entrepreneurs,,23564 Calabasas Road Suite 201,,Calabasas,CA,,91302,1700000,"to support the Minneapolis Community Safety Project, which seeks to bolster social safety nets for communities that are criminalized and disenfranchised from State support systems"
2021,263753801,Foundation to Promote Open Society,Social and Environmental Entrepreneurs,,23564 Calabasas Road Suite 201,,Calabasas,CA,,91302,250000,"to support the Coalition for Human Rights in Development, a fiscally sponsored project of the Grantee, to improve civil society, movement and community participation in development finance institutions' COVID-19 response and policies"
2021,263753801,Foundation to Promote Open Society,AgitArte,,AgitArtePO BOX 391791,,CAMBRIDGE,MA,,02139,30000,to provide general support
2021,263753801,Foundation to Promote Open Society,Massachusetts Institute of Technology,,77 Massachusetts Avenue NE18-901,,Cambridge,MA,,02139,425000,to support environmental equity and racial justice in the Amazon and the Afro-descendant Natural Belt of the Americas
2021,263753801,Foundation to Promote Open Society,Massachusetts Institute of Technology,,77 Massachusetts Avenue NE18-901,,Cambridge,MA,,02139,100000,to provide educational and technical support to Afro-Colombian leaders and community councils to develop narratives and advocate for a post-covid recovery agenda that supports the economic recovery of Afro-Colombian and Indigenous communities on the pacific coast
2021,263753801,Foundation to Promote Open Society,President and Fellows of Harvard College,,Office for Sponsored Programs 1033,,Cambridge,MA,,02138,100000,to support the Grantee's Labor and Worklife Program to foster innovation in building worker power through experimenting and piloting new strategies and re-imagining American labor law
2021,263753801,Foundation to Promote Open Society,Central Eurasian Studies Society Inc,,PO Box 400690,,Cambridge,MA,,02140,50250,"to support the travel of thirty early-career Eurasian scholars to attend the annual conferences of the Central Eurasian Studies Society, and to provide workshops on how scholars can become effective, engaged citizens"
2021,263753801,Foundation to Promote Open Society,Just Futures Law Inc,,95 Washington St 104-149,,Canton,MA,,02021,300000,to provide general support
2021,263753801,Foundation to Promote Open Society,Community Foundation of Northeast Iowa,,3117 Greenhill Cir,,Cedar Falls,IA,,50613,250000,"to support the 1619 Freedom School, a project of the grantee, in its development of a culturally responsive education and literacy curriculum in Waterloo, IA"
2021,263753801,Foundation to Promote Open Society,IPAS,,PO Box 9990,,Chapel Hill,NC,,27515,1300000,to provide general support
2021,263753801,Foundation to Promote Open Society,Fair Share Housing Center,,510 Park Boulevard,,Cherry Hill,NJ,,08002,225000,to provide general support
2021,263753801,Foundation to Promote Open Society,Community Renewal Society,,111 West Jackson Boulevard Suite 8,,Chicago,IL,,60604,200000,to hold individuals and institutions accountable for systemic inequality through data-driven investigative and solutions-based journalism
2021,263753801,Foundation to Promote Open Society,National Partnership for New Americans,,1805 S Ashland Ave,,Chicago,IL,,60608,200000,"to uphold and strengthen the nation's commitment to welcome and protect those seeking freedom, safety, and refuge in the United States by We Are All America, a project of the Grantee"
2021,263753801,Foundation to Promote Open Society,Action Center on Race and the Economy Institute,,1901 West Carroll Avenue,,Chicago,IL,,60612,200000,to provide general support
2021,263753801,Foundation to Promote Open Society,United States Artists,,200 W Madison Street Floor 3,,Chicago,IL,,60606,50000,"to support We Are Bound, a research, documentation, and analysis project exploring the impact of the Artist Relief COVID-19 emergency grants"
2021,263753801,Foundation to Promote Open Society,Heartland Alliance for Human Needs and Human Right,,208 South LaSalle Street Suite 130,,Chicago,IL,,60604,200000,"to support the National Immigrant Justice Center, a project of the Grantee, in establishing and defending the rights of immigrants regardless of background"
2021,263753801,Foundation to Promote Open Society,People's Action Institute,,2125 W North Ave,,Chicago,IL,,60647,90000,to provide support to rethink the national security narrative and develop narratives that push back on anti-Asian messaging prevalent in the field of US foreign policy
2021,263753801,Foundation to Promote Open Society,People's Action Institute,,2125 W North Ave,,Chicago,IL,,60647,431250,to support the Grantee and their Overdose Cohort in disseminating messaging that unites a multiracial coalition around ending the overdose crisis and through public health responses to drug use
2021,263753801,Foundation to Promote Open Society,People's Action Institute,,2125 W North Ave,,Chicago,IL,,60647,160000,to provide general support
2021,263753801,Foundation to Promote Open Society,People's Action Institute,,2125 W North Ave,,Chicago,IL,,60647,20000,to develop a strategy to counter racism in national security narratives about China
2021,263753801,Foundation to Promote Open Society,BYP100 Education Fund,,239 E 51st Street,,Chicago,IL,,60615,800000,to provide general support
2021,263753801,Foundation to Promote Open Society,Alianza Americas,,2875 W Cermak Rd,,Chicago,IL,,60623,150000,to provide general support
2021,263753801,Foundation to Promote Open Society,Alianza Americas,,2875 W Cermak Rd,,Chicago,IL,,60623,200000,to provide general support
2021,263753801,Foundation to Promote Open Society,Workers Center for Racial Justice NFP,,2929 South Wabash AvenueSuite 203,,Chicago,IL,,60616,200000,to provide general support
2021,263753801,Foundation to Promote Open Society,Interfaith Youth Core,,325 North LaSalle Street Suite 775,,Chicago,IL,,60654,250000,to provide general support
2021,263753801,Foundation to Promote Open Society,Sargent Shriver National Center on Poverty Law,,50 E Washington Street Suite 500,,Chicago,IL,,60602,150000,to provide general support
2021,263753801,Foundation to Promote Open Society,The University of Chicago,,5801 South Ellis Avenue,,Chicago,IL,,60637,200000,"to support GenForward, an initiative at the Grantee's Center for the Study of Race, Politics, and Culture"
2021,263753801,Foundation to Promote Open Society,ConTextos Not For Profit,,641 W Lake St Suite 200,,Chicago,IL,,60661,200000,to provide general support
2021,263753801,Foundation to Promote Open Society,Pillars Fund,,FBRK c/o Pillars Fund200 W Madison3,,Chicago,IL,,60606,200000,to provide general support
2021,263753801,Foundation to Promote Open Society,Ohio Justice and Policy Center,,215 East Ninth Street Suite 601,,Cincinnati,OH,,45202,300000,to provide general support
2021,263753801,Foundation to Promote Open Society,Ohio Voice,,394 E Town St,,Columbus,OH,,43215,140000,to provide general support
2021,263753801,Foundation to Promote Open Society,Ohio Voice,,394 E Town St,,Columbus,OH,,43215,15000,"to support the Grantee's program, River Valley Organizing, with short-term grant coverage to reduce and prevent overdoses and advance harm reduction, health, and rights of people who use drugs"
2021,263753801,Foundation to Promote Open Society,Ohio Voice,,394 E Town St,,Columbus,OH,,43215,225000,"to support the Grantee's fiscally sponsored program, River Valley Organizing, to reduce and prevent overdoses and advance harm reduction, health, and rights of people who use drugs"
2021,263753801,Foundation to Promote Open Society,Brave New Films,,10510 Culver Blvd,,Culver City,CA,,90232,150000,to provide general support
2021,263753801,Foundation to Promote Open Society,Miami Valley Fair Housing Center Inc,,505 Riverside Drive,,Dayton,OH,,45405,100000,to provide general support
2021,263753801,Foundation to Promote Open Society,Arab Community Center for Economic and Social Serv,,2651 Saulino Court,,Dearborn,MI,,48120,250000,to provide general support
2021,263753801,Foundation to Promote Open Society,Arab Community Center for Economic and Social Serv,,2651 Saulino Court,,Dearborn,MI,,48120,125000,"to provide support for the National Network for Arab American Communities, a project of the Grantee"
2021,263753801,Foundation to Promote Open Society,Welcoming America Inc,,315 W Ponce de Leon Avenue Suite,,Decatur,GA,,30030,600000,to provide general support
2021,263753801,Foundation to Promote Open Society,Welcoming America Inc,,315 W Ponce de Leon Avenue Suite,,Decatur,GA,,30030,100000,to provide general support
2021,263753801,Foundation to Promote Open Society,Fund for Southern Communities,,4153 - C Flat Shoals Parkway Suite,,Decatur,GA,,30034,500000,"to implement the public taskforce recommendations for closing the Atlanta City Detention Center, refine program services, and build a Center for Equity and Wellness"
2021,263753801,Foundation to Promote Open Society,University of Denver,,2199 South University Blvd,,Denver,CO,,80208,50000,to support the International Career Advancement Program at the University of Denver to improve the quality and diversity of leadership in the field of international affairs
2021,263753801,Foundation to Promote Open Society,Allied Media Projects,,4126 Third Street,,Detroit,MI,,48201,500000,"to support 18MillionRising, a project of the grantee that seeks to increase nonpartisan civic engagement among Asian Americans and Pacific Islanders and work towards equal justice and liberation for all"
2021,263753801,Foundation to Promote Open Society,Allied Media Projects,,4126 Third Street,,Detroit,MI,,48201,300000,"to support 18MillionRising, a project of the Grantee, in culturally-competent organizing of AAPI youth in response to anti-Asian violence"
2021,263753801,Foundation to Promote Open Society,Allied Media Projects,,4126 Third Street,,Detroit,MI,,48201,100000,to provide general support
2021,263753801,Foundation to Promote Open Society,Allied Media Projects,,4126 Third Street,,Detroit,MI,,48201,100000,"to support the Detroit ?Community ?Technology ?Project, ?a ?project ?of the Grantee, ?in ?continuing ?to develop ?infrastructure, ?ownership ?models, ?and ?governance mechanisms ?for community-based ?digital ?technologies"
2021,263753801,Foundation to Promote Open Society,Allied Media Projects,,4126 Third Street,,Detroit,MI,,48201,225000,"to support the Kairos Fellowship, a project of the Grantee that will provide digital organizing training to nonprofit organizations"
2021,263753801,Foundation to Promote Open Society,Allied Media Projects,,4126 Third Street,,Detroit,MI,,48201,150000,"to support education on misinformation and disinformation, and how they are used to destabilize and harm communities of color"
2021,263753801,Foundation to Promote Open Society,Wayne State University,,471 W Palmer,,Detroit,MI,,48202,10000,to support Wayne State University Law School in its development of a multi-pronged research project that aims to understand and build awareness of global Islamophobia
2021,263753801,Foundation to Promote Open Society,FRESH Fully Restoring Every Sons Hope,,PO Box 471073,,District Heights,MD,,20753,25000,to provide general support
2021,263753801,Foundation to Promote Open Society,Center for Death Penalty Litigation,,123 West Main Street Suite 700,,Durham,NC,,277013228,395000,"to support the infrastructure of the 8th Amendment Project, a national campaign to abolish the death penalty, fiscally sponsored by the Grantee"
2021,263753801,Foundation to Promote Open Society,Southern Vision Alliance,,1410 W Chapel Hill St,,Durham,NC,,27701,800000,"to support Durham Beyond Policing, a project of the Grantee, to undertake research and organizing in Durham to understand what resources are needed to address and prevent harm"
2021,263753801,Foundation to Promote Open Society,Center for Responsible Lending,,302 West Main Street,,Durham,NC,,27701,750000,to provide general support
2021,263753801,Foundation to Promote Open Society,Forward Justice,,400 W Main StreetSuite 203,,Durham,NC,,27701,120000,to provide general support
2021,263753801,Foundation to Promote Open Society,Institute for Southern Studies,,PO Box 531,,Durham,NC,,277020531,75000,to provide general support
2021,263753801,Foundation to Promote Open Society,National College Players Association,,6709 Borges Street,,Eastvale,CA,,92880,250000,to engage with college athletes across the country pursuing racial justice in college sports and in society
2021,263753801,Foundation to Promote Open Society,Down East AIDS Network Inc,,5 Long Ln,,Ellsworth,ME,,04605,51286,to provide general support
2021,263753801,Foundation to Promote Open Society,Center for Investigative Reporting Inc,,1400 65th Street Suite 200,,Emeryville,CA,,94608,200000,to provide general support
2021,263753801,Foundation to Promote Open Society,Mobility International USA,,132 East Broadway Suite 343,,Eugene,OR,,97401,200000,to provide general support
2021,263753801,Foundation to Promote Open Society,Mobility International USA,,132 East Broadway Suite 343,,Eugene,OR,,97401,100000,to support the grantee's programs to support women leaders with disabilities
2021,263753801,Foundation to Promote Open Society,Environmental Law Alliance Worldwide,,1412 Pearl St,,Eugene,OR,,97401,100000,to provide general support
2021,263753801,Foundation to Promote Open Society,Arab Studies Institute (ASI-KP),,10832 Oakcrest Court,,Fairfax,VA,,22030,400000,to provide general support
2021,263753801,Foundation to Promote Open Society,Human Rights Activists,,1221 Fairfax Town Ctr Unit 911,,Fairfax,VA,,22033,100000,to support the provision of accurate information on situation of human rights in Iran
2021,263753801,Foundation to Promote Open Society,Arab Watch Coalition,,9510 Babson Court,,Fairfax,VA,,22032,150000,to provide general support
2021,263753801,Foundation to Promote Open Society,Repairers of the Breach,,2105 North Williams Street,,Goldsboro,NC,,27530,1250000,to provide general support
2021,263753801,Foundation to Promote Open Society,Armed Conflict Location and Event Data Project,,361 Falls Rd No 501,,Grafton,WI,,53024,75000,"to support the Yemen Data Project, which will collect and analyze data on airstrikes and other sources of civilian harm in the conflict in Yemen in order to increase transparency over the conduct of the war and to inform humanitarian response"
2021,263753801,Foundation to Promote Open Society,Harm Reduction Ohio,,935 River Road Suite G,,Granville,OH,,43023,88333,to provide general support
2021,263753801,Foundation to Promote Open Society,Harm Reduction Ohio,,935 River Road Suite G,,Granville,OH,,43023,20000,to provide general support
2021,263753801,Foundation to Promote Open Society,North Carolina Survivors Union,,1114 Grove Street,,Greensboro,NC,,27403,150000,to provide general support
2021,263753801,Foundation to Promote Open Society,Every Campus a Refuge,,4301 United St,,Greensboro,NC,,27407,350000,to provide general support
2021,263753801,Foundation to Promote Open Society,We Are Down Home,,PO Box 10671 NC,,Greensboro,NC,,27404,25417,to provide general support
2021,263753801,Foundation to Promote Open Society,Judaism and Democracy Action Alliance of North Ame,,411 Route 17 S Ste 310,,Hasbrouk Heights,NJ,,07604,250000,to support JDAA's work in the Middle East
2021,263753801,Foundation to Promote Open Society,Women Cross DMZ,,3688 Woodlawn Terrace Place,,Honolulu,HI,,968221475,100000,to provide general support
2021,263753801,Foundation to Promote Open Society,International Association for Hospice and Palliati,,5535 Memorial Drive Suite F-509,,Houston,TX,,77007,200000,to provide general support
2021,263753801,Foundation to Promote Open Society,CASA de Maryland,,8151 15th Ave,,Hyattsville,MD,,20783,100000,to support the Grantee and Make The Road Pennsylvania in educating and lifting up the voices of the Puerto Rican diaspora in Pennsylvania
2021,263753801,Foundation to Promote Open Society,Center for Transformative Action,,119 Anabel Taylor Hall,,Ithaca,NY,,14853,45000,to support QDEP's COVID-19 responses under the fiscal sponsorship of Center for Transformative Action
2021,263753801,Foundation to Promote Open Society,Cornell University,,130 E Seneca Street Suite 400,,Ithaca,NY,,14850,64600,"to support the Global Strategic Litigation Council for Refugee Rights, a project of the Grantee, to disseminate creative legal and policy responses, legal empowerment strategies and solutions from different jurisdictions to advance protections for refugees and forcibly displaced communities"
2021,263753801,Foundation to Promote Open Society,Cornell University,,130 E Seneca Street Suite 400,,Ithaca,NY,,14850,100000,"to support the Cornell Center for the Death Penalty Worldwide's research, awareness raising and peer learning on the death penalty"
2021,263753801,Foundation to Promote Open Society,Cornell University,,130 E Seneca Street Suite 400,,Ithaca,NY,,14850,16250,to support the Cornell Center for the Death Penalty Worldwide to strengthen intersectional advocacy on women facing the death penalty by fostering new alliances between death penalty activists and the gender rights movement
2021,263753801,Foundation to Promote Open Society,LGBT CENTER INTERCULTURAL COLLECTIVE INC,,3763 83rd St 1B,,Jackson Heights,NY,,11372,75000,to provide general support
2021,263753801,Foundation to Promote Open Society,New Immigrant Community Empowerment,,71-29 Roosevelt Avenue 2nd Floor,,Jackson Heights,NY,,11372,48000,to provide general support
2021,263753801,Foundation to Promote Open Society,Articulate Foundation Inc,,111 Town Square Place Suite 1203,,Jersey City,NJ,,07310,330000,to provide general support
2021,263753801,Foundation to Promote Open Society,New Jersey Together Inc,,PO Box 136,,Jersey City,NJ,,07303,110000,to support the expansion of the Grantee's work around criminal justice and drug policy
2021,263753801,Foundation to Promote Open Society,Emgage Foundation Inc,,3425 US Highway 98 North,,Lakeland,FL,,33809,300000,to provide general support
2021,263753801,Foundation to Promote Open Society,Safe & Just Michigan,,521 Seymour,,Lansing,MI,,48933,300000,to provide general support
2021,263753801,Foundation to Promote Open Society,Center for Artistic Activism Inc,,86 Church Street 500,,Leeds,NY,,12451,200000,to provide general support to the Center for Artistic Activism
2021,263753801,Foundation to Promote Open Society,Initiative for Medicines Access and Knowledge (I-,,16192 Coastal Highway,,Lewes,DE,,19958,200000,to provide general support
2021,263753801,Foundation to Promote Open Society,Initiative for Medicines Access and Knowledge (I-,,16192 Coastal Highway,,Lewes,DE,,19958,125000,to provide general support
2021,263753801,Foundation to Promote Open Society,CUNY School of Law Foundation Inc,,2 Court Square 5th floor,,Long Island City,NY,,111014356,250000,to support the Creating Law Enforcement Accountability and Responsibility project at CUNY School of Law
2021,263753801,Foundation to Promote Open Society,Fair Housing Justice Center Inc,,30-30 Northern Blvd Ste 302,,Long Island City,NY,,11101,100000,to provide general support
2021,263753801,Foundation to Promote Open Society,Emerging Markets Investors Alliance Inc,,4-74 48th Avenue 38F,,Long Island City,NY,,11109,235000,to provide general support
2021,263753801,Foundation to Promote Open Society,Community Partners,,1000 North Alameda Street Suite 24,,Los Angeles,CA,,90012,550000,to provide core support to the Human Rights Data Analysis Group
2021,263753801,Foundation to Promote Open Society,Community Partners,,1000 North Alameda Street Suite 24,,Los Angeles,CA,,90012,200000,"to support BLD PWR, a project of the grantee, to continue its organizing and education at the intersection of pop culture and racial justice"
2021,263753801,Foundation to Promote Open Society,Community Partners,,1000 North Alameda Street Suite 24,,Los Angeles,CA,,90012,150000,"to support the Human Rights Data Analysis Group, a fiscally sponsored project of the Grantee, to strengthen the field of statistical science for human rights accountability"
2021,263753801,Foundation to Promote Open Society,National Association of Latino Elected and Appoint,,1122 West Washington Boulevard 3rd,,Los Angeles,CA,,90015,300000,to provide general support
2021,263753801,Foundation to Promote Open Society,Muslims For Progressive Values,,1465 Tamarind Ave702,,Los Angeles,CA,,90028,150000,to provide general support
2021,263753801,Foundation to Promote Open Society,Los Angeles LGBT Center,,1625 North Schrader Boulevard,,Los Angeles,CA,,900286213,225000,to provide general support
2021,263753801,Foundation to Promote Open Society,Mayors Fund for Los Angeles,,200 N SPRING STREET,,Los Angeles,CA,,90012,100000,"to support the City Hub and Network for Gender Equity (CHANGE), the first international coalition of cities committed to gender equity, to develop initiatives that advance gender equity and enrich the diversity of perspectives in local government"
2021,263753801,Foundation to Promote Open Society,National Immigration Law Center,,3435 Wilshire Boulevard Suite 1600,,Los Angeles,CA,,90010,200000,to provide general support
2021,263753801,Foundation to Promote Open Society,The Underground Museum,,3508 W Washington Blvd,,Los Angeles,CA,,90018,500000,to provide general support
2021,263753801,Foundation to Promote Open Society,Sundance Institute,,5900 Wilshire Boulevard Suite 800,,Los Angeles,CA,,90036,1000000,to support the Sundance Documentary Film Program
2021,263753801,Foundation to Promote Open Society,Mexican American Legal Defense and Educational Fun,,634 South Spring Street 1100,,Los Angeles,CA,,90014,100000,to provide general support
2021,263753801,Foundation to Promote Open Society,Institute for Nonprofit News,,714 West Olympic Boulevard 931,,Los Angeles,CA,,90027,150000,to provide general support
2021,263753801,Foundation to Promote Open Society,Pacific Council on International Policy,,725 S Figueroa St Suite 450,,Los Angeles,CA,,90017,100000,"to provide support to the Leadership Council for Women in National Security, a fiscally sponsored project of the Grantee, to advocate for gender parity in foreign policy and national security positions in the U.S. government"
2021,263753801,Foundation to Promote Open Society,Youth Justice Coalition,,7625 S Central Ave,,Los Angeles,CA,,90001,62500,to support two year implementation of a community alternative to 911 throughout the greater Los Angela area and the Grantee's work with collaborative partners building a culture of accountability to transform violence
2021,263753801,Foundation to Promote Open Society,The Kaleidoscope Institute,,840 Echo Park Avenue,,Los Angeles,CA,,90026,55000,to support a network of faith leaders of color across the country
2021,263753801,Foundation to Promote Open Society,University of Southern California,,Department of Grants and Contracts3,,Los Angeles,CA,,900890701,150000,"to support the development of a multi-pronged intersectional framework at the Equity Research Institute, housed at USC, to address income inequality, economic insecurity, and growing social and racial divisions."
2021,263753801,Foundation to Promote Open Society,A New Way of Life Re-Entry Project,,PO Box 875288,,Los Angeles,CA,,90087,500000,to provide general support
2021,263753801,Foundation to Promote Open Society,Define American,,822 E Broadway,,Louisville,KY,,40204,200000,to provide general support
2021,263753801,Foundation to Promote Open Society,Mental Health Association of Maryland,,1301York Road 505,,Lutherville,MD,,21093,100000,to provide general support
2021,263753801,Foundation to Promote Open Society,State Innovation Exchange,,PO Box 260230,,Madison,WI,,53726,250000,to provide general support
2021,263753801,Foundation to Promote Open Society,State Innovation Exchange,,PO Box 260230,,Madison,WI,,53726,200000,to build and develop the leadership and governance skills of state and local elected officials across the United States
2021,263753801,Foundation to Promote Open Society,Global Friends in Action Inc,,PO Box 46333,,Madison,WI,,53744,87500,to provide general support
2021,263753801,Foundation to Promote Open Society,The BOMA Project Inc,,4927 Main Street PO Box 1865 Ma,,Manchester,VT,,05255,30000,to reduce the prevalence and depth of poverty while strengthening the resilience of vulnerable households in Kenya
2021,263753801,Foundation to Promote Open Society,Advance Democracy Inc,,1360 Beverly Road Suite 300,,McLean,VA,,22003,250000,to provide general support
2021,263753801,Foundation to Promote Open Society,Law Enforcement Action Partnership,,121 Mystic Avenue Suites 7-9,,Medford,MA,,02155,150000,to provide general support
2021,263753801,Foundation to Promote Open Society,Trustees of Tufts College,,Tufts UniversityBallou Hall,,Medford,MA,,02155,59660,to support the Talloires Network based at Tufts University for a project titled 'University Award for Innovative Civic Engagement'
2021,263753801,Foundation to Promote Open Society,New Florida Majority Education Fund,,10800 Biscayne Blvd Suite 1050,,Miami,FL,,33161,100000,to support the capacity building and base building of formerly incarcerated people to advance criminal justice reforms
2021,263753801,Foundation to Promote Open Society,SOUL Sisters Leadership Collective,,1951 NW 7th Ave 600,,Miami,FL,,33136,50000,to support the leadership development of system-involved youth of color to transform justice systems
2021,263753801,Foundation to Promote Open Society,Citizens For Integrity Inc,,75 Valencia Avenue Suite 503Coral G,,Miami,FL,,33134,200000,to provide general support
2021,263753801,Foundation to Promote Open Society,Talk2U,,777 Brickell Ave STE 1210,,Miami,FL,,33131,70000,"to raise awareness by providing high-quality information and actions on what can be done to preserve rainforests in Brazil, Colombia, and Peru"
2021,263753801,Foundation to Promote Open Society,Grupo Conexo LLC,,80 SW 8th St Ste 3303,,Miami,FL,,33130,150000,"to provide educational and skill building activities for organizations, including initial audits, trainings and revisions of internal policies, in order to provide the tools necessary to implement long term digital security"
2021,263753801,Foundation to Promote Open Society,Heartland Initiative Inc,,105 Kenwood Place,,Michigan City,IN,,46360,185000,"to support corporate accountability for human rights harms in conflict-affected and high-risk areas through the development of tools, policies, and practices to prevent and mitigate risks"
2021,263753801,Foundation to Promote Open Society,The Watershed Center,,44 Kate Road,,Millerton,NY,,12546,80000,"to support Dissenters, a project of the grantee, in their work to organize college students on campuses and deepen their understanding of US foreign policy and national security issues"
2021,263753801,Foundation to Promote Open Society,Metcalfe Park Community Bridges Inc,,3624 W North Ave,,Milwaukee,WI,,53208,100000,to provide general support
2021,263753801,Foundation to Promote Open Society,Hmong American Women's Association,,9235 W Capitol Drive Suite 414,,Milwaukee,WI,,53222,59796,"to provide funding to the African American Roundtable, a fiscally sponsored program of the Grantee, to enable AART to retain its Coalition and Membership Manager, an essential member of the LiberateMKE effort to educate residents of Milwaukee about the city budget process and highlight the services needed for true community safety"
2021,263753801,Foundation to Promote Open Society,Hmong American Women's Association,,9235 W Capitol Drive Suite 414,,Milwaukee,WI,,53222,1000000,"to support the efforts of the African American Round Table, a fiscally sponsored project of the Hmong American Women's Association, to move public capital from policing into viable community-based alternative safety strategies"
2021,263753801,Foundation to Promote Open Society,Regents of the University of Minnesota,,200 Oak Street SE Suite 450,,Minneapolis,MN,,55455,270000,"to support the Grantee's Human Rights Center to support the mandate of the UN Special Rapporteur on Counter-Terrorism and Human Rights as well as work around the intersection of emerging technology, surveillance and health with civil society"
2021,263753801,Foundation to Promote Open Society,The Global Initiative for Economic Social and Cul,,2200 IDS Center 80 South 8th Street,,Minneapolis,MN,,55402,450000,to provide general support
2021,263753801,Foundation to Promote Open Society,The Global Initiative for Economic Social and Cul,,2200 IDS Center 80 South 8th Street,,Minneapolis,MN,,55402,195000,to provide general support
2021,263753801,Foundation to Promote Open Society,repower Fund,,2639 Nicollet Ave 220,,Minneapolis,MN,,55408,275000,to provide general support
2021,263753801,Foundation to Promote Open Society,Institute for Local Self-Reliance,,2720 E 22nd Street,,Minneapolis,MN,,55406,400000,to provide general support
2021,263753801,Foundation to Promote Open Society,Borealis Philanthropy,,PO Box 3295,,Minneapolis,MN,,55403,2000000,"to support the Black-Led Movement Fund, a project of the grantee, a national donor collaborative seeking to build a new generation of racial justice advocates promoting systemic social change"
2021,263753801,Foundation to Promote Open Society,Borealis Philanthropy,,PO Box 3295,,Minneapolis,MN,,55403,4750000,"to expand the efforts of the Communities Transforming Policing Fund to identify, support, and nurture promising community-based police reform campaigns"
2021,263753801,Foundation to Promote Open Society,Borealis Philanthropy,,PO Box 3295,,Minneapolis,MN,,55403,200000,"to support the Black-Led Movement Fund, a project of the grantee, a national donor collaborative seeking to build a new generation of racial justice advocates promoting systemic social change"
2021,263753801,Foundation to Promote Open Society,Borealis Philanthropy,,PO Box 3295,,Minneapolis,MN,,55403,200000,to support Grantee's Disability Inclusion Fund
2021,263753801,Foundation to Promote Open Society,Equal Justice Initiative,,122 Commerce Street,,Montgomery,AL,,36104,1000000,to provide general support
2021,263753801,Foundation to Promote Open Society,International Community Foundation,,2505 N Avenue,,National City,CA,,91950,164000,to support ICF's Border Fund in Tijuana and Mexicali
2021,263753801,Foundation to Promote Open Society,Rutgers University Foundation,,7 College Avenue Winants Hall,,New Brunswick,NJ,,089011261,199640,to support the Grantee's work in leveraging universities for the provision of higher education access and enhanced community integration for refugees and other groups of migrants
2021,263753801,Foundation to Promote Open Society,Rutgers University Foundation,,7 College Avenue Winants Hall,,New Brunswick,NJ,,089011261,500000,"to support the Grantee's work at its Center for Innovation for Worker Organization to create a robust network of women labor leaders that are connected through shared learnings, understandings and practices of transformative women's leadership"
2021,263753801,Foundation to Promote Open Society,Rutgers University Foundation,,7 College Avenue Winants Hall,,New Brunswick,NJ,,089011261,100000,to support the Center for Women's Global Leadership's work on women's leadership in the arena of human rights
2021,263753801,Foundation to Promote Open Society,IRIS - Integrated Refugee & Immigrant Services,,235 Nicoll St,,New Haven,CT,,06511,50000,to promote the benefits of community sponsorship of refugees in the United States and expand the number of organizations engaged in implementing this model of resettlement
2021,263753801,Foundation to Promote Open Society,Movers and Shakers Foundation,,614 Wayne Avenue,,New Hyde Park,NY,,11040,150000,to support the creation of a mobile app that will serve as a centralized archive for underrepresented Black and Brown historical narratives by intertwining history with AR technology
2021,263753801,Foundation to Promote Open Society,Highlander Research and Education Center Inc,,1959 Highlander Way,,New Market,TN,,37820,750000,to provide general support
2021,263753801,Foundation to Promote Open Society,Highlander Research and Education Center Inc,,1959 Highlander Way,,New Market,TN,,37820,750000,"to support Black Organizing for Leadership and Dignity, a fiscally sponsored project of the Grantee, to strengthen the organizing infrastructure and leadership for Black organizers"
2021,263753801,Foundation to Promote Open Society,New Orleans African American Museum of Art Culture,,1417-1419 Governor Nicholls Street,,New Orleans,LA,,70116,100000,to support the Welcome to the Afrofuture: The Matrix of Creativity Where the River Meets the Sea exhibition and programming
2021,263753801,Foundation to Promote Open Society,New Orleans African American Museum of Art Culture,,1417-1419 Governor Nicholls Street,,New Orleans,LA,,70116,245000,to provide general support
2021,263753801,Foundation to Promote Open Society,Resilience Force,,1441 Canal Street Suite 423,,New Orleans,LA,,70112,200000,to provide general support
2021,263753801,Foundation to Promote Open Society,Operation Restoration,,1450 Poydras St Suite 2260,,New Orleans,LA,,70112,48000,"to support FIERCE, a project of the grantee, in providing mutual aid to LGBTQ young people in need"
2021,263753801,Foundation to Promote Open Society,Louisiana Fair Housing Action Center,,404 South Jefferson Davis Parkway,,New Orleans,LA,,70119,150000,to provide general support
2021,263753801,Foundation to Promote Open Society,Voice Of The Experienced,,4930 Washington Ave,,New Orleans,LA,,70125,300000,to provide general support
2021,263753801,Foundation to Promote Open Society,Voice Of The Experienced,,4930 Washington Ave,,New Orleans,LA,,70125,200000,to provide general support
2021,263753801,Foundation to Promote Open Society,US Biennial Inc,,PO Box 58800,,New Orleans,LA,,70158,500000,"to support new public art, accompanying public programming, and the creation of a consortium of organizations in New Orleans, as part of a four-year (2021-2024) initiative on racial justice, monuments, and public space"
2021,263753801,Foundation to Promote Open Society,Coda Media Inc,,295 Madison Ave 12th Floor,,NEW YORK,NY,,10017,215000,to provide general support
2021,263753801,Foundation to Promote Open Society,The Century Foundation,,1 Whitehall Street,,New York,NY,,10004,96000,to support a convening and a series of reports to explore the prospects of universal rights and equality in pluralistic societies
2021,263753801,Foundation to Promote Open Society,Just Human Productions Inc,,107 West 25th Street Suite 2C,,New York,NY,,10001,100000,to provide general support to Just Human Productions
2021,263753801,Foundation to Promote Open Society,International Senior Lawyers Project,,110 W 40th Street Suite 700,,New York,NY,,10018,100000,to provide general support
2021,263753801,Foundation to Promote Open Society,International Senior Lawyers Project,,110 W 40th Street Suite 700,,New York,NY,,10018,200000,to provide general support
2021,263753801,Foundation to Promote Open Society,The B Team Headquarters Inc,,115 5th Avenue 6th Floor,,New York,NY,,10003,150000,to provide general support
2021,263753801,Foundation to Promote Open Society,Astraea Foundation Inc,,116 East 16th Street 7th Floor,,New York,NY,,10003,852000,to provide general support
2021,263753801,Foundation to Promote Open Society,Type Media Center Inc,,116 East 16th Street 8th Floor,,New York,NY,,100032112,150000,to support emerging journalists of color and reporting on reproductive justice
2021,263753801,Foundation to Promote Open Society,William J Brennan Jr Center for Justice Inc,,120 Broadway Suite 1750,,New York,NY,,10271,200000,to provide general support
2021,263753801,Foundation to Promote Open Society,Visual Arts Research and Resource Center Relating,,120 East 125th Street,,New York,NY,,10035,350000,to provide general support
2021,263753801,Foundation to Promote Open Society,C40 Cities Climate Leadership Group Inc,,120 Park Avenue 23rd Floor,,New York,NY,,10017,1600000,to support the Grantee's work to build public support in cities for the transformational change required to prevent climate breakdown by demonstrating locally that a clean economy can deliver a more prosperous and equitable society
2021,263753801,Foundation to Promote Open Society,Lambda Legal Defense and Education Fund Inc,,120 Wall Street 19th Floor,,New York,NY,,100053919,125000,to provide general support
2021,263753801,Foundation to Promote Open Society,The New Press,,120 Wall Street 31st Floor,,New York,NY,,10005,150000,to provide general support
2021,263753801,Foundation to Promote Open Society,Fund for the City of New York,,121 Avenue of the Americas Sixth F,,New York,NY,,100131590,100000,to support Grantee's work in protecting immigrant rights that are undermined by technology and tech corporations
2021,263753801,Foundation to Promote Open Society,National Center for Civic Innovation,,121 Avenue of the Americas6th Floor,,New York,NY,,10013,300000,"to support Justice Work, a project of National Center for Civic Innovation, which seeks to combat the expansion of white nationalism through research, narrative analysis, and community organizing"
2021,263753801,Foundation to Promote Open Society,National Center for Civic Innovation,,121 Avenue of the Americas6th Floor,,New York,NY,,10013,100000,to support the Grantee's work in scaling and increasing refugee student access and entry into the U.S. to pursue higher education
2021,263753801,Foundation to Promote Open Society,MADRE Inc,,121 West 27th Street Suite 604,,New York,NY,,10001,250000,to provide general support
2021,263753801,Foundation to Promote Open Society,International Rescue Committee Inc,,122 East 42nd Street 12th Floor,,New York,NY,,10168,998174,to enhance the protection of refugees and asylum seekers in the United States and expand community-based services available to support them
2021,263753801,Foundation to Promote Open Society,International Rescue Committee Inc,,122 East 42nd Street 12th Floor,,New York,NY,,10168,25000,to help policymakers and humanitarian practitioners improve outcomes related to refugees' financial and economic well-being
2021,263753801,Foundation to Promote Open Society,United States Fund for UNICEF,,125 Maiden Lane,,New York,NY,,10038,542851,to support the UNICEF Virtual Safe Space 3.0 platform focused on preventing gender-based violence in the digital space
2021,263753801,Foundation to Promote Open Society,International Planned Parenthood Federation Wester,,125 Maiden Lane 9th Floor,,New York,NY,,10038,2500000,to provide general support
2021,263753801,Foundation to Promote Open Society,Guild of Future Architects Foundation,,135 W 50th Street,,New York,NY,,10020,55000,"to support the Startups and Society Initiative, a fiscally sponsored project of the Guild of Future Architects, to research and develop a guidebook accelerating the mainstream adoption of responsible company-building practices in technology-driven organizations"
2021,263753801,Foundation to Promote Open Society,Physicians for Reproductive Choice and Health Inc,,1430 Broadway Floor 16Suite 1614,,New York,NY,,10018,100000,to support Global Doctors for Choice's reproductive health work
2021,263753801,Foundation to Promote Open Society,The Studio Museum in Harlem,,144 W 125TH STREET,,New York,NY,,10027,250000,"to support the grantee's public art sculpture project in Harlem, New York"
2021,263753801,Foundation to Promote Open Society,Women's Refugee Commission,,15 West 37th Street 9th Floor,,New York,NY,,10018,300000,to ensure that people seeking refuge and other forms of protection in the US are treated with dignity and respect
2021,263753801,Foundation to Promote Open Society,Pro Publica,,155 Avenue of the Americas 13th Fl,,New York,NY,,10013,175000,to provide general support
2021,263753801,Foundation to Promote Open Society,The Marshall Project Inc,,156 West 56th Street Suite 701,,New York,NY,,10019,200000,to provide general support
2021,263753801,Foundation to Promote Open Society,The Foundation for City College,,160 Convent Avenue,,New York,NY,,10031,1000000,to develop and support the emerging generation of BIPOC leaders who can develop imaginative approaches to advancing social justice
2021,263753801,Foundation to Promote Open Society,Good Old Lower East Side Inc,,169 Avenue B,,New York,NY,,10009,650000,to provide general support
2021,263753801,Foundation to Promote Open Society,American Friends of Jamaica,,1697 Broadway Suite 501,,New York,NY,,10019,210000,to provide general support
2021,263753801,Foundation to Promote Open Society,More in Common,,175 Varick Street,,New York,NY,,10014,1500000,to provide general support
2021,263753801,Foundation to Promote Open Society,More in Common,,175 Varick Street,,New York,NY,,10014,500000,to provide general support
2021,263753801,Foundation to Promote Open Society,Rainforest Foundation Inc,,180 Varick Street Suite 528,,New York,NY,,10014,88000,to support coordination and local and international advocacy to strengthen the justice system and democratic governance for Indigenous Peoples
2021,263753801,Foundation to Promote Open Society,National Black Theater,,2031 National Black Theatre Way,,New York,NY,,10035,450000,to provide general support
2021,263753801,Foundation to Promote Open Society,Business & Human Rights Resource Centre US Ltd,,205 East 42nd Street13th Floor,,New York,NY,,10017,300000,to provide general support
2021,263753801,Foundation to Promote Open Society,Craig Newmark Graduate School of Journalism CUNY F,,219 West 40th Street,,New York,NY,,10018,20000,"to support the Latino Media Summit, which seeks to develop a cadre of journalists that will produce work that will lift up the unique experiences of Latino communities in the United States"
2021,263753801,Foundation to Promote Open Society,Fund for Public Health in New York Inc,,22 Cortlandt StreetSuite 802,,New York,NY,,10007,360000,to create narrative and cultural infrastructure that advances racial and health equity
2021,263753801,Foundation to Promote Open Society,Fund for Public Health in New York Inc,,22 Cortlandt StreetSuite 802,,New York,NY,,10007,240000,"to support the Grantee's infrastructure and network for Narrative Power and Racial Justice and Health Equity program, with the objective of educating health departments and decision makers to be accountable for systems that promote health and wellness in their communities"
2021,263753801,Foundation to Promote Open Society,Harm Reduction Coalition,,22 West 27th Street 5th Floor,,New York,NY,,10001,105000,to provide general support
2021,263753801,Foundation to Promote Open Society,UN Women,,220 East 42nd street,,New York,NY,,10017,400000,to continue strengthening governmental capacities to design and implementation gender-responsive employment policies and promote investment in care services
2021,263753801,Foundation to Promote Open Society,Gynuity Health Projects Inc,,220 East 42nd Street Suite 710,,New York,NY,,10017,550000,to support replication of sexual and reproductive health and rights models in Eurasia and global innovation of such models
2021,263753801,Foundation to Promote Open Society,Alliance for Open Society International Inc,,224 West 57th Street,,New York,NY,,10019,7211232,to provide support for Open Society Institute-Baltimore's charitable programs and operations
2021,263753801,Foundation to Promote Open Society,Open Society Institute,,224 West 57th Street,,New York,NY,,10019,1800000000,"to support Grantee's charitable, educational, scientific, religious, and literary purposes"
2021,263753801,Foundation to Promote Open Society,Soros Economic Development Fund,,224 West 57th Street,,New York,NY,,10019,7668816,to support grantee's program related investment activities
2021,263753801,Foundation to Promote Open Society,Soros Economic Development Fund,,224 West 57th Street,,New York,NY,,10019,39973485,to support grantee's program related investment activities
2021,263753801,Foundation to Promote Open Society,Central European University,,224 West 57th Street 4th Floor,,New York,NY,,10019,237000,"to support education, research and development in archival digital technology and sciences"
2021,263753801,Foundation to Promote Open Society,Central European University,,224 West 57th Street 4th Floor,,New York,NY,,10019,3800795,"""to provide support for completing Central European University's move to Vienna, which will help CEU advance on its learning and research ambitions for its Vienna campus"""
2021,263753801,Foundation to Promote Open Society,Legal Action Center of the City of New York Inc,,225 Varick Street 4th Floor,,New York,NY,,10014,400000,to provide general support
2021,263753801,Foundation to Promote Open Society,Data & Society Research Institute,,228 Park Ave S PMB 83075,,New York,NY,,100031502,300000,to provide general support
2021,263753801,Foundation to Promote Open Society,INclude - The Mental Health Initiative Inc,,23 Waverly Pl 5F,,New York,NY,,10003,350000,to provide general support
2021,263753801,Foundation to Promote Open Society,me too International,,232 West 112th St Box 1585,,New York,NY,,10026,225000,to provide general support
2021,263753801,Foundation to Promote Open Society,Judson Memorial Church,,239 Thompson St,,New York,NY,,10012,212500,to provide general support
2021,263753801,Foundation to Promote Open Society,The Engine Room Inc,,244 Fifth Avenue Suite 2424,,New York,NY,,10001,770000,to provide general support
2021,263753801,Foundation to Promote Open Society,Glasswing International USA,,25 Broadway 9th Floor,,New York,NY,,10004,188333,"to support placed-based violence reduction initiatives in Choloma Honduras, and Villa Nueva Guatemala"
2021,263753801,Foundation to Promote Open Society,The Mayor's Fund to Advance New York City,,253 Broadway 6th Floor,,New York,NY,,10007,366000,"to promote the advancement of education and provide relief for low-income and disadvantaged workers in NY City by providing support to develop economic democracy initiatives, and pilot/scale shared business ownership models in the city of New York, with an explicit focus on new ownership models that improve the pay and benefits for low-income workers, and support ownership of new businesses by women and minorities in major employment sectors in New York City"
2021,263753801,Foundation to Promote Open Society,Physicians for Human Rights,,256 West 38th Street 9th Floor,,New York,NY,,10018,50000,to support advocacy and qualitative research to document sexual and gender-based violence (SGBV) in order to promote ongoing international accountability efforts
2021,263753801,Foundation to Promote Open Society,T'ruah,,266 West 37th Street Suite 803,,New York,NY,,10018,50000,"to advance a shared understanding of antisemitism within the Jewish community and beyond, in order to reduce incidences of antisemitism, promote Palestinian rights, and curb the use of antisemitism as a mechanism to curtail debate on Palestine/Israel issues"
2021,263753801,Foundation to Promote Open Society,CEC ArtsLink Inc,,28 Hubert Street,,New York,NY,,10013,200000,to provide general operating support
2021,263753801,Foundation to Promote Open Society,American University of Beirut,,3 Dag Hammarskjold Plz Fl 8,,New York,NY,,10017,100000,to support recovery and reconstruction efforts in the post-blast context in Beirut
2021,263753801,Foundation to Promote Open Society,American University of Beirut,,3 Dag Hammarskjold Plz Fl 8,,New York,NY,,10017,126748,to provide general support
2021,263753801,Foundation to Promote Open Society,American University of Beirut,,3 Dag Hammarskjold Plz Fl 8,,New York,NY,,10017,50000,"to support a mapping of the approaches carried out by civil society actors in the MENA region in order to expand their impact on civil, cultural, and other socio-economic issues"
2021,263753801,Foundation to Promote Open Society,Barnard College,,3009 Broadway,,New York,NY,,100276598,120000,"to support the launch of Barnard Center for Research on Women's initiative, Interrupting Criminalization, a research/action hub that aims to reduce mass incarceration and criminalization of women and LGBTQ people of color"
2021,263753801,Foundation to Promote Open Society,Alliance of Small Island States (AOSIS),,305 E 47th St 6a,,New York,NY,,10017,500000,to support analysis and dialogue as a means of promoting a just and inclusive response to the impacts of climate change and the Covid-19 pandemic
2021,263753801,Foundation to Promote Open Society,Creating Resources for Empowerment and Action Inc,,310 Riverside Drive 2701,,New York,NY,,10025,350000,to provide general support
2021,263753801,Foundation to Promote Open Society,Harmony Labs,,311 W 43 St 12th fl,,New York,NY,,10036,300000,to provide general support
2021,263753801,Foundation to Promote Open Society,The International Legal Foundation,,315 West 39th Street Room 507,,New York,NY,,10018,181414,to provide general support
2021,263753801,Foundation to Promote Open Society,The International Legal Foundation,,315 West 39th Street Room 507,,New York,NY,,10018,110000,to provide general support
2021,263753801,Foundation to Promote Open Society,The International Legal Foundation,,315 West 39th Street Room 507,,New York,NY,,10018,62195,to build the capacity of ILF-Afghanistan and the greater defense bar with a special focus on institutionalizing strategic litigation in the judicial system to prevent rights violations of indigent and marginalized people accused of crime
2021,263753801,Foundation to Promote Open Society,Climate Analytics Inc,,33 Irving Place Suite 2011,,New York,NY,,10003,690000,to provide general support
2021,263753801,Foundation to Promote Open Society,NAACP Legal Defense and Educational Fund Inc,,40 Rector Street 5th Floor,,New York,NY,,10006,100000,to provide general support
2021,263753801,Foundation to Promote Open Society,NAACP Legal Defense and Educational Fund Inc,,40 Rector Street 5th Floor,,New York,NY,,10006,5000000,to provide general support
2021,263753801,Foundation to Promote Open Society,Urban Justice Center,,40 Rector Street 9th Floor,,New York,NY,,10006,48000,"to support the Street Vendors Project, a sponsored project of the Grantee, in aiding excluded and underserved workers impacted by the COVID-19 pandemic"
2021,263753801,Foundation to Promote Open Society,Surveillance Technology Oversight Project Inc,,40 Rector Street9th Floor,,New York,NY,,10006,350000,to provide general support
2021,263753801,Foundation to Promote Open Society,Surveillance Technology Oversight Project Inc,,40 Rector Street9th Floor,,New York,NY,,10006,100000,"to address the digital privacy and discrimination implications of so-called ""smart citiesthe impact of public and private surveillance technologies implemented in response to the COVID-19 pandemic"
2021,263753801,Foundation to Promote Open Society,Acumen Fund,,40 Worth Street,,New York,NY,,10011,150000,to support the Grantee's Acumen Academy program in Colombia
2021,263753801,Foundation to Promote Open Society,United for Respect Education Fund,,400 Jay Street 300 Brooklyn,,New York,NY,,11201,650000,"to improve the working conditions of Amazon workers, who are primarily marginalized and low-income workers, and to educate the public about the issues"
2021,263753801,Foundation to Promote Open Society,Transparentem,,405 Lexington Ave Ste 29A,,New York,NY,,10174,1250000,to provide general support
2021,263753801,Foundation to Promote Open Society,The Tolerance Project Inc,,41 Union Square WestRoom 824,,New York,NY,,10003,50000,"to support The Tolerance Project, a traveling poster exhibition program working to effect change and persuade populations to embrace a tolerant society"
2021,263753801,Foundation to Promote Open Society,Association of the Bar of the City of New York Fun,,42 West 44th Street,,New York,NY,,100366690,70450,"to support the Cyrus R. Vance Center for International Justice to strengthen their legal support for investigative journalism, anti-corruption activism, and human rights defense"
2021,263753801,Foundation to Promote Open Society,The Resolution Project Inc,,420 Lexington Avenue Suite 1626,,New York,NY,,10170,200000,to support the promotion and amplification of BIPOC innovation and social entrepreneurship in the U.S.
2021,263753801,Foundation to Promote Open Society,NEO Philanthropy Inc,,45 W 36th Street Sixth Floor,,New York,NY,,10018,1000000,"to develop a network of Black Worker Centers that educate, empower, and organize low-wage Black workers"
2021,263753801,Foundation to Promote Open Society,NEO Philanthropy Inc,,45 W 36th Street Sixth Floor,,New York,NY,,10018,2800000,"to support the State Infrastructure Fund, a donor collaborative created to increase the participation of historically disenfranchised voters in voting and civic engagement"
2021,263753801,Foundation to Promote Open Society,NEO Philanthropy Inc,,45 W 36th Street Sixth Floor,,New York,NY,,10018,250000,"to support the Grantee's fiscally sponsored project, Migration and Technology Monitor, on the release of a UN Special Rapporteur's report and to lay the foundation for a new observatory for monitoring the use of emerging technologies in migration management"
2021,263753801,Foundation to Promote Open Society,NEO Philanthropy Inc,,45 W 36th Street Sixth Floor,,New York,NY,,10018,1300000,"to support the Four Freedoms Fund, a project of the grantee that works to protect immigrants' rights and ensure immigrants' full inclusion within American society and communities"
2021,263753801,Foundation to Promote Open Society,NEO Philanthropy Inc,,45 W 36th Street Sixth Floor,,New York,NY,,10018,125000,"to support the Funders' Committee for Civic Participation, a philanthropic affinity group"
2021,263753801,Foundation to Promote Open Society,NEO Philanthropy Inc,,45 W 36th Street Sixth Floor,,New York,NY,,10018,150000,"to support MPower Change, a project of the Grantee that amplifies the voice of American Muslims on social justice concerns and rapidly responds to attacks on the community"
2021,263753801,Foundation to Promote Open Society,NEO Philanthropy Inc,,45 W 36th Street Sixth Floor,,New York,NY,,10018,1000000,"to provide support for the grantmaking programs, civic education, and capacity building efforts of Circle for Justice Innovations, a fiscally sponsored project of the grantee"
2021,263753801,Foundation to Promote Open Society,NEO Philanthropy Inc,,45 W 36th Street Sixth Floor,,New York,NY,,10018,750000,"to support Law for Black Lives, a project of the Grantee, in providing legal assistance, public education, and training to lawyers and community members in the struggle for Black liberation"
2021,263753801,Foundation to Promote Open Society,NEO Philanthropy Inc,,45 W 36th Street Sixth Floor,,New York,NY,,10018,125000,"to support coordination, research, and analysis that will provide the non-profit sector with information and resources to better engage and challenge lawfare-style legal claims"
2021,263753801,Foundation to Promote Open Society,NEO Philanthropy Inc,,45 W 36th Street Sixth Floor,,New York,NY,,10018,600000,"to support Blackbird, a project of the Grantee that provides communications, organizing, and policy support to the Movement for Black Lives"
2021,263753801,Foundation to Promote Open Society,NEO Philanthropy Inc,,45 W 36th Street Sixth Floor,,New York,NY,,10018,25000,"to support Legacies of War, a fiscally sponsored project, in their educational and community engagement work"
2021,263753801,Foundation to Promote Open Society,NEO Philanthropy Inc,,45 W 36th Street Sixth Floor,,New York,NY,,10018,150000,"to support Law for Black Lives, a project of the Grantee, in providing legal assistance, public education, and training"
2021,263753801,Foundation to Promote Open Society,Choose Love Inc,,45 West 36th St 6th Fl,,New York,NY,,100187635,125000,to support refugee-led groups in Lebanon through a Donor Community of Practice
2021,263753801,Foundation to Promote Open Society,American Jewish World Service Inc,,45 West 36th Street 11th Floor,,New York,NY,,10018,155000,to support a campaign to educate the public about the importance of putting Haitian-led processes and solutions at the center of U.S. policy in Haiti
2021,263753801,Foundation to Promote Open Society,American Jewish World Service Inc,,45 West 36th Street 11th Floor,,New York,NY,,10018,465000,to provide general support
2021,263753801,Foundation to Promote Open Society,American Jewish World Service Inc,,45 West 36th Street 11th Floor,,New York,NY,,10018,90000,to strengthen and increase the visibility of victims and groups disproportionately affected by militarization of citizen security in Mexico
2021,263753801,Foundation to Promote Open Society,Sustainable Markets Foundation,,45 West 36th Street 6th Floor,,New York,NY,,100187635,150000,to develop an educational documentary film that raises awareness about anti-Asian hate
2021,263753801,Foundation to Promote Open Society,Sustainable Markets Foundation,,45 West 36th Street 6th Floor,,New York,NY,,100187635,50000,"to support the Debt Collective, a sponsored project of the Grantee that works to empower debtors to renegotiate and resist unfair debts"
2021,263753801,Foundation to Promote Open Society,Video Volunteers,,47 west 92nd street,,New York,NY,,10025,37500,to provide general support
2021,263753801,Foundation to Promote Open Society,Church World Service,,475 Riverside Drive Suite 700,,New York,NY,,10115,200000,to provide general support
2021,263753801,Foundation to Promote Open Society,Church World Service,,475 Riverside Drive Suite 700,,New York,NY,,10115,300000,"to support Refugee Council USA (RCUSA), a fiscally sponsored project of the Grantee, to play a centering role in support of refugee resettlement in the United States"
2021,263753801,Foundation to Promote Open Society,Church World Service,,475 Riverside Drive Suite 700,,New York,NY,,10115,161627,"to support Refugee Congress, a project of the grantee, in its work to center refugee voices in strategic communications and partnerships related to refugee protections"
2021,263753801,Foundation to Promote Open Society,Church World Service,,475 Riverside Drive Suite 700,,New York,NY,,10115,50000,to reintroduce and elevate a targeted community sponsorship program that will strengthen resettlement support for refugees and other forcibly displaced populations in North Carolina
2021,263753801,Foundation to Promote Open Society,Clooney Foundation for Justice,,4768 Broadway 947,,New York,NY,,100344916,230000,to support documentation and accountability for human rights violations
2021,263753801,Foundation to Promote Open Society,Amnesty International USA Inc,,5 Penn Plaza 14th Floor,,New York,NY,,100018001,15000,to create a youth network of activists doing peer education and fighting climate change issues in Spanish speaking Caribbean islands
2021,263753801,Foundation to Promote Open Society,Sikh Coalition Inc,,50 Broad Street Suite 504,,New York,NY,,10004,350000,to provide general support
2021,263753801,Foundation to Promote Open Society,FJC - A Foundation of Donor Advised Funds,,520 8th Avenue20th Floor,,New York,NY,,10018,200000,"to provide support to the Institute for the Development of Human Arts, a grantee fiscally sponsored by the FJC, to continue its work on transformative mental health, building a community and network of activists in the field of transformative mental health, and provide sufficient resources for transition from OSF funding"
2021,263753801,Foundation to Promote Open Society,FJC - A Foundation of Donor Advised Funds,,520 8th Avenue20th Floor,,New York,NY,,10018,50000,"to support the Institute for the Development of Human Arts, a fiscally sponsored project of the Grantee, to grow its online learning community and network of activists who seek to capture and uplift the perspectives and narratives of those who have not historically had a voice in the development of mental health training"
2021,263753801,Foundation to Promote Open Society,New American Leaders,,530 7th Ave Floor M1,,New York,NY,,10018,200000,to provide general support
2021,263753801,Foundation to Promote Open Society,Radio Ambulante Studios Inc,,560 Riverside Drive 5P,,New York,NY,,10027,100000,"to support the production of media content on Chile's social upheaval, its constitutional process, and the impact these events have on the region"
2021,263753801,Foundation to Promote Open Society,Franklin & Eleanor Roosevelt Institute,,570 Lexington Avenue 5th Floor,,New York,NY,,10022,100000,to provide general support
2021,263753801,Foundation to Promote Open Society,National Advocates for Pregnant Women,,575 8TH AVENUE FL 7N,,New York,NY,,10018,350000,to provide general support
2021,263753801,Foundation to Promote Open Society,PEN American Center Inc,,588 Broadway Suite 303,,New York,NY,,10012,185000,to provide general support
2021,263753801,Foundation to Promote Open Society,PEN American Center Inc,,588 Broadway Suite 303,,New York,NY,,10012,80000,to support the Grantee's campaign to defend free expression in the Middle East Region
2021,263753801,Foundation to Promote Open Society,Magnum Cultural Foundation,,59 East 4th Street 7W,,New York,NY,,10003,200000,to provide general support
2021,263753801,Foundation to Promote Open Society,Magnum Cultural Foundation,,59 East 4th Street 7W,,New York,NY,,10003,300000,to provide general support
2021,263753801,Foundation to Promote Open Society,Creative Time Inc,,59 East 4th Street 6th Floor,,New York,NY,,10003,200000,to provide general support
2021,263753801,Foundation to Promote Open Society,New Israel Fund,,6 East 39th Street301,,New York,NY,,10016,25000,"to support, Nexus, a project of the grant in its efforts to confront rising antisemitism and to curb abuse of antisemitism accusations leveled to curtail debate on Palestine/Israel issues"
2021,263753801,Foundation to Promote Open Society,Rockefeller Philanthropy Advisors Inc,,6 West 48th Street 10th Floor,,New York,NY,,10036,1725000,"to support launch of the Grantee's fiscally sponsored project, Community Sponsorship Hub, and expand resettlement capacity in the U.S. through community sponsorship"
2021,263753801,Foundation to Promote Open Society,Rockefeller Philanthropy Advisors Inc,,6 West 48th Street 10th Floor,,New York,NY,,10036,2500000,"to support the Grantee's fiscally sponsored program, Office of American Possibilities, to implement their Welcome.US initiative and engage the American people in the resettlement of refugees and other displaced persons"
2021,263753801,Foundation to Promote Open Society,Rockefeller Philanthropy Advisors Inc,,6 West 48th Street 10th Floor,,New York,NY,,10036,250000,"to support the Grantee's initiative, Office of American Possibilities, to promote a national movement of welcome, including through elevating community sponsorship across the country"
2021,263753801,Foundation to Promote Open Society,Rockefeller Philanthropy Advisors Inc,,6 West 48th Street 10th Floor,,New York,NY,,10036,150000,"to support the Equation Campaign, a project of the grantee that seeks to aid the low-income and marginalized communities hit hard by the climate crisis"
2021,263753801,Foundation to Promote Open Society,Rockefeller Philanthropy Advisors Inc,,6 West 48th Street 10th Floor,,New York,NY,,10036,364599,"to support the work of the Mayors Migration Council, a fiscally sponsored project of the Grantee"
2021,263753801,Foundation to Promote Open Society,Rockefeller Philanthropy Advisors Inc,,6 West 48th Street 10th Floor,,New York,NY,,10036,250000,"to support the #AfricaNoFilter (#ANF) funder collaborative, a fiscally sponsored project of the Grantee, to help in replacing the harmful representations of the continent with progressive narratives that tell accurate nuanced and contextualized stories about Africa"
2021,263753801,Foundation to Promote Open Society,Africa-America Institute,,60 East 42nd Street Suite 1700,,New York,NY,,10165,1000000,to provide general support
2021,263753801,Foundation to Promote Open Society,The Trustees of Columbia University in the City of,,615 West 131st Street 3rd Floor,,New York,NY,,10027,250000,"to provide support to the Columbia Center on Sustainable Investment to research, analyze, and promote effective approaches to international investment in sustainable development"
2021,263753801,Foundation to Promote Open Society,The Trustees of Columbia University in the City of,,615 West 131st Street 3rd Floor,,New York,NY,,10027,89993,"to enhance the resilience and capacity of the gender study community by fostering: coordination, capacity building, collaboration, and crisis mitigation"
2021,263753801,Foundation to Promote Open Society,The Trustees of Columbia University in the City of,,615 West 131st Street 3rd Floor,,New York,NY,,10027,120000,"to support the Security Force Monitor, a project of the Human Rights Institute, with operating funds"
2021,263753801,Foundation to Promote Open Society,The Trustees of Columbia University in the City of,,615 West 131st Street 3rd Floor,,New York,NY,,10027,175000,"to provide support to the Human Rights Institute at the Columbia Law School, which engages in research, training, and advocacy on a range of human rights issues with students, advocates and other practitioners from around the world"
2021,263753801,Foundation to Promote Open Society,The Trustees of Columbia University in the City of,,615 West 131st Street 3rd Floor,,New York,NY,,10027,100000,"to support the Tow Center for Digital Journalism, which focuses its research on the intersection of technology and journalism"
2021,263753801,Foundation to Promote Open Society,The Trustees of Columbia University in the City of,,615 West 131st Street 3rd Floor,,New York,NY,,10027,170000,to support the Tow Center for Digital Journalism to research online disinformation in Brazil
2021,263753801,Foundation to Promote Open Society,The Trustees of Columbia University in the City of,,615 West 131st Street 3rd Floor,,New York,NY,,10027,49486,to support the Grantee to counter the racist narratives of the drug war through artistic collaboration in New Jersey
2021,263753801,Foundation to Promote Open Society,The Trustees of Columbia University in the City of,,630 West 168th Street Box 49,,New York,NY,,10032,250000,"to support the Grantee's Program on Forced Migration and Health work to improve the humanitarian system that serves refugees, displaced populations and migrants around the world"
2021,263753801,Foundation to Promote Open Society,US Middle East Project Inc,,641 Lexington Ave Suite 1501,,New York,NY,,10022,87500,to support a series of convenings to incubate innovative thinking for addressing the Palestine/Israel conflict
2021,263753801,Foundation to Promote Open Society,US Middle East Project Inc,,641 Lexington Ave Suite 1501,,New York,NY,,10022,100000,"to support educational activities that advance peace in the Middle East, specifically between Israelis and Palestinians, and to counter false allegations of antisemitism used to stifle debate"
2021,263753801,Foundation to Promote Open Society,US Middle East Project Inc,,641 Lexington Ave Suite 1501,,New York,NY,,10022,50000,"to support rollout of a campaign on Antisemitism with focus on the UK, Germany and France"
2021,263753801,Foundation to Promote Open Society,US Middle East Project Inc,,641 Lexington Ave Suite 1501,,New York,NY,,10022,92500,to support a series of convenings to incubate innovative thinking for addressing the Palestine/Israel conflict
2021,263753801,Foundation to Promote Open Society,Next Harm Reduction Inc,,65 West 90th Street25G,,New York,NY,,10024,345000,to provide general support
2021,263753801,Foundation to Promote Open Society,The New School,,66 West 12th Street,,New York,NY,,10011,540000,to support the Grantee's work to strengthen global migration governance by equipping it with locally-grounded perspectives and partners to meet today's migration and refugee protection challenges
2021,263753801,Foundation to Promote Open Society,The New School,,66 West 12th Street,,New York,NY,,10011,50000,to provide support to Africa is Country at The New School
2021,263753801,Foundation to Promote Open Society,The New School,,66 West 12th Street,,New York,NY,,10011,37000,"to support fifteen junior scholars per year from Eurasia at the Democracy & Diversity summer Graduate Institute in Wroclaw, Poland, hosted by the Transregional Center for Democratic Studies, in 2019, 2020, and 2021"
2021,263753801,Foundation to Promote Open Society,Center for Constitutional Rights Inc,,666 Broadway 7th Floor,,New York,NY,,10012,1000000,to provide general support
2021,263753801,Foundation to Promote Open Society,Hunter College Foundation Inc,,695 Park Avenue E1313,,New York,NY,,10065,25000,"to provide support to the Center for Puerto Rican Studies at Hunter College for a series of academic convenings, studies and research regarding decolonization options for Puerto Rico"
2021,263753801,Foundation to Promote Open Society,New York University,,70 Washington Square South,,New York,NY,,10012,500000,"to support the Grantee's Center for Business and Human Rights in advancing corporate respect for human rights through research, advocacy, and engagement"
2021,263753801,Foundation to Promote Open Society,New York University,,70 Washington Square South,,New York,NY,,10012,300000,"to provide program support to the media platform, Just Security, to promote enriching policy debate at the intersection of national security, the rule of law, rights, and freedoms"
2021,263753801,Foundation to Promote Open Society,New York University,,70 Washington Square South,,New York,NY,,10012,500000,"to support the Grantee's Center for Human Rights and Global Justice to support climate litigation, education, and communications related to climate change"
2021,263753801,Foundation to Promote Open Society,Firelight Media Inc,,72 Hamilton Terrace,,New York,NY,,10031,200000,to provide general support
2021,263753801,Foundation to Promote Open Society,The Asia Society,,725 Park Avenue,,New York,NY,,100215088,175000,to support the grantee's online platform in producing and disseminating information relating to East Asia
2021,263753801,Foundation to Promote Open Society,Human Rights First,,75 Broad Street31st Floor,,New York,NY,,10004,1125000,"to support legal representation for at-risk Afghans arriving in the United States, and advocacy for their protection"
2021,263753801,Foundation to Promote Open Society,Human Rights First,,75 Broad Street31st Floor,,New York,NY,,10004,225000,to advance support for refugee resettlement and access to asylum in the US
2021,263753801,Foundation to Promote Open Society,Human Rights First,,75 Broad Street31st Floor,,New York,NY,,10004,200000,to provide general support
2021,263753801,Foundation to Promote Open Society,Demos A Network for Ideas and Action Ltd,,80 Broad St 4th Floor,,New York,NY,,10001,750000,to provide general support
2021,263753801,Foundation to Promote Open Society,Natural Resource Governance Institute,,80 Broad Street Suite 301,,New York,NY,,10004,4000000,to provide general support
2021,263753801,Foundation to Promote Open Society,OutRight Action International,,80 Maiden Lane Suite 1505,,New York,NY,,10038,125000,to provide general support
2021,263753801,Foundation to Promote Open Society,OutRight Action International,,80 Maiden Lane Suite 1505,,New York,NY,,10038,300000,to provide general support
2021,263753801,Foundation to Promote Open Society,Clara Lionel Foundation,,81 Prospect Street Brooklyn,,New York,NY,,11201,50000,to identify critical research problems and to support engagement and collaboration between academic and non-academic stakeholders towards the creation of a research agenda for the Caribbean on transforming post-disaster recovery
2021,263753801,Foundation to Promote Open Society,Clara Lionel Foundation,,81 Prospect Street Brooklyn,,New York,NY,,11201,35000,to support new models of sexual and reproductive health and rights (SRHR) care in the Dominican Republic and Belize
2021,263753801,Foundation to Promote Open Society,Center for Economic and Social Rights (CESR),,86 Chambers StreetSuite 704,,New York,NY,,10007,176000,to develop effective rights-based narratives around economic justice
2021,263753801,Foundation to Promote Open Society,Center for Economic and Social Rights (CESR),,86 Chambers StreetSuite 704,,New York,NY,,10007,350000,to provide general support
2021,263753801,Foundation to Promote Open Society,National Employment Law Project Inc,,90 Broad StreetSuite 1100,,New York,NY,,10004,995000,"to support a collaboration between worker-centered community-based organizations, their allies, and federal labor law agencies to strengthen positive outcomes and impacts for workers"
2021,263753801,Foundation to Promote Open Society,National Employment Law Project Inc,,90 Broad StreetSuite 1100,,New York,NY,,10004,300000,to provide general support
2021,263753801,Foundation to Promote Open Society,Markup News Inc,,900 BroadwaySuite 202,,New York,NY,,10003,150000,to expose the ways in which new technologies are exacerbating existing social inequities
2021,263753801,Foundation to Promote Open Society,Women's Link Worldwide,,99 Wall StreetSuite 502,,New York,NY,,10005,400000,to provide general support
2021,263753801,Foundation to Promote Open Society,Women's Link Worldwide,,99 Wall StreetSuite 502,,New York,NY,,10005,350000,to provide general support
2021,263753801,Foundation to Promote Open Society,African American Policy Forum Inc,,c/o Columbia University Law School,,New York,NY,,10027,1000000,to provide general support
2021,263753801,Foundation to Promote Open Society,EurasiaNet Inc,,c/o Columbia/Harriman Institute420,,New York,NY,,10027,275000,to provide general support
2021,263753801,Foundation to Promote Open Society,EurasiaNet Inc,,c/o Columbia/Harriman Institute420,,New York,NY,,10027,153335,to provide general support
2021,263753801,Foundation to Promote Open Society,Partnership for a New American Economy Research Fu,,c/o Geller Advisors LLCPO Box 1510,,New York,NY,,10150,238000,to provide general support
2021,263753801,Foundation to Promote Open Society,Partnership for a New American Economy Research Fu,,c/o Geller Advisors LLCPO Box 1510,,New York,NY,,10150,50000,to support the coordination of state and local governments rapid and long-term responses to immigrant and refugee communities
2021,263753801,Foundation to Promote Open Society,Asia Catalyst Inc,,c/o HRW 350 Fifth Avenue34th Floo,,New York,NY,,10118,100000,"to support an online training platform to increase the capacity of human rights advocates, and to help build the Grantee's expansion of training and advocacy work in Southeast Asia"
2021,263753801,Foundation to Promote Open Society,The American Austrian Foundation,,c/o UniCredit Group 150 East 42nd,,New York,NY,,10017,370000,"to support education and development of local sub-specialist doctor fellows in Romania, Slovakia, Hungary, and Serbia"
2021,263753801,Foundation to Promote Open Society,The American Austrian Foundation,,c/o UniCredit Group 150 East 42nd,,New York,NY,,10017,1150000,"to support the organization, their Salzburg Medical Seminars Program and Public Health Seminars, which aim to improve the quality of health care by educating medical and public health professionals and fostering their development as teachers and leaders"
2021,263753801,Foundation to Promote Open Society,ESCR-Net (International Network for Economic Soci,,ESCR-Net370 Lexington Avenue Suite,,New York,NY,,10017,350000,to provide general support
2021,263753801,Foundation to Promote Open Society,ESCR-Net (International Network for Economic Soci,,ESCR-Net370 Lexington Avenue Suite,,New York,NY,,10017,100000,"to support a project focused on climate justice and economic, social and cultural rights to hold States and private actors accountable for their emissions, oppose false solutions and realize rights-based alternatives to the climate crisis and related systemic injustices of impoverishment, racism and patriarchy"
2021,263753801,Foundation to Promote Open Society,International Refugee Assistance Project,,One Battery Park Plaza 4th Floor,,New York,NY,,10004,500000,to provide general support
2021,263753801,Foundation to Promote Open Society,United Nations Development Programme NY Office,,One United Nations Plaza DC1-2032,,New York,NY,,10017,57500,to support series of reports on critical areas that address inequality in Pakistan
2021,263753801,Foundation to Promote Open Society,Institute of International Education Inc,,One World Trade Center 36th floor,,New York,NY,,10007,250000,"to allow the Grantee to create and manage a travel and learning fund for Latin American individuals and organizations to participate in convenings, exchanges, education, global learning, conducting research, and travel"
2021,263753801,Foundation to Promote Open Society,Institute of International Education Inc,,One World Trade Center 36th floor,,New York,NY,,10007,1000000,"to allow the Grantee to create and manage a travel and learning fund for Latin American individuals and organizations to participate in convenings, exchanges, education, global learning, conducting research, and travel"
2021,263753801,Foundation to Promote Open Society,Institute of International Education Inc,,One World Trade Center 36th floor,,New York,NY,,10007,275000,"to support a MENA Opportunity Fund which will provide opportunities to individuals and organizations to undertake research and/or advocacy projects, as well as learning and professional development"
2021,263753801,Foundation to Promote Open Society,Institute of International Education Inc,,One World Trade Center 36th floor,,New York,NY,,10007,219640,to create and manage a Middle East and North Africa Travel Learning Fund as well as a MENA Convening Fund
2021,263753801,Foundation to Promote Open Society,Integrity First for America Inc,,PO Box 1831,,New York,NY,,10156,200000,"to support litigation to hold accountable the groups responsible for the violence in Charlottesville, Virginia in August 2017"
2021,263753801,Foundation to Promote Open Society,Project on Organizing Development Education and,,PO Box 2086,,New York,NY,,10013,125000,"to support journalistic research, analysis, and visualization of data on public health"
2021,263753801,Foundation to Promote Open Society,Project on Organizing Development Education and,,PO Box 2086,,New York,NY,,10013,150000,to provide general support
2021,263753801,Foundation to Promote Open Society,Doctors of the World - USA Inc,,222 Broadway 19th Floor,,New York City,NY,,10038,100000,to provide general support
2021,263753801,Foundation to Promote Open Society,Access Now,,34 West 27th Street 6th Floor,,New York City,NY,,10001,400000,to provide general support
2021,263753801,Foundation to Promote Open Society,Access Now,,34 West 27th Street 6th Floor,,New York City,NY,,10001,145000,to provide general support
2021,263753801,Foundation to Promote Open Society,Ethiopia Education Initiatives Inc,,461 5th Avenue Fl 17,,New York City,NY,,10017,1000000,to provide general support
2021,263753801,Foundation to Promote Open Society,Americas Society Inc,,680 Park Avenue,,New York City,NY,,10065,60000,to support a special edition of Americas Quarterly on the Amazon
2021,263753801,Foundation to Promote Open Society,VOW For Girls Inc,,c/o Lauren Simpson Patterson Belkn,,New York City,NY,,10036,500000,to provide general support
2021,263753801,Foundation to Promote Open Society,Communities Engaging with Difference and Religion,,610 Centre Street,,Newton,MA,,02458,100000,to provide general support
2021,263753801,Foundation to Promote Open Society,Asian Americans Advancing Justice Atlanta,,6040 Unity Drive Suite E,,Norcross,GA,,30071,150000,to provide general support
2021,263753801,Foundation to Promote Open Society,Center for Public Representation,,22 Green Street,,Northampton,MA,,01060,160000,to provide general support
2021,263753801,Foundation to Promote Open Society,Community Initiatives,,1000 Broadway Suite 480,,Oakland,CA,,94607,150000,to support the Global Philanthropy Project's work on anti-gender movements
2021,263753801,Foundation to Promote Open Society,Rockwood Leadership Institute,,1212 Broadway Suite 700,,Oakland,CA,,94612,600000,"to provide capacity and leadership development support to activists, advocates, organizers, and other actors in the racial justice field"
2021,263753801,Foundation to Promote Open Society,Center for Media Justice,,1300 Clay St Suite 600,,Oakland,CA,,94612,250000,to provide general support
2021,263753801,Foundation to Promote Open Society,Center for Media Justice,,1300 Clay St Suite 600,,Oakland,CA,,94612,150000,to establish a fellowship in the media reform and justice sector
2021,263753801,Foundation to Promote Open Society,The Center for Cultural Power,,1330 Broadway 3rd Floor,,Oakland,CA,,94612,150000,to provide general support
2021,263753801,Foundation to Promote Open Society,Thousand Currents,,1330 Broadway Suite301,,Oakland,CA,,94612,500000,"to support the CLIMA Fund, a fiscally-sponsored project of the Grantee, to enhance and capacitate indigenous people, women, youth and smallholder farmers to find climate solutions"
2021,263753801,Foundation to Promote Open Society,Thousand Currents,,1330 Broadway Suite301,,Oakland,CA,,94612,500000,"to support the CLIMA Fund, a fiscally-sponsored project of the Grantee, to support climate justice movements and provide grassroots solutions to the climate crisis"
2021,263753801,Foundation to Promote Open Society,PolicyLink,,1438 Webster Street Suite 303,,Oakland,CA,,94612,1000000,to provide general support
2021,263753801,Foundation to Promote Open Society,Common Counsel Foundation,,1624 Franklin St 1022,,Oakland,CA,,94612,230047,to catalyze Black communities into the global movement for climate justice
2021,263753801,Foundation to Promote Open Society,Common Counsel Foundation,,1624 Franklin St 1022,,Oakland,CA,,94612,3000000,"to support The Movement for Black Lives, a project of the Grantee that creates alternative solutions to harmful institutions, policies, and practices for all Black communities across the nation"
2021,263753801,Foundation to Promote Open Society,For The People,,1624 Franklin Street Suite 1200,,Oakland,CA,,94612,400000,to provide general support
2021,263753801,Foundation to Promote Open Society,Faith in Action Network,,171 Santa Rosa Ave,,Oakland,CA,,946101316,375000,to provide general support
2021,263753801,Foundation to Promote Open Society,Institute for Public Accuracy,,1714 Franklin Street 100-133,,Oakland,CA,,94612,75000,"to support the Whistleblower and Source Protection Program (WHISPeR) in its efforts to protect and advocate for sources, whistleblowers, and journalists"
2021,263753801,Foundation to Promote Open Society,ColorOfChangeorg Education Fund,,1714 Franklin Street Suite 100-036,,Oakland,CA,,94612,2100000,to provide general support
2021,263753801,Foundation to Promote Open Society,Equal Justice Society,,1939 Harrison StSuite 818,,Oakland,CA,,94612,200000,to provide general support
2021,263753801,Foundation to Promote Open Society,Ella Baker Center for Human Rights in California,,1970 Broadway Suite 1125,,Oakland,CA,,94612,150000,to provide general support
2021,263753801,Foundation to Promote Open Society,Designing Justice Designing Spaces,,2744 East 11th Street Unit H03,,Oakland,CA,,94601,150000,to resource the first stages of 'restorative' real estate development to activate blighted spaces and permanently shut down jails and prisons through Designing Justice + Designing Spaces Concept Development Fund
2021,263753801,Foundation to Promote Open Society,Asian AmericanPacific Islanders in Philanthropy,,300 Frank H Ogawa Plaza Suite 290,,Oakland,CA,,94612,200000,to organize the philanthropic sector towards longer-term investments for Asian American and Pacific Islander (AAPI) communities
2021,263753801,Foundation to Promote Open Society,Neighborhood Funders Group,,300 Frank Ogawa Plaza Suite 700,,Oakland,CA,,94612,200000,"to mobilize funders in support of building power, influence, and direct decision-making authority of communities of color and low-income communities to advance equitable and regional development"
2021,263753801,Foundation to Promote Open Society,Hispanics in Philanthropy,,414 13th Street Suite 200,,Oakland,CA,,94612,100000,"to support Justice for Migrant Women, a project of the Grantee, in protecting the rights of migrant women in the United States"
2021,263753801,Foundation to Promote Open Society,Hispanics in Philanthropy,,414 13th Street Suite 200,,Oakland,CA,,94612,40000,"to support Justice For Migrant Women, a project of the Grantee committed to protecting the rights of migrant women in the United States"
2021,263753801,Foundation to Promote Open Society,W Haywood Burns Institute,,475 14th Street Suite 800,,Oakland,CA,,94612,150000,to provide general support
2021,263753801,Foundation to Promote Open Society,Amazon Watch Inc,,520 3rd Street Suite 108,,Oakland,CA,,94607,125000,to support an advocacy and education campaign that pressures financial institutions to reform climate-worsening policies and practices
2021,263753801,Foundation to Promote Open Society,Transgender Law Center,,PO Box 70976,,Oakland,CA,,94612,250000,"to support Black LGBTQIA+ migrants through organizing and base-building, deportation defense, and strategic communications"
2021,263753801,Foundation to Promote Open Society,The Praxis Project Inc,,PO Box 7259,,Oakland,CA,,94601,250000,to support the grantee's UndocuBlack Network in promoting Black immigrant justice at the US-Mexico Border
2021,263753801,Foundation to Promote Open Society,The Praxis Project Inc,,PO Box 7259,,Oakland,CA,,94601,250000,to support Realizing Sexual and Reproductive Justice Alliance's work to advance young feminist leadership
2021,263753801,Foundation to Promote Open Society,The Praxis Project Inc,,PO Box 7259,,Oakland,CA,,94601,100000,"to support the Grantee's UndocuBlack Network, a multigenerational network of former and current undocumented Black people that fosters community, facilitates access to resources, and contributes to transforming the realities of Black immigrants"
2021,263753801,Foundation to Promote Open Society,The University of Maine System Inc,,5717 Corbett Hall,,Orono,ME,,044965717,19573,to complete and disseminate drug policy research in Maine
2021,263753801,Foundation to Promote Open Society,Alianza Nacional de Campesinas Inc,,319 Lambert Street Suite D,,Oxnard,CA,,93034,200000,to provide general support
2021,263753801,Foundation to Promote Open Society,Desert Biennial,,PO Box 4050,,Palm Springs,CA,,92263,250000,"to support the development of a monument at the Desert X Biennial in the Coachella Valley Desert, which will counter false narratives imposed on the indigenous community by settler communities"
2021,263753801,Foundation to Promote Open Society,The Board of Trustees of the Leland Stanford Junio,,Office of Sponsored Research 3160,,Palo Alto,CA,,943048445,249553,to understand the impact of Covid-19 within MENA and improve inclusive governance in the region
2021,263753801,Foundation to Promote Open Society,National Day Laborer Organizing Network,,1030 S Arroyo Pkwy Ste 105,,Pasadena,CA,,91105,500000,to provide general support
2021,263753801,Foundation to Promote Open Society,National Day Laborer Organizing Network,,1030 S Arroyo Pkwy Ste 105,,Pasadena,CA,,91105,300000,to provide general support
2021,263753801,Foundation to Promote Open Society,Grantmakers Concerned with Immigrants and Refugees,,PO Box 2178,,Petaluma,CA,,94953,200000,to provide general support
2021,263753801,Foundation to Promote Open Society,CultureTrust Greater Philadelphia,,1315 WALNUT ST STE 320,,Philadelphia,PA,,19107,185500,"to support Monument Lab, a project of the grantee, build up its work supporting inclusive narratives around monuments and public spaces"
2021,263753801,Foundation to Promote Open Society,Movement Alliance Project,,4534 Baltimore Avenue,,Philadelphia,PA,,19143,100000,to provide general support
2021,263753801,Foundation to Promote Open Society,Lenfest Institute for Journalism LLC,,801 Market StreetSuite 300,,Philadelphia,PA,,19107,150000,"to support the National Trust for Local News, a project of the grantee working towards preserving and supporting independent, quality community news in Georgia, which helps drive local civic engagement"
2021,263753801,Foundation to Promote Open Society,Inter Tribal Council of Arizona,,2214 N Central Avenue Suite 100,,Phoenix,AZ,,85004,100000,to provide general support
2021,263753801,Foundation to Promote Open Society,black phoenix organizing collective,,3358 W Portland St,,Phoenix,AZ,,85009,50000,to provide general support
2021,263753801,Foundation to Promote Open Society,Poder in Action,,5877 W Indian School Rd,,Phoenix,AZ,,85031,200000,"to provide support to The Prometheus Conspiracy, a fiscally sponsored project of the Grantee, for the creation of the Database of Funding to Police-Controlled Nonprofits, a nationwide searchable database of charitable contributions to police department foundations and police unions or police associations"
2021,263753801,Foundation to Promote Open Society,Rutgers the State University of New Jersey,,Office for Research Rutgers The S,,Piscataway,NJ,,088543925,25000,to support the Rutgers Institute for Information Policy and Law at Rutgers Law School (Camden) to advance understanding and practical applications of policy interventions to address concerns and risks of data-driven technologies and advanced analytics.
2021,263753801,Foundation to Promote Open Society,Institute for Multi-Stakeholder Initiative Integri,,82 Wendell Avenue Suite 100,,Pittsfield,MA,,01201,300000,to provide general support
2021,263753801,Foundation to Promote Open Society,Unite Oregon,,1390 SE 122nd Ave,,Portland,OR,,97233,125500,"to support the Grantee and its participation in the coalition for Health, Justice, and Recovery to implement and maintain effective decriminalization of drug possession across the State"
2021,263753801,Foundation to Promote Open Society,Maine Access Points,,18 Glengarden St,,Portland,ME,,04103,35000,to provide general support
2021,263753801,Foundation to Promote Open Society,Maine People's Resource Center,,565 Congress Street 200,,Portland,ME,,04101,90000,to provide general support
2021,263753801,Foundation to Promote Open Society,Partnership for Safety and Justice,,825 NE 20th Avenue Suite 250,,Portland,OR,,97232,150000,to provide general support
2021,263753801,Foundation to Promote Open Society,Western States Center Inc,,PO Box 40305,,Portland,OR,,97212,250000,to provide general support
2021,263753801,Foundation to Promote Open Society,Western States Center Inc,,PO Box 40305,,Portland,OR,,97212,35000,"to rethink the national security narrative in the US in order to promote a more inclusive, just, and accountable national security framework in the US and globally"
2021,263753801,Foundation to Promote Open Society,Brown University,,Office of Sponsored ProjectsUnivers,,Providence,RI,,02912,100000,to support Cost of War's research and dissemination on the costs of current U.S. national security strategy
2021,263753801,Foundation to Promote Open Society,North Carolina Council of Churches,,27 Horne Street,,Raleigh,NC,,27607,133333,to support the Grantee's Partners in Health and Wholeness program to advance their work in harm reduction values and knowledge within communities of faith around North Carolina
2021,263753801,Foundation to Promote Open Society,NDN Collective Inc,,317 Main St 1,,Rapid City,SD,,57701,250000,to provide general support
2021,263753801,Foundation to Promote Open Society,NDN Collective Inc,,317 Main St 1,,Rapid City,SD,,57701,444000,to provide general support
2021,263753801,Foundation to Promote Open Society,Social Good Fund Inc,,12651 San Pablo Ave Unit 5473,,Richmond,CA,,94805,300000,"to support Offsides Productions, a project of the grantee, in creating original content to build new, dynamic, and inclusive narratives in popular culture to affect change on a range of social and racial justice issues"
2021,263753801,Foundation to Promote Open Society,Social Good Fund Inc,,12651 San Pablo Ave Unit 5473,,Richmond,CA,,94805,125000,to support climate justice organizing by frontline organizations
2021,263753801,Foundation to Promote Open Society,Dr Martin Luther King Jr Memorial Commission,,PO Box 396,,Richmond,VA,,23218,200000,"to complete the installation of the Emancipation and Freedom monument in Richmond, VA"
2021,263753801,Foundation to Promote Open Society,National Council for Incarcerated and Formerly Inc,,100R Warren Street,,Roxbury,MA,,02119,150000,to provide general support
2021,263753801,Foundation to Promote Open Society,People's Parity Project,,141 4th Street EastApt 521,,Saint Paul,MN,,551012490,100000,to provide general support
2021,263753801,Foundation to Promote Open Society,Village Enterprise Fund Inc,,751 Laurel Street PMB 222,,San Carlos,CA,,94070,7100,"to support West Pokot County Government, in Kenya, to develop a coherent approach to scale up graduation and integrate it into interventions seeking to realize social and economic inclusion of the extreme poor"
2021,263753801,Foundation to Promote Open Society,Voice of San Diego,,110 West A Street Suite 650,,San Diego,CA,,92101,175000,to provide general support
2021,263753801,Foundation to Promote Open Society,Partnership for the Advancement of New Americans,,4089 Fairmount Avenue,,San Diego,CA,,92105,150000,to provide general support
2021,263753801,Foundation to Promote Open Society,Haitian Bridge Alliance,,4265 Fairmount Avenue Suite 280,,San Diego,CA,,92105,500000,to provide general support
2021,263753801,Foundation to Promote Open Society,Tides Center,,1012 Torney Avenue,,San Francisco,CA,,94129,200000,to support the Center for Genetics and Society's work on social justice and human biotechnology research
2021,263753801,Foundation to Promote Open Society,Tides Center,,1012 Torney Avenue,,San Francisco,CA,,94129,100000,to support strategic legal and advocacy campaigns in order to benefit at-risk groups
2021,263753801,Foundation to Promote Open Society,Tides Center,,1012 Torney Avenue,,San Francisco,CA,,94129,200000,"to support the Public Rights Project, a sponsored project of the Grantee, in dismantling barriers that undermine economic security and promote inequity"
2021,263753801,Foundation to Promote Open Society,Tides Center,,1012 Torney Avenue,,San Francisco,CA,,94129,150000,"to allow the International Corporate Accountability Roundtable (ICAR), a fiscally sponsored project of the Grantee, to advance human rights through corporate accountability"
2021,263753801,Foundation to Promote Open Society,Tides Center,,1012 Torney Avenue,,San Francisco,CA,,94129,400000,to support the Center for Genetics and Society's work on social justice and human biotechnology research
2021,263753801,Foundation to Promote Open Society,Tides Center,,1012 Torney Avenue,,San Francisco,CA,,94129,100000,"to support September 11th Families for Peaceful Tomorrows in providing programmatic support for education, advocacy and solidarity efforts by organized family members of victims of the September 11, 2001 attacks in the U.S."
2021,263753801,Foundation to Promote Open Society,Tides Center,,1012 Torney Avenue,,San Francisco,CA,,94129,15446,to provide additional support to the Egypt Development Fund's efforts to support organizations working to advance a free an independent media in the Arab region.
2021,263753801,Foundation to Promote Open Society,Tides Center,,1012 Torney Avenue,,San Francisco,CA,,94129,475000,"to provide support to Dream Defenders, a fiscally sponsored project of the Grantee, for the coordination of a broad range of community-driven efforts to replace policing, prisons and state surveillance, and to sustain the existing momentum around their street response work and wellness center and mutual aid program"
2021,263753801,Foundation to Promote Open Society,Tides Center,,1012 Torney Avenue,,San Francisco,CA,,94129,175000,"to support the work of Dream Defenders, a project of the Tide Foundations, to provide services to Black, Latino, homeless and working communities throughout the state of Florida in the wake of COVID-19"
2021,263753801,Foundation to Promote Open Society,Tides Center,,1012 Torney Avenue,,San Francisco,CA,,94129,250000,"to provide support to the Maria Fund, a fiscally sponsored project of the Grantee, and its mission to strengthen movements and community organizing groups in Puerto Rico"
2021,263753801,Foundation to Promote Open Society,Chinese Progressive Association,,1042 Grant Avenue 5th floor,,San Francisco,CA,,94133,200000,"to support Grassroots Asians Rising, a project of the Grantee, as they advance the rights of low-income Asian Americans and Pacific Islanders"
2021,263753801,Foundation to Promote Open Society,Chinese Progressive Association,,1042 Grant Avenue 5th floor,,San Francisco,CA,,94133,1000000,"to support the Black Futures Lab, a project of the Grantee, dedicated to advancing civic engagement in and policy research on Black communities"
2021,263753801,Foundation to Promote Open Society,Catchlight,,1150 25th St,,San Francisco,CA,,94107,225000,to support photography programming on restitution movements and social justice visual arts practitioners to change narratives about the civil society in this movement
2021,263753801,Foundation to Promote Open Society,Public Advocates Inc,,131 Steuart Street Suite 300,,San Francisco,CA,,94105,200000,to provide general support
2021,263753801,Foundation to Promote Open Society,Global Exchange,,1446 Market St,,San Francisco,CA,,94102,85000,to support litigation and advocacy to reduce the flow of guns used in homicides and human rights abuses in Mexico and Central America
2021,263753801,Foundation to Promote Open Society,Immigrant Legal Resource Center,,1458 Howard St,,San Francisco,CA,,94103,500000,"to support the Grantee's New Way Forward campaign, which seeks to dismantle the infrastructure of criminalization, detention, and deportation of immigrants"
2021,263753801,Foundation to Promote Open Society,Immigrant Legal Resource Center,,1458 Howard St,,San Francisco,CA,,94103,375000,"to support the Grantee's New Americans Campaign, which seeks to encourage naturalization among eligible immigrants, assist them with the process, and mobilize their civic participation"
2021,263753801,Foundation to Promote Open Society,EDGE Funders Alliance,,2021 Fillmore Street 66,,San Francisco,CA,,94115,55000,to provide general support
2021,263753801,Foundation to Promote Open Society,EDGE Funders Alliance,,2021 Fillmore Street 66,,San Francisco,CA,,94115,30000,to support the organisation in developing and implementing a participatory impact evaluation and disseminate the learning to their community
2021,263753801,Foundation to Promote Open Society,EDGE Funders Alliance,,2021 Fillmore Street 66,,San Francisco,CA,,94115,95000,to provide general support
2021,263753801,Foundation to Promote Open Society,Accountability Counsel,,244 Kearny StreetFloor 6,,San Francisco,CA,,94108,275000,to provide general support
2021,263753801,Foundation to Promote Open Society,Dtwo Ltd,,2443 Fillmore St 380-17460,,San Francisco,CA,,94115,70000,to provide general support to Digital Democracy
2021,263753801,Foundation to Promote Open Society,Ploughshares Fund Inc,,315 Bay Street Suite 400,,San Francisco,CA,,94133,300000,to provide general support
2021,263753801,Foundation to Promote Open Society,Ploughshares Fund Inc,,315 Bay Street Suite 400,,San Francisco,CA,,94133,200000,to provide general support
2021,263753801,Foundation to Promote Open Society,Ploughshares Fund Inc,,315 Bay Street Suite 400,,San Francisco,CA,,94133,50000,to provide general support
2021,263753801,Foundation to Promote Open Society,Code for Venezuela,,333 Fremont St 505,,San Francisco,CA,,94105,60000,to provide general support
2021,263753801,Foundation to Promote Open Society,TechSoup Global,,435 Brannan Street Suite 100,,San Francisco,CA,,94107,140000,"to develop a suite of online, multilingual trainings for grantmakers, grantees, and the general public to better understand the U.S. tax rules governing international philanthropy"
2021,263753801,Foundation to Promote Open Society,Pacific Environment and Resources Center,,473 Pine Street Third Floor,,San Francisco,CA,,94104,50000,to provide general support
2021,263753801,Foundation to Promote Open Society,Groundswell Fund,,548 Market Street 49734,,San Francisco,CA,,94104,500000,to provide general support
2021,263753801,Foundation to Promote Open Society,Asian Americans Advancing Justice - Asian Law Cauc,,55 Columbus Avenue,,San Francisco,CA,,94111,1000000,to provide general support
2021,263753801,Foundation to Promote Open Society,Asian Americans Advancing Justice - Asian Law Cauc,,55 Columbus Avenue,,San Francisco,CA,,94111,1000000,to coordinate and strengthen the leadership of Asian American and Pacific Islander (AAPI) community leaders and organizations responding to violence and discrimination against AAPIs
2021,263753801,Foundation to Promote Open Society,Asian Americans Advancing Justice - Asian Law Cauc,,55 Columbus Avenue,,San Francisco,CA,,94111,300000,to provide general support
2021,263753801,Foundation to Promote Open Society,National Housing and Community Development Law Pro,,703 Market Street Suite 2000,,San Francisco,CA,,94103,200000,to provide general support
2021,263753801,Foundation to Promote Open Society,Global Fund for Women Inc,,800 Market Street 7TH Floor,,San Francisco,CA,,94102,277377,"to support grassroots women's rights organizations combating the rise of domestic violence during COVID-19 in Palestine, and responding to community needs after the port explosion in Beirut"
2021,263753801,Foundation to Promote Open Society,National Center for Lesbian Rights,,870 Market Street Suite 370,,San Francisco,CA,,94102,135000,to provide general support
2021,263753801,Foundation to Promote Open Society,Center for Humane Technology,,995 Market Street 312,,San Francisco,CA,,94103,500000,to provide general support
2021,263753801,Foundation to Promote Open Society,The Opportunity Agenda,,PO Box 29198,,San Francisco,CA,,94129,250000,to provide general support
2021,263753801,Foundation to Promote Open Society,Tides Foundation,,The Presidio PO Box 29903,,San Francisco,CA,,941290903,500000,to support the Asia Advancement Fund to enhance participatory and good governance in South Asia
2021,263753801,Foundation to Promote Open Society,Tides Foundation,,The Presidio PO Box 29903,,San Francisco,CA,,941290903,250000,"to support Freedom to Marry Global, a fiscally sponsored project of the grantee, to strengthen expertise and awareness of strategic communications among LGBTI organizations"
2021,263753801,Foundation to Promote Open Society,Tides Foundation,,The Presidio PO Box 29903,,San Francisco,CA,,941290903,250000,"to support the ongoing efforts of The Justice Collaborative, a fiscally sponsored project of the Grantee, to oversee and execute a communications strategy for progressive prosecutors with a focus on black women prosecutors who are leading a movement for reform"
2021,263753801,Foundation to Promote Open Society,Tides Foundation,,The Presidio PO Box 29903,,San Francisco,CA,,941290903,185000,to support the Grantee's Myanmar Advancement Fund
2021,263753801,Foundation to Promote Open Society,Tides Foundation,,The Presidio PO Box 29903,,San Francisco,CA,,941290903,25000,"to support the Grantee's fiscally sponsored project, Chispa Education Fund, in providing capacity building for leadership development to the executive director and fundraising strategy for the Fund"
2021,263753801,Foundation to Promote Open Society,Tides Foundation,,The Presidio PO Box 29903,,San Francisco,CA,,941290903,442775,to support the Grantee's Myanmar Advancement Fund
2021,263753801,Foundation to Promote Open Society,Guernica Centre for International Justice,,Two Embarcadero Center Suite 800,,San Francisco,CA,,94111,110000,to provide general support
2021,263753801,Foundation to Promote Open Society,Guernica Centre for International Justice,,Two Embarcadero Center Suite 800,,San Francisco,CA,,94111,105000,to provide general support
2021,263753801,Foundation to Promote Open Society,Fideicomiso de Conservacin de Puerto Rico,,155 Tetuan street,,San Juan,PR,,00901,50000,to support strategic litigation and public education efforts in defense of Puerto Rico's Land Use and Protection plan; which protects many areas of Puerto Rico's archipelago from sprawling development and land displacement
2021,263753801,Foundation to Promote Open Society,Fideicomiso de Conservacin de Puerto Rico,,155 Tetuan street,,San Juan,PR,,00901,30000,to support the Grantee's youth development program
2021,263753801,Foundation to Promote Open Society,Filantropia Puerto Rico Inc,,PO Box 362408,,San Juan,PR,,009362408,50000,to provide general support
2021,263753801,Foundation to Promote Open Society,Multidisciplinary Association for Psychedelic Stud,,3141 Stevens Creek Blvd 40563,,Santa Jose,CA,,95117,50000,"to fund a retreat for the first MDMA Therapy Training for communities of color to develop the tools, community, and support to integrate MDMA-assisted psychotherapy into their practices"
2021,263753801,Foundation to Promote Open Society,Taslimi Foundation,,1805 Colorado Avenue,,Santa Monica,CA,,90404,100000,to support Aasoo's online journalistic work to encourage new thinking and constructive dialogue in the context of Covid-19 pandemic
2021,263753801,Foundation to Promote Open Society,Public Defender Association,,110 Prefontaine Place South Suite,,Seattle,WA,,98104,150000,to provide general support
2021,263753801,Foundation to Promote Open Society,Public Defender Association,,110 Prefontaine Place South Suite,,Seattle,WA,,98104,295000,to provide general support
2021,263753801,Foundation to Promote Open Society,The People's Harm Reduction Alliance,,1415 NE 43rd St,,Seattle,WA,,98105,125000,to provide general support
2021,263753801,Foundation to Promote Open Society,Seattle International Foundation,,1601 5th Avenue Suite 1900,,Seattle,WA,,98101,438625,to support independent journalism in Central America
2021,263753801,Foundation to Promote Open Society,Panorama Global,,2101 4th Ave Suite 2100,,Seattle,WA,,98121,250000,"to support Hyphen, a project of the grantee that is working to build the effectiveness of community violence intervention programs and increase public safety"
2021,263753801,Foundation to Promote Open Society,Panorama Global,,2101 4th Ave Suite 2100,,Seattle,WA,,98121,500000,to break down the structural barriers and challenges BIPOC communities and women face in governing and serving in public office
2021,263753801,Foundation to Promote Open Society,Panorama Global,,2101 4th Ave Suite 2100,,Seattle,WA,,98121,250000,"to support Hyphen, a fiscally-sponsored project of the grantee that supports public-philanthropic partnerships that improve opportunities for historically-marginalized communities across the United States"
2021,263753801,Foundation to Promote Open Society,PATH,,2201 Westlake AveSuite 200,,Seattle,WA,,98121,133481,to support the Early Childhood Development Action Network's work on early childhood development
2021,263753801,Foundation to Promote Open Society,PATH,,2201 Westlake AveSuite 200,,Seattle,WA,,98121,34980,"to provide core support to the Early Child Development Action Network, to support regional early childhood networks, and to develop a framework and tool for the economic evaluation of benefits and costs of early childhood development interventions"
2021,263753801,Foundation to Promote Open Society,Alliance for a Just Society,,3518 South Edmunds Street,,Seattle,WA,,98118,200000,"to support the Native Organizers Alliance, a project of the grantee that seeks to advance sovereignty and the health and well-being of rural, urban and reservations Native communities"
2021,263753801,Foundation to Promote Open Society,National Urban Indian Family Coalition,,4000 Aurora Ave N Suite 102,,Seattle,WA,,98103,250000,to provide general support
2021,263753801,Foundation to Promote Open Society,City of Seattle Office of Immigrant and Refugee Af,,Seattle Municipal Tower Suite 1616,,Seattle,WA,,98124,55000,to support and coordinate city government outreach efforts to vulnerable immigrant communities during Covid-19 pandemic and recovery
2021,263753801,Foundation to Promote Open Society,March On Foundation,,820 RITCHIE HWY,,Severna Park,MD,,21146,46000,"to provide support to Forward Justice Maryland, a fiscally sponsored program of the Grantee, to engage in education and organizing to reduce the number of people serving long sentences in Maryland prisons"
2021,263753801,Foundation to Promote Open Society,Center for Workforce Inclusion,,8403 Colesville Road Suite 200,,Silver Spring,MD,,20910,45000,"to support Equity Matters, a fiscally-sponsored program of the Grantee, to provide technological support to the Campaign for Justice, Safety, and Jobs in its work to achieve policing reform in Baltimore and across Maryland"
2021,263753801,Foundation to Promote Open Society,In Our Own Voice National Black Women's Reproduct,,8705 Colesville Road Suite 377,,Silver Spring,MD,,20910,350000,to provide general support
2021,263753801,Foundation to Promote Open Society,Catholic Legal Immigration Network Inc,,8757 Georgia Avenue Suite 850,,Silver Spring,MD,,20910,100000,to provide general support
2021,263753801,Foundation to Promote Open Society,Majority Action,,PO Box 4831,,Silver Spring,MD,,20914,600000,"to support shareholder advocacy strategies aimed at corporations in order to advance worker rights, racial justice, and pursue climate justice"
2021,263753801,Foundation to Promote Open Society,Center for Victims of Torture,,2356 University Avenue WestSuite 4,,St Paul,MN,,55114,200000,to provide general support
2021,263753801,Foundation to Promote Open Society,Project Prosper,,2815 Edwards Ave South,,St Petersburg,FL,,33705,15000,to provide tie-off support for the Sex Workers and Allies Network to help strengthen their capacity as a volunteer- and member-led harm reduction organization for people in street-based sex work
2021,263753801,Foundation to Promote Open Society,Black Reconstruction Collective,,461 East Foster Avenue,,State College,PA,,16801,150000,to support a 10 city installation of peripatetic and ephemeral mobile sculptures as well as a series of public programs and activations
2021,263753801,Foundation to Promote Open Society,Advocates for Informed Choice,,365 Boston Post Rd 163,,Sudbury,MA,,01776,160000,to provide general support
2021,263753801,Foundation to Promote Open Society,International Institute on Race Equality and Huma,,1620 I Eye Street NW,,Suite,DC,,20006,100000,to strengthen the capacity of Afro-Brazilian and Afro-Colombian groups to promote and protect their rights against systemic racism in law enforcement by engaging with the UN Human Rights Protection System including the recently established independent expert mechanism
2021,263753801,Foundation to Promote Open Society,International Institute on Race Equality and Huma,,1620 I Eye Street NW,,Suite,DC,,20006,100000,to support the Grantee's human rights work
2021,263753801,Foundation to Promote Open Society,Foundation Cristosal Inc,,401 W Division Street 9641,,Syracuse,NY,,13290,831200,to provide general support
2021,263753801,Foundation to Promote Open Society,Foundation Cristosal Inc,,401 W Division Street 9641,,Syracuse,NY,,13290,250000,to provide general support
2021,263753801,Foundation to Promote Open Society,South Asian Americans Leading Together,,6930 Carroll Avenue Suite 506,,Takoma Park,MD,,20912,250000,to provide general support
2021,263753801,Foundation to Promote Open Society,Voices for a Sustainable Future,,PO Box 5780,,Takoma Park,MD,,20913,50000,to provide general support
2021,263753801,Foundation to Promote Open Society,Arizona State University Foundation for A New Amer,,ASU FoundationPO Box 2260,,Tempe,AZ,,852802260,199800,to support the development and dissemination of effective guidance on connected learning in contexts of conflict and crisis; to strengthen capacity-building in higher education in emergencies and crisis through technical support to quality higher education programmes; and to expand options for alternative delivery of higher education
2021,263753801,Foundation to Promote Open Society,Arizona State University Foundation for A New Amer,,ASU FoundationPO Box 2260,,Tempe,AZ,,852802260,250000,"to support the mission of the Grantee's McCain Institute for International Leadership to advance security, economic opportunity, freedom, democracy and human rights in the United States and around the world"
2021,263753801,Foundation to Promote Open Society,Institute for Strategic Dialogue US,,1000 Jackson Street,,Toledo,OH,,436045573,200000,"to detect and expose online activity that poses a threat to the health of the US information environment, and to protect US communities vulnerable to disinformation and online manipulation"
2021,263753801,Foundation to Promote Open Society,Tulsa Community Foundation,,7030 S Yale Ave Suite 600,,Tulsa,OK,,74136,300000,"to support the 1921 Tulsa Race Massacre Centennial Fund, a project of the grantee, in its community engagement events, reconciliation initiatives, and educational opportunities surrounding the 100 year anniversary of the 1921 Tulsa Race Massacre"
2021,263753801,Foundation to Promote Open Society,Institute for Middle East Understanding,,2913 El Camino Real Suite 436,,Tustin,CA,,92782,200000,to provide general support
2021,263753801,Foundation to Promote Open Society,Native Arts & Cultures Foundation,,400 E Evergreen Boulevard Suite 1,,Vancouver,WA,,98660,750000,to provide general support
2021,263753801,Foundation to Promote Open Society,Sex Workers Outreach Project USA,,340 S Lemon Ave 7566,,Walnut,CA,,91789,90000,to provide general support
2021,263753801,Foundation to Promote Open Society,Chicas Poderosas Inc,,340 South Lemon Ave Suite 1095,,Walnut,CA,,91789,60000,"to establish a network of women's-led and interdisciplinary teams with the goal of telling stories from underrepresented populations about the COVID-19 pandemic's impact in Brazil, Colombia, Ecuador and Mexico through multimedia formats and collaborative journalism"
2021,263753801,Foundation to Promote Open Society,National Immigration Forum Inc,,10 G Street NESuite 500,,Washington,DC,,20002,100000,to provide general support
2021,263753801,Foundation to Promote Open Society,Justice Policy Institute,,1012 14th Street NW Suite 600,,Washington,DC,,20005,200000,to provide general support
2021,263753801,Foundation to Promote Open Society,Justice Policy Institute,,1012 14th Street NW Suite 600,,Washington,DC,,20005,150000,to help achieve the safe and restorative decarceration of individuals serving long prison sentences in Maryland
2021,263753801,Foundation to Promote Open Society,Justice Policy Institute,,1012 14th Street NW Suite 600,,Washington,DC,,20005,125000,"to support Maryland Prisoners' Rights Coalition, a fiscally-sponsored project of the Grantee, to bring home people serving long-sentences, particularly people serving life sentences, through education, support and service"
2021,263753801,Foundation to Promote Open Society,Upturn Inc,,1015 15th St NW Suite 600,,Washington,DC,,20005,325000,to provide general support
2021,263753801,Foundation to Promote Open Society,Bank Information Center,,1023 15th Street NW10th Floor,,Washington,DC,,20005,45000,to support dialogue and promote interventions at the International Monetary Fund (IMF) on reducing the reliance of surcharges levied on low- and middle-income countries so that impacted countries can use this new fiscal space to address the urgent needs of their people arising from the pandemic
2021,263753801,Foundation to Promote Open Society,Bank Information Center,,1023 15th Street NW10th Floor,,Washington,DC,,20005,887000,to provide general support
2021,263753801,Foundation to Promote Open Society,Free Press,,1025 Connecticut Ave NWSuite 1110,,Washington,DC,,20036,375000,to provide general support
2021,263753801,Foundation to Promote Open Society,The World Justice Project- DC,,1025 Vermont Avenue NW Suite 1200,,Washington,DC,,20005,119763,to strengthen institutional coordination and communication between prosecutors and police in Mexico
2021,263753801,Foundation to Promote Open Society,National Women's Law Center,,11 Dupont Circle NW Suite 800,,Washington,DC,,20036,200000,to provide general support
2021,263753801,Foundation to Promote Open Society,Jubilee USA Network,,110 Maryland Ave NE Suite 210,,Washington,DC,,20002,306000,to provide general support
2021,263753801,Foundation to Promote Open Society,Jubilee USA Network,,110 Maryland Ave NE Suite 210,,Washington,DC,,20002,225000,to provide general support
2021,263753801,Foundation to Promote Open Society,Horizontal,,1100 13th St NWSuite 800 c/o Open,,Washington,DC,,20005,70000,to safely connect online and offline frontline defenders and organizations engaging in work and litigation around land rights violations in Brazil
2021,263753801,Foundation to Promote Open Society,Horizontal,,1100 13th St NWSuite 800 c/o Open,,Washington,DC,,20005,40000,to safely connect online and offline frontline defenders and organizations engaging in work and litigation around land rights violations in the midst of the COVID-19 pandemic in Brazil
2021,263753801,Foundation to Promote Open Society,Global Integrity,,1100 13th Street Suite 800,,Washington,DC,,20005,350000,to provide general support
2021,263753801,Foundation to Promote Open Society,Funders Concerned About AIDS Inc,,1100 Connecticut Avenue NW 1200,,Washington,DC,,20036,100000,to provide general support
2021,263753801,Foundation to Promote Open Society,Funders Concerned About AIDS Inc,,1100 Connecticut Avenue NW 1200,,Washington,DC,,20036,35000,to provide general support
2021,263753801,Foundation to Promote Open Society,Project On Government Oversight Inc,,1100 G Street NW Suite 500,,Washington,DC,,200053806,350000,to provide general support
2021,263753801,Foundation to Promote Open Society,The Munathara Initiative,,1101 Connecticut Ave NW Ste 450,,Washington,DC,,20036,400000,to provide general support
2021,263753801,Foundation to Promote Open Society,Citizens for Responsibility and Ethics in Washingt,,1101 K Street NW Suite 201,,Washington,DC,,20005,500000,to provide general support
2021,263753801,Foundation to Promote Open Society,Institute for Social Policy and Understanding,,1110 Vermont Ave NW5th Floor,,Washington,DC,,20005,200000,to provide general support
2021,263753801,Foundation to Promote Open Society,Accountability Lab,,1110 Vermont Avenue NW Suite 500,,Washington,DC,,20005,200000,to provide general support
2021,263753801,Foundation to Promote Open Society,Results for Development Institute Inc,,1111 19th Street NW Suite 700,,Washington,DC,,20036,250000,to provide general support
2021,263753801,Foundation to Promote Open Society,Federation of American Scientists,,1112 16th Street NW Suite 600,,Washington,DC,,20036,100000,"to support the Project on Government Secrecy, which works to improve public access to government information to enhance public debate on national security and related policy matters"
2021,263753801,Foundation to Promote Open Society,Andean Information Network,,1112 16th Street NW 600,,Washington,DC,,20006,75000,to provide general support
2021,263753801,Foundation to Promote Open Society,International Center for Research on Women,,1120 20th St NW Suite 500 North,,Washington,DC,,20036,150000,to provide general support
2021,263753801,Foundation to Promote Open Society,International Center for Not-for-Profit Law Inc,,1126 16th Street NW Suite 400,,Washington,DC,,20036,375000,to assist Eurasian civil society organizations and activists with both navigating restrictions to civic space and empowering them to promote a more enabling environment for civil society
2021,263753801,Foundation to Promote Open Society,International Center for Not-for-Profit Law Inc,,1126 16th Street NW Suite 400,,Washington,DC,,20036,125000,"to fund the Grantee's U.S. programming, which supports the development of a legal environment that strengthens civil society and advances the freedoms of association and assembly"
2021,263753801,Foundation to Promote Open Society,International Center for Not-for-Profit Law Inc,,1126 16th Street NW Suite 400,,Washington,DC,,20036,125000,to increase the resilience of civil society organizations in the Central Asia region through legal assistance and training
2021,263753801,Foundation to Promote Open Society,Center for US Global Leadership,,1129 20th Street NW Suite 600,,Washington,DC,,20036,200000,to provide general support
2021,263753801,Foundation to Promote Open Society,Education Fund of the American Center for Internat,,1130 Connecticut Avenue NW Suite 8,,Washington,DC,,20036,600000,to provide general support
2021,263753801,Foundation to Promote Open Society,Education Fund of the American Center for Internat,,1130 Connecticut Avenue NW Suite 8,,Washington,DC,,20036,100000,"to build a collective voice for poor and underprivileged Moroccan workers in the red fruits sector by expanding trade union reach and establishing the building blocks for a trade union strategy to organize, represent and advocate for women rights."
2021,263753801,Foundation to Promote Open Society,Native Americans in Philanthropy,,1140 3rd Street NE 2nd Floor,,Washington,DC,,20002,250000,to provide general support
2021,263753801,Foundation to Promote Open Society,American Economic Liberties Project,,1150 Connecticut Ave NW Suite 800,,Washington,DC,,20036,500000,to provide general support
2021,263753801,Foundation to Promote Open Society,Inter-American Dialogue,,1155 15th St NW Suite 800,,Washington,DC,,20005,145000,to support an analysis of the recent political and social changes in Cuba through academic research
2021,263753801,Foundation to Promote Open Society,Poverty and Race Research Action Council,,1200 18th Street NW Suite 200,,Washington,DC,,20036,225000,to provide general support
2021,263753801,Foundation to Promote Open Society,Institute for Women's Policy Research,,1200 18th Street NW Suite 301,,Washington,DC,,20036,350000,to provide general support
2021,263753801,Foundation to Promote Open Society,Institute for Women's Policy Research,,1200 18th Street NW Suite 301,,Washington,DC,,20036,235000,to provide general support
2021,263753801,Foundation to Promote Open Society,Constitutional Accountability Center,,1200 18th Street NW Suite 501,,Washington,DC,,20036,1250000,to provide general support
2021,263753801,Foundation to Promote Open Society,National Juvenile Justice Network,,1200 G Street NW Suite 800,,Washington,DC,,20005,95000,to provide general support
2021,263753801,Foundation to Promote Open Society,Global Campaign for Education United States,,1201 16th Street NWSuite 521,,Washington,DC,,20036,25000,to provide general support
2021,263753801,Foundation to Promote Open Society,International Mayan League-USA Inc,,1201 K ST NW,,Washington,DC,,20005,100000,to provide general support
2021,263753801,Foundation to Promote Open Society,Henry L Stimson Center,,1211 Connecticut Avenue NW8th Floor,,Washington,DC,,20036,100000,to provide general support
2021,263753801,Foundation to Promote Open Society,Fund for Constitutional Government,,122 Maryland Avenue NE,,Washington,DC,,20002,174838,"to support the Anti-Corruption Data Collective, a project of the grantee, to conduct and disseminate research and investigations about the costs of financial sector opacity, in order to benefit ordinary taxpayers and citizens around the world"
2021,263753801,Foundation to Promote Open Society,Fund for Constitutional Government,,122 Maryland Avenue NE,,Washington,DC,,20002,75000,"to support the Peace and Security Funders Group, a fiscally sponsored project of the grantee, to enhance the effectiveness of peace and security philanthropy"
2021,263753801,Foundation to Promote Open Society,Advancement Project,,1220 L Street NW Suite 850,,Washington,DC,,20005,900000,to provide general support
2021,263753801,Foundation to Promote Open Society,Values United,,1250 Connecticut Ave NW Suite 700,,Washington,DC,,20036,50000,to provide general support
2021,263753801,Foundation to Promote Open Society,Truman Center for National Policy,,1250 I St NW Suite 500,,Washington,DC,,20005,300000,"to support the creation of a task force to study and build out ideas for implementing a ""subnational"" level of diplomacy in the US that connects states and cities to the US State Department and its foreign policy efforts with the goal of making foreign policy more inclusive of America's diverse communities"
2021,263753801,Foundation to Promote Open Society,Center on Budget and Policy Priorities,,1275 First Street NE Ste 1200,,Washington,DC,,20002,200000,to provide general support
2021,263753801,Foundation to Promote Open Society,Migration Policy Institute,,1275 K Street NWSuite 800,,Washington,DC,,20005,250000,to provide general support
2021,263753801,Foundation to Promote Open Society,The One Campaign,,1299 Pennsylvania AveSuite 400Washi,,Washington,DC,,20004,3500000,to provide general support
2021,263753801,Foundation to Promote Open Society,The One Campaign,,1299 Pennsylvania AveSuite 400Washi,,Washington,DC,,20004,750000,to provide general support
2021,263753801,Foundation to Promote Open Society,Population Action International,,1300 19th Street NW Suite 200,,Washington,DC,,20036,220000,to provide general support
2021,263753801,Foundation to Promote Open Society,Avina Americas Inc,,1300 I Street NW Suite 400E PMB -,,Washington,DC,,20005,2090000,"to support the Grantee's work to develop a Global Worker Center of Gravity where actors from philanthropy, public funds, and Trade Union Support Organizations can coordinate financing and initiatives that support the burgeoning global labor movement and workers' rights"
2021,263753801,Foundation to Promote Open Society,Avina Americas Inc,,1300 I Street NW Suite 400E PMB -,,Washington,DC,,20005,1300000,to provide general support
2021,263753801,Foundation to Promote Open Society,Avina Americas Inc,,1300 I Street NW Suite 400E PMB -,,Washington,DC,,20005,275000,"to accompany, strengthen and empower online and offline capacity building of organizations, collectives, movements, and mobilizations led by citizens working towards deeper democratic spaces in Latin America"
2021,263753801,Foundation to Promote Open Society,Center for Responsive Politics,,1300 L Street NW Suite 200,,Washington,DC,,20005,150000,to provide general support
2021,263753801,Foundation to Promote Open Society,Institute for Policy Studies (US),,1301 Connecticut Ave NW Suite 600,,Washington,DC,,20036,40000,"to provide support to rethink the national security narrative in the US in order to promote a more inclusive, just, and accountable national security framework in the US and globally"
2021,263753801,Foundation to Promote Open Society,Institute for Policy Studies (US),,1301 Connecticut Ave NW Suite 600,,Washington,DC,,20036,150000,to support the Economic Hardship Reporting Project's work to reform media coverage of economic disparity
2021,263753801,Foundation to Promote Open Society,Institute for Policy Studies (US),,1301 Connecticut Ave NW Suite 600,,Washington,DC,,20036,300000,to provide general support
2021,263753801,Foundation to Promote Open Society,The Fund for Global Human Rights,,1301 Connecticut Ave NWSte 400,,Washington,DC,,20036,157500,"to support research, reports, and public advocacy work related to rights of expression, association, and assembly"
2021,263753801,Foundation to Promote Open Society,The Fund for Global Human Rights,,1301 Connecticut Ave NWSte 400,,Washington,DC,,20036,190000,to provide general support
2021,263753801,Foundation to Promote Open Society,Campaign for the Fair Sentencing of Youth,,1319 F Street NW Suite 303,,Washington,DC,,20004,300000,to provide general support
2021,263753801,Foundation to Promote Open Society,Campaign for the Fair Sentencing of Youth,,1319 F Street NW Suite 303,,Washington,DC,,20004,87500,"to help achieve the safe and restorative decarceration of individuals serving long prison sentences in Maryland, with a focus on those who were incarcerated as youth"
2021,263753801,Foundation to Promote Open Society,Americans for Peace Now Inc,,1320 19th St NWSuite 400,,Washington,DC,,200361635,50000,to support the grantee's project to confront rising antisemitism and to curb abuse of antisemitism accusations leveled to curtail debate on Palestine/Israel issues
2021,263753801,Foundation to Promote Open Society,National Fair Housing Alliance,,1331 Pennsylvania Avenue NW Suite,,Washington,DC,,20004,200000,to provide general support
2021,263753801,Foundation to Promote Open Society,Center for American Progress,,1333 H Street NW 10th Floor,,Washington,DC,,20005,100000,to provide general support
2021,263753801,Foundation to Promote Open Society,Center for American Progress,,1333 H Street NW 10th Floor,,Washington,DC,,20005,375000,to provide general support
2021,263753801,Foundation to Promote Open Society,Center for American Progress,,1333 H Street NW 10th Floor,,Washington,DC,,20005,100000,"to support work on hurricane relief, debt sustainability, and economic prosperity for Puerto Rico"
2021,263753801,Foundation to Promote Open Society,Inclusive America,,1407 6th Street NW Apt B,,Washington,DC,,20001,250000,to provide general support
2021,263753801,Foundation to Promote Open Society,National Women's Health Network,,1413 K Street NW 4th Floor,,Washington,DC,,20005,350000,to provide general support
2021,263753801,Foundation to Promote Open Society,National Women's Health Network,,1413 K Street NW 4th Floor,,Washington,DC,,20005,300000,to support Plan C's reproductive health work
2021,263753801,Foundation to Promote Open Society,FWDus Education Fund,,1417 Corcoran Street,,Washington,DC,,20009,125000,to catalogue and provide comprehensive legal analysis of federal immigration policy
2021,263753801,Foundation to Promote Open Society,El-Hibri Foundation,,1420 16th Street NW,,Washington,DC,,20036,200000,to provide general support
2021,263753801,Foundation to Promote Open Society,AIDS United,,1424 K Street NW Suite 200,,Washington,DC,,20005,150000,to support AIDS United's Harm Reduction Policy Program
2021,263753801,Foundation to Promote Open Society,Catholics for Choice,,1436 U Street NW Suite 301,,Washington,DC,,20009,250000,to provide general support
2021,263753801,Foundation to Promote Open Society,Lawyers' Committee for Civil Rights Under Law,,1500 K Street NW9th Floor,,Washington,DC,,20005,1000000,to provide general support
2021,263753801,Foundation to Promote Open Society,Lawyers' Committee for Civil Rights Under Law,,1500 K Street NW9th Floor,,Washington,DC,,20005,250000,to support legal and public education strategies to check the outsized influence of police unions
2021,263753801,Foundation to Promote Open Society,Public Citizen Foundation,,1600 20th Street NW,,Washington,DC,,20009,130000,to provide general support
2021,263753801,Foundation to Promote Open Society,Government Accountability Project,,1612 K Street NW Suite 1100,,Washington,DC,,20006,200000,to provide general support
2021,263753801,Foundation to Promote Open Society,Asian and Pacific Islander American Vote,,1612 K Street NW Suite 510,,Washington,DC,,20006,850000,to provide general support
2021,263753801,Foundation to Promote Open Society,State Voices,,1616 P Street NW Suite 220,,Washington,DC,,20036,450000,to provide general support
2021,263753801,Foundation to Promote Open Society,Namati Inc,,1616 P Street NWSuite 101,,Washington,DC,,20036,3670000,to provide general support match and network support to Namati's organizational activities in line with the Namati Strategic Plan 2018-2022.
2021,263753801,Foundation to Promote Open Society,Asian Americans Advancing Justice - AAJC,,1620 L Street NW Suite 1050,,Washington,DC,,20036,75000,to provide general support
2021,263753801,Foundation to Promote Open Society,Knowledge Ecology International,,1621 Connecticut Avenue NW Suite 5,,Washington,DC,,20009,475000,to provide general support
2021,263753801,Foundation to Promote Open Society,Knowledge Ecology International,,1621 Connecticut Avenue NW Suite 5,,Washington,DC,,20009,150000,to provide general support
2021,263753801,Foundation to Promote Open Society,International Labor Rights Forum,,1634 I Street NW Suite 1000,,Washington,DC,,20006,200000,to provide general support
2021,263753801,Foundation to Promote Open Society,Washington Office on Latin America,,1666 Connecticut Avenue NW Suite 4,,Washington,DC,,20009,1929000,to provide general support
2021,263753801,Foundation to Promote Open Society,Washington Office on Latin America,,1666 Connecticut Avenue NW Suite 4,,Washington,DC,,20009,92500,"to build a regional movement of incarcerated and formerly incarcerated women, their family members, and their communities, and support their advocacy efforts against excessive criminalization and over-incarceration"
2021,263753801,Foundation to Promote Open Society,Death Penalty Information Center,,1701 K Street NWSuite 205,,Washington,DC,,20006,100000,to provide general support
2021,263753801,Foundation to Promote Open Society,The Sentencing Project,,1705 DeSales Street NW 8th Floor,,Washington,DC,,20036,25000,to support the Grantee's ongoing work to end adult sentencing for children and youth
2021,263753801,Foundation to Promote Open Society,Voter Registration Project,,1725 Desales Street NWSuite 650,,Washington,DC,,20036,1000000,to provide general support
2021,263753801,Foundation to Promote Open Society,Voter Registration Project,,1725 Desales Street NWSuite 650,,Washington,DC,,20036,3465000,to provide general support
2021,263753801,Foundation to Promote Open Society,Project on Middle East Democracy,,1730 Rhode Island Ave NW Suite 617,,Washington,DC,,20036,325000,to provide general support
2021,263753801,Foundation to Promote Open Society,MSI United States,,1730 Rhode Island Ave NW 807,,Washington,DC,,20036,2500000,to provide general support
2021,263753801,Foundation to Promote Open Society,The German Marshall Fund of the United States (GMF,,1744 R Street NW,,Washington,DC,,20009,200000,to support the work and growth of the Trans-Atlantic Democracy Working Group in their efforts to promote better understanding and cooperation between North America and Europe on transatlantic and global issues
2021,263753801,Foundation to Promote Open Society,National Association of System Heads,,1750 16th Street NW 31,,Washington,DC,,20009,150000,"to support the Grantee's work in increasing access to and completion of higher education for students of low-income and vulnerable populations, including migrants and refugees"
2021,263753801,Foundation to Promote Open Society,United Nations Foundation Inc,,1750 Pennsylvania Avenue NWSuite 30,,Washington,DC,,20006,300000,to support the development of a global network for supporters of the World Health Organization
2021,263753801,Foundation to Promote Open Society,The Brookings Institution,,1775 Massachusetts Avenue NW,,Washington,DC,,20036,500000,to support the Center for Sustainable Development in its research and analysis of inclusive and green debt instruments in order to further UN sustainable development goals and lessen the burdens on low-income governments
2021,263753801,Foundation to Promote Open Society,The Brookings Institution,,1775 Massachusetts Avenue NW,,Washington,DC,,20036,500000,"assess issues of accountability and scrutinize the events leading up to and on January 6, 2021, with a focus on how alleged wrongdoing could be addressed"
2021,263753801,Foundation to Promote Open Society,African Center for Economic Transformation,,1776 K Street NW Suite 200,,Washington,DC,,20006,450000,to provide general support
2021,263753801,Foundation to Promote Open Society,The National Campaign to Prevent Teen and Unplanne,,1776 Massachusetts Ave NW,,Washington,DC,,20036,150000,to provide general support
2021,263753801,Foundation to Promote Open Society,Pulitzer Center on Crisis Reporting,,1779 Massachusetts Ave NWSuite 61,,Washington,DC,,20036,250000,to provide support to the Pulitzer Center's 1619 education curriculum
2021,263753801,Foundation to Promote Open Society,Carnegie Endowment for International Peace,,1779 Massachusetts Avenue NW,,Washington,DC,,200362103,200000,to support research in Europe
2021,263753801,Foundation to Promote Open Society,Carnegie Endowment for International Peace,,1779 Massachusetts Avenue NW,,Washington,DC,,200362103,266709,"to support research, writing, and convening activities that identify nonpartisan policy solutions to issues such as climate change, digital security and human rights"
2021,263753801,Foundation to Promote Open Society,Carnegie Endowment for International Peace,,1779 Massachusetts Avenue NW,,Washington,DC,,200362103,200000,"to examine challenges related to governance, civil society, and climate change in the Middle East"
2021,263753801,Foundation to Promote Open Society,Carnegie Endowment for International Peace,,1779 Massachusetts Avenue NW,,Washington,DC,,200362103,100000,to identify pathways for diplomatic progress on a range of pressing issues
2021,263753801,Foundation to Promote Open Society,Due Process of Law Foundation,,1779 Massachusetts Avenue NW Suite,,Washington,DC,,20036,900000,to provide general support
2021,263753801,Foundation to Promote Open Society,Due Process of Law Foundation,,1779 Massachusetts Avenue NW Suite,,Washington,DC,,20036,60000,to provide general support
2021,263753801,Foundation to Promote Open Society,Due Process of Law Foundation,,1779 Massachusetts Avenue NW Suite,,Washington,DC,,20036,260000,to provide general support
2021,263753801,Foundation to Promote Open Society,Ballot Initiative Strategy Center Foundation,,1815 Adams Mill Road NW Suite 300,,Washington,DC,,20009,125000,to provide general support
2021,263753801,Foundation to Promote Open Society,Public Knowledge,,1818 N Street Suite 410,,Washington,DC,,20036,225000,to provide general support
2021,263753801,Foundation to Promote Open Society,Amalgamated Charitable Foundation,,1825 K Street NW,,Washington,DC,,20006,800000,"to support the Families and Workers Fund, a project of the grantee that works to support organizations repairing and reimagining the systems that fuel economic security, opportunity, and mobility"
2021,263753801,Foundation to Promote Open Society,Amalgamated Charitable Foundation,,1825 K Street NW,,Washington,DC,,20006,24999,to support the Return to the Heart Foundation in their work to support Indigenous Womxm bringing holistic health and healing to their communities
2021,263753801,Foundation to Promote Open Society,Amalgamated Charitable Foundation,,1825 K Street NW,,Washington,DC,,20006,101063,to uplift and include essential workers and vulnerable communities impacted by the economic fallout of Covid-19
2021,263753801,Foundation to Promote Open Society,Amalgamated Charitable Foundation,,1825 K Street NW,,Washington,DC,,20006,150000,"to support the Equis Institute, a sponsored project of the grantee that seeks to gain a better understanding of Latinx communities and invest in innovative approaches to reach and engage them"
2021,263753801,Foundation to Promote Open Society,Amalgamated Charitable Foundation,,1825 K Street NW,,Washington,DC,,20006,226263,to uplift and include essential workers and vulnerable communities impacted by the economic fallout of COVID-19
2021,263753801,Foundation to Promote Open Society,Amalgamated Charitable Foundation,,1825 K Street NW,,Washington,DC,,20006,500000,"to mobilize funders in support of building power, influence, and direct decision-making authority of communities of color and low-income communities to advance equitable and regional development"
2021,263753801,Foundation to Promote Open Society,The Arc of the United States,,1825 K Street NW Suite 1200,,Washington,DC,,20006,125000,to provide general support
2021,263753801,Foundation to Promote Open Society,Windward Fund,,1828 L St NW Suite 300C,,Washington,DC,,20036,1000000,"to educate rural, low and middle income American communities about the benefits of recently enacted federal programs and policies, and how to access them"
2021,263753801,Foundation to Promote Open Society,Hopewell Fund,,1828 L Street NW Suite 300-D,,Washington,DC,,20036,500000,"to increase the digital capacity and infrastructure of civic engagement organizations, in order to help those organizations communicate with and engage their constituencies"
2021,263753801,Foundation to Promote Open Society,Hopewell Fund,,1828 L Street NW Suite 300-D,,Washington,DC,,20036,5000000,to support litigation to prevent voter disenfranchisement and suppression
2021,263753801,Foundation to Promote Open Society,Hopewell Fund,,1828 L Street NW Suite 300-D,,Washington,DC,,20036,300000,to support Contraceptive Access Initiative's work on increasing contraceptive access in the United States
2021,263753801,Foundation to Promote Open Society,American Councils for International Education ACT,,1828 L Street NW Suite 1200,,Washington,DC,,20036,20000,to provide general support
2021,263753801,Foundation to Promote Open Society,New Venture Fund,,1828 L Street NW Suite 300 - A,,Washington,DC,,20036,250000,"to support IllumiNative, a project of the grantee working to lift up contemporary Native American voices, innovations, and contributions in order to advance justice, equity, and self-determination among Native peoples"
2021,263753801,Foundation to Promote Open Society,New Venture Fund,,1828 L Street NW Suite 300 - A,,Washington,DC,,20036,250000,"to support the Social and Economic Justice Leaders Project, which helps nonprofit organizations to better deliver for historically marginalized communities and an open society for all"
2021,263753801,Foundation to Promote Open Society,New Venture Fund,,1828 L Street NW Suite 300 - A,,Washington,DC,,20036,500000,"to support the AAPI Civic Engagement Fund, a project of the grantee that seeks to help Asian Americans and Pacific Islanders to become an integral part of strengthening multi-racial democracy in the United States"
2021,263753801,Foundation to Promote Open Society,New Venture Fund,,1828 L Street NW Suite 300 - A,,Washington,DC,,20036,4450000,"to support Governing for Impact, a project of the Grantee that conducts research on and develops thought leadership around priority public policy issues"
2021,263753801,Foundation to Promote Open Society,New Venture Fund,,1828 L Street NW Suite 300 - A,,Washington,DC,,20036,740000,"to support Media Democracy Fund, a project of the Grantee, as it works to build and defend an equitable internet"
2021,263753801,Foundation to Promote Open Society,New Venture Fund,,1828 L Street NW Suite 300 - A,,Washington,DC,,20036,1000000,"to provide support to the Community Resource Hub for Safety and Accountability, housed at the Grantee, which works to build the police reform and transformation field across the country by providing research and analysis, technical assistance and convenings for activists"
2021,263753801,Foundation to Promote Open Society,New Venture Fund,,1828 L Street NW Suite 300 - A,,Washington,DC,,20036,200000,"to support Digital Action, a project of the Grantee that works to strengthen democracy in the digital age"
2021,263753801,Foundation to Promote Open Society,New Venture Fund,,1828 L Street NW Suite 300 - A,,Washington,DC,,20036,400000,"to support the Grantee's Local Solutions Support Center, which coordinates efforts to fight state interference that erodes the ability of local governments to advance policies that promote equity, inclusion, public health, and civic participation"
2021,263753801,Foundation to Promote Open Society,New Venture Fund,,1828 L Street NW Suite 300 - A,,Washington,DC,,20036,100000,"to support the Dangerous Speech Project, a project of the Grantee that seeks to prevent violence and protect freedom of expression"
2021,263753801,Foundation to Promote Open Society,New Venture Fund,,1828 L Street NW Suite 300 - A,,Washington,DC,,20036,1000000,"to create the Community Resource Hub for Safety and Accountability's Budgeting Academy program, a year-long fellowship to train community safety advocates in how to advocate around their local municipal budgets"
2021,263753801,Foundation to Promote Open Society,New Venture Fund,,1828 L Street NW Suite 300 - A,,Washington,DC,,20036,250000,"to provide support to the Community Resource Hub for Safety and Accountability, a resource hub housed at the Grantee, for work around the education and strategy regarding police unions"
2021,263753801,Foundation to Promote Open Society,New Venture Fund,,1828 L Street NW Suite 300 - A,,Washington,DC,,20036,1000000,"to provide support to the Community Resource Hub for Safety and Accountability, housed at the Grantee, which works to build the police reform and transformation field across the country by providing research and analysis, technical assistance and convenings for activists"
2021,263753801,Foundation to Promote Open Society,New Venture Fund,,1828 L Street NW Suite 300 - A,,Washington,DC,,20036,250000,"to support Next Century Cities, a fiscally sponsored project of the Grantee that works with cities across the United States to ensure residents have affordable, high-speed, and reliable internet access"
2021,263753801,Foundation to Promote Open Society,Center for Civilians in Conflict,,1828 L Street NW Suite 1050,,Washington,DC,,20036,200000,to provide general support
2021,263753801,Foundation to Promote Open Society,Just Vision Inc,,1835 7th Street NW 110,,Washington,DC,,20001,100000,to provide general support
2021,263753801,Foundation to Promote Open Society,Eurasia Foundation,,1900 K Street NW Suite 615,,Washington,DC,,20006,130000,to provide general support
2021,263753801,Foundation to Promote Open Society,National Legal Aid and Defender Association,,1901 Pennsylvania Avenue NW Suite,,Washington,DC,,20006,25000,to support Black Public Defender Association's Roundtable for Racial Equity Initiative
2021,263753801,Foundation to Promote Open Society,Friends of the American University of Afghanistan,,1901 Pennsylvania Avenue NW Suite,,Washington,DC,,20006,283800,to support friends of Afghanistan in influencing policy making towards Afghanistan
2021,263753801,Foundation to Promote Open Society,Friends of the American University of Afghanistan,,1901 Pennsylvania Avenue NW Suite,,Washington,DC,,20006,60500,to support Alliance in Support of the Afghan People's advocacy for Afghanistan in a post peace scenario
2021,263753801,Foundation to Promote Open Society,Detention Watch Network,,1915 I St NW Suite 800,,Washington,DC,,20006,300000,to provide general support
2021,263753801,Foundation to Promote Open Society,Faith in Public Life,,1990 M Street NW Suite 740,,Washington,DC,,20036,131143,to provide general support
2021,263753801,Foundation to Promote Open Society,Faith in Public Life,,1990 M Street NW Suite 740,,Washington,DC,,20036,200000,to provide general support
2021,263753801,Foundation to Promote Open Society,Women Enabled International,,200 Massachusetts Ave NW 700,,Washington,DC,,20001,125000,to provide general support
2021,263753801,Foundation to Promote Open Society,Grassroots Global Justice Alliance,,2000 14th St NW Ste 104 73768,,Washington,DC,,20056,100000,to provide general support
2021,263753801,Foundation to Promote Open Society,Center for International Policy,,2000 M Street NW Suite 720,,Washington,DC,,20036,500000,to provide general support
2021,263753801,Foundation to Promote Open Society,Democracy 21 Education Fund,,2000 Massachusetts Ave NW,,Washington,DC,,20036,65000,to provide general support
2021,263753801,Foundation to Promote Open Society,Protect Democracy Project,,2020 Pennsylvania Ave NW Suite 163,,Washington,DC,,20006,200000,to provide general support
2021,263753801,Foundation to Promote Open Society,Latin America Working Group Education Fund,,2029 P Street NW Suite 301,,Washington,DC,,20036,250000,to provide general support
2021,263753801,Foundation to Promote Open Society,Just Associates Inc,,2040 S Street NW Third Floor,,Washington,DC,,20009,150000,to provide general support
2021,263753801,Foundation to Promote Open Society,Just Associates Inc,,2040 S Street NW Third Floor,,Washington,DC,,20009,235000,to provide general support
2021,263753801,Foundation to Promote Open Society,National Council of Jewish Women,,2055 L Street NW Suite 650,,Washington,DC,,20036,200000,to provide general support
2021,263753801,Foundation to Promote Open Society,The Aspen Institute Inc,,2300 N St NWSuite 700,,Washington,DC,,20037,100000,"to support the grantee's Center for Native American Youth, a national educational organization that works alongside Native youth across the United States to improve their health, safety, and overall wellbeing"
2021,263753801,Foundation to Promote Open Society,The Aspen Institute Inc,,2300 N St NWSuite 700,,Washington,DC,,20037,200000,"to provide programmatic support for the Aspen New Voices Fellowship for 2021-22, which aims to increase the global visibility and influence of expert voices from Africa, Asia and Latin America contributing to the global discussion on development, including health and social justice"
2021,263753801,Foundation to Promote Open Society,The Aspen Institute Inc,,2300 N St NWSuite 700,,Washington,DC,,20037,50000,"to provide programmatic support for the Aspen New Voices Fellowship, which aims to increase the global visibility and influence of expert voices from Africa, Asia and Latin America contributing to the global discussion on development, including health and social justice"
2021,263753801,Foundation to Promote Open Society,Abdorrahman Boroumand Center for Human Rights In I,,3220 N Street NW Suite 357,,Washington,DC,,20007,200000,to provide general support
2021,263753801,Foundation to Promote Open Society,Abdorrahman Boroumand Center for Human Rights In I,,3220 N Street NW Suite 357,,Washington,DC,,20007,183333,"to provide, in collaboration with HRI, general support for three years to promote human rights and democracy in Iran, with a particular emphasis on due process and the right to life"
2021,263753801,Foundation to Promote Open Society,National Religious Campaign Against Torture,,337 North Carolina Ave SE,,Washington,DC,,20003,100000,"to renew support for the Grantee's Shoulder-to-Shoulder Campaign, a national multi-faith coalition dedicated to engaging faith communities to combat anti-Muslim sentiment"
2021,263753801,Foundation to Promote Open Society,National Religious Campaign Against Torture,,337 North Carolina Ave SE,,Washington,DC,,20003,120000,to provide general support
2021,263753801,Foundation to Promote Open Society,Training Grounds Inc,,3526 Stanton Rd SE,,Washington,DC,,20020,10000,"to support Life After Release, a fiscally-sponsored project of the Grantee, to engage in outreach and education to reduce the number of youth impacted at all levels by Maryland's juvenile justice system"
2021,263753801,Foundation to Promote Open Society,Georgetown University,,37th and O Street NWReiss Science,,Washington,DC,,200571168,389059,"to support Georgetown Institute for Women, Peace and Security's work on Afghanistan"
2021,263753801,Foundation to Promote Open Society,Georgetown University,,37th and O Street NWReiss Science,,Washington,DC,,200571168,200000,to support research and analysis that explores new thinking on progressive foreign policy and trains a new generation of research practitioners
2021,263753801,Foundation to Promote Open Society,Georgetown University,,37th and O Street NWReiss Science,,Washington,DC,,200571168,150000,to support the Center on National Security and the Law's pilot innovation project to support the development of new ideas to understand and respond to technological changes that impact people's basic rights
2021,263753801,Foundation to Promote Open Society,Sojourners,,408 C Street NE,,Washington,DC,,20002,500000,"to launch a leadership development initiative for Black, Indigenous, and people of color (BIPOC) faith leaders"
2021,263753801,Foundation to Promote Open Society,American University,,4400 Massachusetts Avenue NW,,Washington,DC,,20016,55000,to run a series of workshops for creative content producers on human rights in Venezuela
2021,263753801,Foundation to Promote Open Society,American University,,4400 Massachusetts Avenue NW,,Washington,DC,,20016,800000,to support faculty from universities in the global south in preparing and launching graduate courses on gender analysis in economics in their home universities
2021,263753801,Foundation to Promote Open Society,American University,,4400 Massachusetts Avenue NW,,Washington,DC,,20016,155023,to run a series of workshops for creative content producers on human rights in Venezuela
2021,263753801,Foundation to Promote Open Society,National Democratic Institute for International Af,,455 Massachusetts Avenue NW 8th Fl,,Washington,DC,,200012621,600000,"to support grantee's work in northern triangle, which aims to promote openness and accountability in government by building civic organizations, safeguarding elections, and promoting citizen participation"
2021,263753801,Foundation to Promote Open Society,Collective Action for Safe Spaces,,455 Massachusetts Avenue PMB 346,,Washington,DC,,20001,145000,to provide general support
2021,263753801,Foundation to Promote Open Society,InSight Crime Inc,,4801 Massachusetts Ave NW,,Washington,DC,,20016,170000,to provide general support
2021,263753801,Foundation to Promote Open Society,Universities Allied for Essential Medicines Corp,,641 S Street NW,,Washington,DC,,20001,175000,to provide general support
2021,263753801,Foundation to Promote Open Society,Black Women Forward,,700 13th Street NW Suite 800,,Washington,DC,,20005,1000000,to provide general support
2021,263753801,Foundation to Promote Open Society,New America Foundation,,740 15th Street NW Suite 900,,Washington,DC,,20005,750000,"to support the grantee's New Practice Lab, which conducts research and policy analysis on family economic security and wellbeing"
2021,263753801,Foundation to Promote Open Society,New America Foundation,,740 15th Street NW Suite 900,,Washington,DC,,20005,150000,"to support research and analysis that re-thinks international economics, diversifies thought leadership in the fields of trade and economic development, and advances a more equitable international economic architecture"
2021,263753801,Foundation to Promote Open Society,New America Foundation,,740 15th Street NW Suite 900,,Washington,DC,,20005,200000,"to support the Grantee's Open Technology Institute, which promotes affordable, universal access to open communications networks"
2021,263753801,Foundation to Promote Open Society,Working America Education Fund,,815 16th Street NW,,Washington,DC,,20006,200000,to provide general support
2021,263753801,Foundation to Promote Open Society,Working America Education Fund,,815 16th Street NW,,Washington,DC,,20006,1200000,to realize meaningful economic gains for low-income working Americans and to create a rights-based framework for global sporting events
2021,263753801,Foundation to Promote Open Society,Alliance for Youth Organizing,,915 5th St NW,,Washington,DC,,20001,100000,"to support the Grantee's fiscally sponsored program, MOVE Texas Civic Fund, to educate, train, and support the leadership development of young students of color in civic engagement and issue advocacy on issues facing their community in order to educate them on how they can best participate in addressing those issues"
2021,263753801,Foundation to Promote Open Society,National Security Archive Fund Inc,,Gelman Library 2130 H Street NW S,,Washington,DC,,20037,300000,to provide general support
2021,263753801,Foundation to Promote Open Society,Center for Health and Gender Equity Inc,,PO Box 14500,,Washington,DC,,20044,200000,to provide general support
2021,263753801,Foundation to Promote Open Society,Education for Just Peace in the Middle East,,PO Box 3609,,Washington,DC,,20027,150000,to provide general support
2021,263753801,Foundation to Promote Open Society,Autistic Self Advocacy Network,,PO Box 66122,,Washington,DC,,20035,230000,to provide general support
2021,263753801,Foundation to Promote Open Society,Autistic Self Advocacy Network,,PO Box 66122,,Washington,DC,,20035,103500,to provide general support
2021,263753801,Foundation to Promote Open Society,Capital Litigation Communications Project,,Squire Patton Boggs LLP 2550 M St,,Washington,DC,,20037,250000,"to provide support to death penalty attorneys on raising public awareness of concerns related to the death penalty, through strategic placement of case-related media stories"
2021,263753801,Foundation to Promote Open Society,Social Security Works Education Fund,,1440 G St NW,,Washington DC,DC,,20005,150000,to provide general support
2021,263753801,Foundation to Promote Open Society,Promundo-US,,1367 Connecticut Ave NW Suite 310,,Washington DC,DC,,20036,82348,"to enable Promundo to test, innovate and improve programming models for male caregivers and young children, with the intent of reducing men's violence, improving gender equity, and improving the quality of parent-child interactions"
2021,263753801,Foundation to Promote Open Society,Open Markets Institute,,1440 G St NW,,Washington DC,DC,,20005,100000,to educate stakeholders on how powerful internet platforms impact competitive markets and democracy
2021,263753801,Foundation to Promote Open Society,Open Government Partnership Secretariat,,1100 13th Street NW 800,,Washington DC,DC,,20005,1450000,to provide general support
2021,263753801,Foundation to Promote Open Society,Open Government Partnership Secretariat,,1100 13th Street NW 800,,Washington DC,DC,,20005,2181600,to provide general support
2021,263753801,Foundation to Promote Open Society,Jobs with Justice Education Fund,,1150 Connecticut Avenue NW Suite 2,,Washington DC,DC,,20036,2525000,"to launch a national campaign to improve the working conditions of Amazon workers, who are primarily marginalized and low-income workers, and to educate the public about the issues"
2021,263753801,Foundation to Promote Open Society,Center for Inclusive Policy,,1450 Church Street NW Unit 602,,Washington DC,DC,,20005,200000,to provide general support
2021,263753801,Foundation to Promote Open Society,Community Change,,1536 U Street NW,,Washington DC,DC,,20009,500000,to strengthen implementation of federal policies for working Americans through partnerships with worker organizations
2021,263753801,Foundation to Promote Open Society,Community Change,,1536 U Street NW,,Washington DC,DC,,20009,56870,"to develop new substantive visions for immigration policy, through a partnership between academics and frontline movement leaders"
2021,263753801,Foundation to Promote Open Society,Community Change,,1536 U Street NW,,Washington DC,DC,,20009,500000,to provide general support
2021,263753801,Foundation to Promote Open Society,Justice Without Borders,,4615 Sedgwick Street NW,,Washington DC,WA,,20016,150000,to provide general support
2021,263753801,Foundation to Promote Open Society,Middle East Policy Network,,POB 9613,,Washington DC,DC,,20016,200000,to provide general support
2021,263753801,Foundation to Promote Open Society,Open Contracting Partnership,,1100 13th Street NW Suite 800,,Washington DC,DC,,20005,100000,to provide general support
2021,263753801,Foundation to Promote Open Society,The Education Trust,,1250 H Street NW Suite 700,,Washington DC,DC,,20005,100000,to provide general support
2021,263753801,Foundation to Promote Open Society,Communication First,,1629 K Street NW Suite 300,,Washington DC,DC,,20006,55000,to provide general support
2021,263753801,Foundation to Promote Open Society,Colby College,,4200 Mayflower Hill,,Waterville,ME,,04901,25000,to support the Grantee's Drug Policy Lab
2021,263753801,Foundation to Promote Open Society,National Hispanic Media Coalition,,12825 Philadelphia St Suite C,,Whittier,CA,,90601,100000,to provide general support
2021,263753801,Foundation to Promote Open Society,The Inclusivity Project,,251 Little Falls Drive,,Wilmington,DE,,19808,150000,"to bring together thought leaders, influencers and activists to learn about successful strategies for pro-democracy and human rights successes in the current environment"
2021,263753801,Foundation to Promote Open Society,Foundation for Excellence in Mental Health Care I,,8532 SW Saint Helens Dr Ste 250,,Wilsonville,OR,,97070,300000,to provide general support
2021,263753801,Foundation to Promote Open Society,AC Caracas mi Convive,,Av Venezuela,,Caracas,,VE,1060,600000,to support the implementation of violence prevention initiatives in communities of Caracas with high levels of violence
2021,263753801,Foundation to Promote Open Society,Access Foundation,,Urbanizacion Buenos Aires casa 23,,San Jose,,CS,-,70000,to provide general support
2021,263753801,Foundation to Promote Open Society,Accountability Now,,Grand-Places 14,,Fribourg,,SZ,1700,75000,to support anti-corruption investigations in order to improve accountability for the Lebanese people
2021,263753801,Foundation to Promote Open Society,Actionaid South Africa,,no 158 Jan Smuts Road Rosebank,,no Jan Smuts AvenueRosebank,,SF,1609,95000,to provide general support
2021,263753801,Foundation to Promote Open Society,Adalah - The Legal Center for Arab Minority Rights,,Yaffa Street 94 PO Box 8921,,Haifa,,IS,3109001,200000,"to support legal representation, advice, and training for Palestinians in Israel"
2021,263753801,Foundation to Promote Open Society,Addis Ababa University,,Arada Sub City,,Addis Ababa,,ET,150131,170000,"to support the Grantee's Institute for Peace and Security Studies to generate and deepen African knowledge about African peace and security through education; professional development; and research to advance conflict prevention, management, resolution and peace building"
2021,263753801,Foundation to Promote Open Society,Aelle Il Punto Societa Cooperativa Sociale Onlus,,Via Barbarano Romano 6,,Rome,,IT,00189,207727,to provide general support
2021,263753801,Foundation to Promote Open Society,AFRI-EUROTEXT,,Jedlersdorfer Street 99/16/14,,Vienna,,AU,A-1210,100000,to provide general support
2021,263753801,Foundation to Promote Open Society,Africa Advocacy Foundation,,76 Elmer RoadCatford,,London,,UK,SE6 2ER,340000,to provide general support
2021,263753801,Foundation to Promote Open Society,Africa Centre for Open Governance (AfriCOG),,Kabarsiran Avenue off James Gichur,,Nairobi,,KE,00100,68350,to examine the manifestations and impact of state capture in selected African countries in order to develop a shared understanding and raised awareness of both
2021,263753801,Foundation to Promote Open Society,Africa Health Budget Initiative,,No 9 Berbera Street Wuse Zone 6,,Abuja,,NI,900281,72000,to provide general support
2021,263753801,Foundation to Promote Open Society,African Artists' Foundation,,3b Isiola Oyeken Close Off Adeleke,,Victoria Island Lagos,,NI,3b Isiola Oyeka,300000,to provide general support
2021,263753801,Foundation to Promote Open Society,African Culture Fund,,Sogoniko Rue 80 Porte 186,,Bamako,,ML,-,187003,"to support Grantee's charitable programs, which aim to promote and develop of African culture and art"
2021,263753801,Foundation to Promote Open Society,African Development Solutions,,PO Box 70331-00400,,Nairobi,,KE,70331 -00400,285000,to provide general support
2021,263753801,Foundation to Promote Open Society,African Development Solutions,,PO Box 70331-00400,,Nairobi,,KE,70331 -00400,74000,to support Adeso health work
2021,263753801,Foundation to Promote Open Society,African Policing Civilian Oversight Forum,,Suite 103- 105A Building 17 The Wa,,Cape Town,,SF,7925,175000,to provide general support
2021,263753801,Foundation to Promote Open Society,African Policing Civilian Oversight Forum,,Suite 103- 105A Building 17 The Wa,,Cape Town,,SF,7925,200000,to provide general support
2021,263753801,Foundation to Promote Open Society,African School of Economics,,Abomey-Calavi Arconville Route de,,AbomeyCalavi,,BN,02 BP 372,200023,"to support the development of the Pan-African Scientific Research Council (PASRC), a platform for sharing knowledge and developing collaborative research initiatives among African scientists from a range of disciplines"
2021,263753801,Foundation to Promote Open Society,African Sex Workers Alliance,,Office Number 12 Second floor Jogoo,,Nairobi,,KE,00300,110000,to provide general support
2021,263753801,Foundation to Promote Open Society,African Sex Workers Alliance,,Office Number 12 Second floor Jogoo,,Nairobi,,KE,00300,56400,to support the African Sex Workers Alliance to build a strategy process that meaningfully includes its membership
2021,263753801,Foundation to Promote Open Society,African Union,,P O Box 3243,,Addis Ababa,,ET,-,200000,to strengthen the capacity of the Grantee's Department of Rural Economy and Agriculture and Regional Economic Communities to advance intra-Africa Trade in Agricultural commodities and Services through the Africa free Continental Free Trade Agreement (AfCFTA)
2021,263753801,Foundation to Promote Open Society,African Women's Development and Communications Net,,PO Box 54562,,Nairobi,,KE,00200,400000,to provide general support
2021,263753801,Foundation to Promote Open Society,Afro-Colombian Pastoral Center Corporation - CEPAC,,Calle 67 no 14 A-26 Chapinero,,Bogota DC,,CO,110231,200000,to provide general support
2021,263753801,Foundation to Promote Open Society,AHEL for Training,,PO Box 950654,,Amman,,JO,,200000,to provide general support
2021,263753801,Foundation to Promote Open Society,AHEL for Training,,PO Box 950654,,Amman,,JO,,90000,"to educate, train, and mentor community-led campaigns as a means building the resilience of civil society in the MENA region"
2021,263753801,Foundation to Promote Open Society,Airwars,,37 Laurie GroveGoldsmiths Universi,,London,,UK,SE14 6NH,38000,to support data collection as a means of documenting civilian harm in Gaza and Israel during the May 2021 attacks
2021,263753801,Foundation to Promote Open Society,Airwars,,37 Laurie GroveGoldsmiths Universi,,London,,UK,SE14 6NH,100000,to provide general support
2021,263753801,Foundation to Promote Open Society,Al-Bawsala,,16 Rue de Syrie Epi Centre Bloc C,,Tunis,,TS,1000,200000,to provide general support
2021,263753801,Foundation to Promote Open Society,Al-Haq,,54 Main Street 2nd 3rd Fl - Opp,,Ramallah,,OC,,275000,to provide general support
2021,263753801,Foundation to Promote Open Society,Al Khatt,,16 bis Rue Alphonse Laveran,,Tunis,,TS,1002,100000,"to support quality online journalism, and specifically good practices of investigative journalism and data visualization"
2021,263753801,Foundation to Promote Open Society,Al Mezan Center For Human Rights,,5/102-1 Al Mena Omar El-Mukhtar St,,Gaza,,OC,00972,110000,to support the grantee in monitoring and documenting human rights and International Humanitarian Law violations in the Gaza Strip
2021,263753801,Foundation to Promote Open Society,Al Qaws for Sexual & Gender Diversity in Palestini,,PO Box 1616,,Jerusalem,,IS,0000,60000,to provide general support
2021,263753801,Foundation to Promote Open Society,Alliance Against Traffic in Women Foundation,,191/41 Sivalai Condominium Itsarap,,Bankokyai,,TH,10600,125000,to increase knowledge and contribute to a critical analysis and debate about human trafficking and labor exploitation
2021,263753801,Foundation to Promote Open Society,American University of Central Asia,,7/6 Aaly Tokombaev Street,,Bishkek,,KG,720060,843500,"to support students from Central Asian countries with scholarships and provide program support for AUCA's liberal arts activities, student mobility, and faculty and student research"
2021,263753801,Foundation to Promote Open Society,Amnesty International Ireland,,Amnesty International IrelandSean M,,Dublin,,EI,2,200000,to provide general support
2021,263753801,Foundation to Promote Open Society,Amnesty International Ireland,,Amnesty International IrelandSean M,,Dublin,,EI,2,200000,to provide general support
2021,263753801,Foundation to Promote Open Society,Amnesty International Limited,,Peter Benenson House 1 Easton Stre,,London,,UK,WC1X ODW,110690,to implement a one-year fellowship program on international Justice for young African practitioners and scholars
2021,263753801,Foundation to Promote Open Society,Amnesty International Limited,,Peter Benenson House 1 Easton Stre,,London,,UK,WC1X ODW,300000,"to engage and empower rights-holders, particularly in the global south, to hold East Asia countries' activities in their regions accountable through research, community awareness raising, and education"
2021,263753801,Foundation to Promote Open Society,Amnesty International Limited,,Peter Benenson House 1 Easton Stre,,London,,UK,WC1X ODW,1000000,"to support Amnesty International to grow by 2020 the number of its supporters taking action for human rights to 25 million and its international members and supporters to 2,250,000."
2021,263753801,Foundation to Promote Open Society,Ana Liffey Drug Project,,48 Middle Abbey Street,,Dublin,,EI,,105000,to provide general support
2021,263753801,Foundation to Promote Open Society,Anis - Instituto de Bioetica Direitos Humanos e G,,CLSW 304 Bloco B Sala 134,,Brasilia,,BR,70673-632,200000,to provide general support
2021,263753801,Foundation to Promote Open Society,Anti-Racism Movement,,7th FloorAl Hammoud Building Sadat,,Beirut,,LE,,500000,to provide general support
2021,263753801,Foundation to Promote Open Society,ARA ART zs,,Sazavska 751/16,,Prague,,EZ,,70000,to provide general support
2021,263753801,Foundation to Promote Open Society,Arab Council for the Social Sciences,,Alamuddin Bldg 2nd FloorJohn Kenn,,Beirut,,LE,,85000,to map and analyze scholarly research conducted on gender and women in the Arab region
2021,263753801,Foundation to Promote Open Society,Arab Council for the Social Sciences,,Alamuddin Bldg 2nd FloorJohn Kenn,,Beirut,,LE,,115000,to support the advancement of gender research in the MENA region in response to current needs and priorities
2021,263753801,Foundation to Promote Open Society,Arab Council for the Social Sciences,,Alamuddin Bldg 2nd FloorJohn Kenn,,Beirut,,LE,,100000,"to incubate a new generation of social scientists capable of, and committed to, conducting research for social change, developing and teaching critical approaches to social issues and building new institutions and infrastructures for knowledge production in the MENA region"
2021,263753801,Foundation to Promote Open Society,Arab Fund for Art and Culture (AFAC),,Charles Aoun Building Sursock Stre,,Beirut,,LE,135290,300000,to provide general support
2021,263753801,Foundation to Promote Open Society,Arab Reform Initiative,,10 Rue des Bluets,,Paris,,FR,75011,250000,to support emerging Lebanese diasporic initiatives in pursuit of accountability
2021,263753801,Foundation to Promote Open Society,Arab Reform Initiative,,10 Rue des Bluets,,Paris,,FR,75011,60000,to build a digital archive documenting recent historical events
2021,263753801,Foundation to Promote Open Society,Arab Reform Initiative,,10 Rue des Bluets,,Paris,,FR,75011,300000,to provide general support
2021,263753801,Foundation to Promote Open Society,Archives du Savoir Feministe Intersectionnel,,8 Rue Georges Sach,,Paris,,FR,75014,25000,to support writing groups and events to strengthen regional and transnational feminist networks and knowledge which will address challenges related to gender and sexuality
2021,263753801,Foundation to Promote Open Society,Arika Heavy Industries CIC,,311 Cowgate,,Edinburgh EH NA,,OC,,45000,to provide general support
2021,263753801,Foundation to Promote Open Society,Arlenica Arte Lenguage e Investigacion para el C,,Roberto Gayol No 55 No Interior,,Mexico City,,MX,03100,40000,to provide general support
2021,263753801,Foundation to Promote Open Society,Article 19,,Sayer Vincent Invicta House 108-1,,London Greater London,,UK,EC1Y 0TL,252000,to provide general support
2021,263753801,Foundation to Promote Open Society,Article 19,,Sayer Vincent Invicta House 108-1,,London Greater London,,UK,EC1Y 0TL,150000,to provide general support
2021,263753801,Foundation to Promote Open Society,Article 19,,Sayer Vincent Invicta House 108-1,,London Greater London,,UK,EC1Y 0TL,50000,to support research and advocacy work on freedom of expression and online resilience
2021,263753801,Foundation to Promote Open Society,Article 19 Tunisia,,Centre Galaxie 2000 Bureau 3 5eme,,Tunis,,TS,1002,75000,to provide general support
2021,263753801,Foundation to Promote Open Society,Ashkal Alwan The Lebanese Association for the Pla,,Jisr El Wati Street 90Building 110,,Beirut,,LE,2066-8421,100000,to provide general support
2021,263753801,Foundation to Promote Open Society,Asia Democracy Network,,100 Cheonggyecheonro Junggu Signa,,Seoul,,KS,04542,175000,to provide general support
2021,263753801,Foundation to Promote Open Society,Asia Indigenous Peoples Pact Foundation,,112 Moo 1 Tambon San Phranet Amph,,Chiang Mai,,TH,50210,75000,to provide general support
2021,263753801,Foundation to Promote Open Society,Asociacin Ambiente y Sociedad,,Calle 19 3-50 Office 1401,,Bogota,,CO,,400000,to provide general support
2021,263753801,Foundation to Promote Open Society,Asociacion Centro de Capacitacion y Promocion de l,,Reparto Lisboa Calle el Algodon N,,San Salvador,,ES,101010000T,701375,to provide general support
2021,263753801,Foundation to Promote Open Society,Asociacin Civil Colectiva Feminista La Revuelta,,851 - CP 8300,,Perito Moreno,,AR,-,100000,to provide general support
2021,263753801,Foundation to Promote Open Society,Asociacin Civil Colectiva Feminista La Revuelta,,851 - CP 8300,,Perito Moreno,,AR,-,100000,to provide general support
2021,263753801,Foundation to Promote Open Society,Asociacion Civil Dialogos,,0 Calle 16-26 Zona 15 Colonia El M,,Guatemala City,,GT,01015,72500,to provide general support
2021,263753801,Foundation to Promote Open Society,ASOCIACION CIVIL PRO AMNISTIA,,Paraguay 1178 piso 10,,Ciudad Autnoma de Buenos Aires,,AR,C1057AAQ,100000,to provide general support
2021,263753801,Foundation to Promote Open Society,Asociacion Civil Transparencia,,Av Arnaldo Marquez No 2277,,Lima,,PE,11,250000,to provide general support
2021,263753801,Foundation to Promote Open Society,Asociacion Cultural Azoro,,Calle Las Palmas 144 San Benito,,San Salvador,,ES,0000,40000,to support a platform to respond to gender violence and generate dialogue and actions aimed at social change to eliminate violence against women
2021,263753801,Foundation to Promote Open Society,Asociacion de Vecinos Granjas de San Pablo ASOVEG,,Carrera 12 J 33 - 26 Sur,,Bogota,,CO,,25000,to provide general support
2021,263753801,Foundation to Promote Open Society,Asociacion de Vecinos Granjas de San Pablo ASOVEG,,Carrera 12 J 33 - 26 Sur,,Bogota,,CO,,24500,to support the grantee's work on harm reduction and prevention with young people in peripheral neighborhood of Bogota
2021,263753801,Foundation to Promote Open Society,Asociacion Juvenil GatoEncerrado Media,,Colonia Yumuri avenida Mayar 2,,San Salvador,,ES,cp1101,75000,to support independent journalism in El Salvador
2021,263753801,Foundation to Promote Open Society,Asociacion Por Una Vida Digna,,Ruta 4 6-63 zona 4,,Guatemala City,,GT,01004,45000,to support the design and implementation of an evidence-based homicide reduction strategy
2021,263753801,Foundation to Promote Open Society,Asociacion Probienestar de la Familia Colombiana (,,Calle 34 - 14-52,,Bogota,,CO,0000,200000,to provide general support
2021,263753801,Foundation to Promote Open Society,Asociacion Venezolanos en Barranquilla,,Cra 64b 96a28,,Barranquilla,,CO,,80000,"to strengthen the Grantee and other civil society organizations, led by migrants from Venezuela, working on addressing displacement"
2021,263753801,Foundation to Promote Open Society,Asociatia pentru Promovarea Artelor Contemporane (,,B-dul Dinicu Golescu nr 31 bl 1 sc,,Bucharest,,RO,-,130000,to provide general support
2021,263753801,Foundation to Promote Open Society,Associacao Artigo 19 Brasil,,Avenida Ipiranga 344 conj 71 ABCD -,,Sao Paulo,,BR,01046-010,400000,to provide general support
2021,263753801,Foundation to Promote Open Society,Associao Azmina,,R Santa Isabel 160 8th floor - V,,Sao Paulo,,BR,01221-010,15000,"to provide flexible organizational support to AzMina, a young Brazilian feminist media organization working to educate the public and change cultural norms around gender inequality in Brazil"
2021,263753801,Foundation to Promote Open Society,Associacao Brasileira Interdisciplinar de AIDS,,Av Presidente Vargas 446 - 13 an,,Rio de Janeiro,,BR,20071-907,60000,to provide general support
2021,263753801,Foundation to Promote Open Society,Associacao Casa Fluminense,,Avenue Presidente Vargas 502 16th,,Rio de Janeiro,,BR,20071-000,380000,to provide general support
2021,263753801,Foundation to Promote Open Society,Associacao Direitos Humanos em Rede,,Av Paulista 575 19 floor,,Sao Paulo,,BR,01311-000,1000000,to support Grantee's charitable and educational activities
2021,263753801,Foundation to Promote Open Society,Associacao Livres,,Marques de Olinda 174,,Recife,,BR,,50000,"to support training and debate among community leaders in Brazil's Northeast in order to advocate for a more tolerant, liberal democracy"
2021,263753801,Foundation to Promote Open Society,Associacao Redes de Desenvolvimento da Mare,,R Srg Silva Nunes 1012 - Nova Ho,,Rio de Janeiro,,BR,"RJ, 21044-242",238500,to provide general support
2021,263753801,Foundation to Promote Open Society,Associacao Terra e Liberdade,,Rua Araujo 124 - Vila Buarque Ins,,So Paulo,,BR,01220-020,100000,to support news articles and analysis to inform Brazilian and international audiences about the country's agribusiness sector
2021,263753801,Foundation to Promote Open Society,Associacao Transparencia e Integridade,,Rua Doutor Virglio de Carvalho Pin,,So Paulo,,BR,05415030,200000,to provide general support
2021,263753801,Foundation to Promote Open Society,Association Cabiria,,Association CABIRIA5 quai Andre Las,,Lyon Cedex,,FR,69203,25000,to provide general support
2021,263753801,Foundation to Promote Open Society,Association de Lutte Contre le SIDA (ALCS),,Rue Salim Cherkaoui Quartier des h,,Casablanca,,MO,20100,100000,to provide general support
2021,263753801,Foundation to Promote Open Society,Association for Safer Drug Policies,,Skippergata 14,,Oslo,,NO,0152,200000,to provide general support
2021,263753801,Foundation to Promote Open Society,Association for Women's Rights in Development,,215 Spadina Avenue Suite 225,,Toronto,,CA,M5T 2C7,250000,to provide general support
2021,263753801,Foundation to Promote Open Society,Association Mosaico-Action for Refugees,,Corso Vittorio Emanule II 23,,Torino,,IT,10144,50000,to provide general support
2021,263753801,Foundation to Promote Open Society,Association of Roma Novi Becej,,Djure Jaksica 29,,Novi Becej,,RI,23272,50000,to provide general support
2021,263753801,Foundation to Promote Open Society,Association of Roma Novi Becej,,Djure Jaksica 29,,Novi Becej,,RI,23272,30000,to provide general support
2021,263753801,Foundation to Promote Open Society,Association Racines AISBL,,40 Bd de la Cambre,,Brussels,,BE,1000,100000,to provide general support
2021,263753801,Foundation to Promote Open Society,Association Sherpa,,80 Quai de Jemmapes,,Paris,,FR,75010,100000,to provide general support
2021,263753801,Foundation to Promote Open Society,Association Thirst for Life,,11 Geral Kiril Botev Str,,Sliven,,BU,8800,165000,to provide general support
2021,263753801,Foundation to Promote Open Society,Associazione Crossing Dialogues,,via Trapani 20,,Rome,,IT,00161,80000,to provide general support
2021,263753801,Foundation to Promote Open Society,Ayuda Legal Puerto Rico,,465 Ave Hostos,,San Juan,,RQ,00919,30000,"to provide support to Defend PR Media, a fiscally sponsored project of the Grantee, to document the Climate Justice movement in Puerto Rico"
2021,263753801,Foundation to Promote Open Society,Ayuda Legal Puerto Rico,,465 Ave Hostos,,San Juan,,RQ,00919,100000,to support a community based legal empowerment strategy in communities devastated by Climate disaster in Puerto Rico
2021,263753801,Foundation to Promote Open Society,B'tselem the Israeli Information Center for Human,,PO Box 53132,,Jerusalem,,IS,9153002,140000,to support B'Tselem's 2019-2021 strategy aimed at promoting the protection of human rights in the Occupied Palestinian Territories (OPT)
2021,263753801,Foundation to Promote Open Society,BAMKO-CRAN,,43 rue de la Longue Haie,,Brussels,,BE,1000,100000,to provide general support
2021,263753801,Foundation to Promote Open Society,Basic Needs Basic Rights Kenya,,Mai Mahiu Road House No 21 PO,,Nairobi,,KE,00100,80000,to provide general support
2021,263753801,Foundation to Promote Open Society,BCSicletos Colectivo de Ciclismo Urbano AC,,Callejon topete 93 El Manglito,,La Paz,,MX,23060,20000,"to support a series of trainings, meetings, and workshops in an effort to engage citizens and improve air quality in Baja California, Mexico"
2021,263753801,Foundation to Promote Open Society,Berlin Biennale for Contemporary Art,,Auguststrae 69 10117,,Berlin,,GM,-,200000,to support an experimental and international platform for contemporary art and cultural production that creates discourse and interrogation of global issues
2021,263753801,Foundation to Promote Open Society,Beyond the Rainbow Foundation,,3rd Floor 105 Poeun-ro Mapo-gu,,Seoul,,KS,-,120000,to provide general support
2021,263753801,Foundation to Promote Open Society,Bhekisisa Development Media NPC,,Metal Box 4th Floor 25 Owl Street,,Johannesburg,,SF,,131063,"to enhance the quality of media coverage of health systems, including universal healthcare, in Africa with a particular focus in South Africa"
2021,263753801,Foundation to Promote Open Society,Birzeit University,,PO Box 14,,Birzeit,,OC,,177000,to provide support for the expansion and consolidation of the Interdisciplinary Ph.D. program in the social sciences at Birzeit University
2021,263753801,Foundation to Promote Open Society,Birzeit University,,PO Box 14,,Birzeit,,OC,,175350,"to support the Women's Studies Institutes' academic training and research on women's rights in Palestine and bridging the gap between scholarly research and activism, with a focus on producing participatory community-based knowledge on gender and development issues"
2021,263753801,Foundation to Promote Open Society,Bizchut the Israel Human Rights Center for People,,3 Kanfei Nesharim Street,,Jerusalem,,IS,9546406,150000,to provide general support
2021,263753801,Foundation to Promote Open Society,Black Initiative for a New Drug Policy (INNPD),,Rua Crubixa 150 Vila Araguaia,,Sao Paulo,,BR,03735140,400000,to provide general support
2021,263753801,Foundation to Promote Open Society,Blind Women Association Nepal (BWAN),,RARA Marga,,Kathmandu,,NP,,38500,to support the grantee's work on economic justice for women with disabilities
2021,263753801,Foundation to Promote Open Society,Blue Diamond Society,,Dhumbarahi Height,,Kathmandu,,NP,,35000,to provide general support
2021,263753801,Foundation to Promote Open Society,Brazilian Association for Investigative Journalism,,Rua Barao de Itapetininga 88 - sal,,Sao Paulo,,BR,,100000,to provide general support
2021,263753801,Foundation to Promote Open Society,Breaking the Silence,,PO Box 51027,,Tel Aviv,,IS,6713206,150000,to provide general support
2021,263753801,Foundation to Promote Open Society,Building and Wood Workers International,,54 Route des Acacias,,Carouge,,SZ,CH-1227,200000,"to strengthen the Grantee's capacity for organizing, membership recruitment, base building, and leadership development, with a focus on women, youth and migrants, to catalyze trade union growth and sustainability in the Global South"
2021,263753801,Foundation to Promote Open Society,Bulgarian Helsinki Committee,,7 Varbitsa Street,,Sofia,,BU,1504,170000,to provide general support
2021,263753801,Foundation to Promote Open Society,Bureau Europeen Des Unions De Consommateurs AISBL,,Rue dArlon 80 Bte 1,,Brussels,,BE,B-1040,85000,to provide general support
2021,263753801,Foundation to Promote Open Society,Cairo Institute for Human Rights Studies,,18 Rue des Asters,,Genve,,SZ,1202,300000,to provide general support
2021,263753801,Foundation to Promote Open Society,Campaign for Promotion of Community Paralegalism i,,Pasupati Mandir Road Dhangadhi Up,,Dhangadi,,NP,-,24500,to ensure socio-economic rights of women and Dalits
2021,263753801,Foundation to Promote Open Society,Casa de las Munecas Tiresias (CAMTAC),,Calle Lazaro Cardenas 59 Col La,,Mexico City,,MX,,80000,to provide general support
2021,263753801,Foundation to Promote Open Society,Center for Civil and Human Rights Poradna,,Kriva 23,,Kosice,,LO,040 01,100000,to provide general support
2021,263753801,Foundation to Promote Open Society,Center for Health Human Rights Development (CEHUR,,Plot 614 Tufnell Drive Kamwokya,,Kampala,,UG,,185000,to strengthen initiatives responding to the long-term health and social sector governance problems and structural weaknesses exposed by COVID-19
2021,263753801,Foundation to Promote Open Society,Center for Human Rights and Immigrant Citizenship,,Rua Lus Ferreira no 142 - Tatuape,,Sao Paolo,,BR,03072-020,100000,to provide general support
2021,263753801,Foundation to Promote Open Society,Center for Intersectional Justice eV,,Postfach 04 05 30,,Berlin,,GM,10063,150000,to provide general support
2021,263753801,Foundation to Promote Open Society,Center for Lebanese Studies,,Lebanese American University Beiru,,Beirut,,LE,1102 2801,62900,to support research and knowledge production around social justice and equity in curricular reform in the Arab world
2021,263753801,Foundation to Promote Open Society,Center for Media Research-Nepal,,House 717 Rudramati Marg Anamna,,Kathmandu,,NP,-,35000,"to protect freedom of expression through policy advocacy, media literacy, and digital security trainings; support the grantee's fact-checking initiative; and amplify the voices and concerns of the most-at-risk populations through evidence based reporting"
2021,263753801,Foundation to Promote Open Society,Center for the New Economy Inc,,PO Box 9024240,,San Juan,,RQ,00902-?4240,250000,"to provide support to Espacios Abiertos, a fiscally-sponsored project of the Grantee, for their work on government transparency and accountability in Puerto Rico"
2021,263753801,Foundation to Promote Open Society,Center of Strategic Studies on the Maghreb,,2 Manoubi Jarjar StreetMenzah 9A,,Tunis,,TS,1013,325000,to provide general support
2021,263753801,Foundation to Promote Open Society,Centre for Curricular Development and Gender Studi,,Povernei street no 6-8 1st distri,,Bucharest,,RO,10641,50000,to provide general support
2021,263753801,Foundation to Promote Open Society,Centre for European Policy Studies,,1 Place du Congres,,Brussels,,BE,1000,29478,"to support a diverse group of participants in terms of gender, age, geography and ethnic backgrounds to take part at CEPS's annual high level conference, CEPS Ideas Lab 2021, and to support the organization in setting up a sustainable in-house diversity strategy and policy"
2021,263753801,Foundation to Promote Open Society,Centre for Human Rights Education Advice and Assis,,Roots Complex Chitawira Township Ne,,Blantyre,,MI,+265,105000,to provide general support
2021,263753801,Foundation to Promote Open Society,Centre for International Law and Policy in Africa,,145 Circular Road - Freetown,,Freetown,,SL,,100000,"to support research with the view to amplify African participation in justice and accountability processes at the national, regional and international level"
2021,263753801,Foundation to Promote Open Society,Centre for Research on Women's Issues,,43A Tritis Septemvriou Str,,Athens,,GR,10443,100000,to provide general support
2021,263753801,Foundation to Promote Open Society,Centre for Social Advocacy,,Vangjel Capo Ap 26,,Tirana,,AL,1001,65000,to provide general support
2021,263753801,Foundation to Promote Open Society,Centro Brasil no Clima,,Av Marechal Cmara 160 Sala 418 Ce,,Rio de Janeiro,,BR,20020-080,100000,to provide general support
2021,263753801,Foundation to Promote Open Society,Centro de Convivencia E de Lei,,Rua do Carmo 56 - rooms 201 e 202,,So Paulo,,BR,01019-020,175000,to provide general support
2021,263753801,Foundation to Promote Open Society,Centro de Convivencia E de Lei,,Rua do Carmo 56 - rooms 201 e 202,,So Paulo,,BR,01019-020,175000,to provide general support
2021,263753801,Foundation to Promote Open Society,Centro de Defesa da Crianca e do Adolescente do Ce,,Deputado Joao Lopes 83 Centro,,Fortaleza,,BR,60060-130,95000,to provide general support
2021,263753801,Foundation to Promote Open Society,Centro de Defesa da Crianca e do Adolescente do Ce,,Deputado Joao Lopes 83 Centro,,Fortaleza,,BR,60060-130,25000,to provide general support
2021,263753801,Foundation to Promote Open Society,Centro de Defesa da Vida Herbert de Sousa,,Avenida Osrio de Paiva 5623,,Fortaleza,,BR,60540440,25000,to provide pedagogical tools and prevention services to young adults and families facing situations of vulnerability and risk
2021,263753801,Foundation to Promote Open Society,Centro de Derechos Humanos Miguel Agustin Pro Juar,,Serapio Rendon 57-B Colonia San Ra,,Mexico City,,MX,06470,155000,to provide general support
2021,263753801,Foundation to Promote Open Society,Centro de Estudios de Derecho Justicia y Sociedad,,Carrera 24 34-61,,Bogota DC,,CO,111311,1563000,to provide: a) a challenge contribution towards Dejusticia's growth and transformation strategy for the 2018-2022 period; and b) general support for three years for the 2020-2022 period
2021,263753801,Foundation to Promote Open Society,Centro de Estudios y Estrategias Transnacionales p,,Tamaulipas 36,,Mexico City,,MX,10400,30000,to support the design and pilot of a social reinsertion program in order to reduce violence in communities affected by criminal proceedings
2021,263753801,Foundation to Promote Open Society,Centro de Estudios y Estrategias Transnacionales p,,Tamaulipas 36,,Mexico City,,MX,10400,20000,to support work on social reintegration and reduction of recidivism among prisoners in Mexico
2021,263753801,Foundation to Promote Open Society,Centro de Estudos de Seguranca e Cidadania (CESeC),,Rua da Assembleia 10 Sala 810,,Rio de Janeiro,,BR,20011-901,35000,"to support the grantee's fiscally sponsored program, Movimentos, to advance the health and rights of young people living in favelas in Brazil"
2021,263753801,Foundation to Promote Open Society,Centro de Estudos de Seguranca e Cidadania (CESeC),,Rua da Assembleia 10 Sala 810,,Rio de Janeiro,,BR,20011-901,323333,to provide general support
2021,263753801,Foundation to Promote Open Society,Centro de Jornalismo Investigativo,,Rua Vitorino Carmilo 453 casa 02,,Sao Paulo,,BR,CEP 01153-000,100000,to provide general support
2021,263753801,Foundation to Promote Open Society,Centro de Periodismo Investigativo Inc,,Po Box 6834,,San Juan,,RQ,00914,50000,"to support investigative journalism across the Caribbean region, covering issues at the intersection of Climate Change and the Covid-19 crisis"
2021,263753801,Foundation to Promote Open Society,Centro Feminista de Estudos e Assessoria,,SCS Quadra 2 Ed Goias sala 602C,,Braslia,,BR,Brazil,350000,to provide general support
2021,263753801,Foundation to Promote Open Society,Centro para la Accion Legal en Derechos Humanos (C,,6 Avenida 1 - 71 Zona 1,,Guatemala City,,GT,,150000,to provide general support
2021,263753801,Foundation to Promote Open Society,Centro para la Observacin Migratoria y el Desarro,,Ave Francia No 129 Gazue,,Santo Domingo,,DR,,300000,to provide general support
2021,263753801,Foundation to Promote Open Society,Chai Khana,,7 Dadiani Street,,Tbilisi,,GG,0105,65000,to provide general support
2021,263753801,Foundation to Promote Open Society,Chancellor Masters and Scholars of the Universit,,University Offices Wellington Squa,,Oxford,,OC,OX1 2JD,100000,"to support the Grantee's Centre for Criminology's research, awareness raising and peer learning on migration detention"
2021,263753801,Foundation to Promote Open Society,Chancellor Masters and Scholars of the Universit,,University Offices Wellington Squa,,Oxford,,OC,OX1 2JD,79179,"to foster a strong enough level of acceptance of the need to address the sensitive issue of migration in local, national and international debates, so that a dedicated initiative will no longer be needed"
2021,263753801,Foundation to Promote Open Society,Chancellor Masters and Scholars of the Universit,,University Offices Wellington Squa,,Oxford,,OC,OX1 2JD,352864,"to support the Action for Restitution to Africa program organized by the Pitt Rivers Museum and several co-PIs, which, through a series of workshops, research, and education, aims to shift the frame of reference and bring about cultural restitution to Africa"
2021,263753801,Foundation to Promote Open Society,Chancellor Masters and Scholars of the Universit,,University Offices Wellington Squa,,Oxford,,OC,OX1 2JD,31125,"to support the Grantee's work on building the capacity of Ugandan researchers, university lecturers and young professional to use food systems conceptual frameworks and develop a food systems curriculum for local universities"
2021,263753801,Foundation to Promote Open Society,Chancellor Masters and Scholars of the Universit,,University Offices Wellington Squa,,Oxford,,OC,OX1 2JD,100000,to study computational propaganda and political communication during critical moments-such as elections-in democracies; and develop policy recommendations on how to effectively challenge computational propaganda
2021,263753801,Foundation to Promote Open Society,Chandani Nepal,,Butwal,,Rupandehi,,NP,,15000,"to build the capacity of local journalists to deliver in-depth, factual, people-centered news and information, with a focus on the impact of COVID-19 on society"
2021,263753801,Foundation to Promote Open Society,Chatham House,,10 St Jamess Square,,London,,UK,SW1Y 4LE,249945,to support research and workshops to counter the impacts of COVID-19 and address economic inequality in the MENA region
2021,263753801,Foundation to Promote Open Society,Citizens For Europe gUG,,Chauseestrae 86,,Berlin,,GM,10115,90000,to provide general support
2021,263753801,Foundation to Promote Open Society,Civica Research Sdn Bhd,,Ground Floor Lot 2764 Block 10 K,,Kuching,,MY,93150,25034,"to support research, training, and education projects on development and democracy to improve the political culture in the states of Sarawak and Sabah in Malaysia"
2021,263753801,Foundation to Promote Open Society,Civil Rights Defenders,,stgta gatan 90,,Stockholm,,SW,116 64,996900,to provide general support
2021,263753801,Foundation to Promote Open Society,Civil Rights Defenders,,stgta gatan 90,,Stockholm,,SW,116 64,1345160,to strengthen the human rights defenders in Eurasia either institutionally or individually
2021,263753801,Foundation to Promote Open Society,Civil Rights Defenders,,stgta gatan 90,,Stockholm,,SW,116 64,250000,to provide general support
2021,263753801,Foundation to Promote Open Society,CLEEN Foundation - Abuja,,26 Bamenda Street Off Abidjan Stre,,Abuja,,NI,Zone 3 Wuse,200000,"to support the Afro-Asian Association for Justice Development's work to advance democratic justice in the fields of security sector reforms, gender rights, governance and electoral systems in the African and Asian continents"
2021,263753801,Foundation to Promote Open Society,Coalition for Dialogue on Africa (CoDA),,Secretariat of the Coalition for Di,,Roosevelt Street WK,,ET,-,333333,to provide general support
2021,263753801,Foundation to Promote Open Society,Colectivo Chuhcan AC,,Ruben M Campos 2806 Col Villa de,,Mexico,,MX,03530,25000,to provide support for and advance the rights of persons with psychosocial disabilities in Mexico through peer learning and training
2021,263753801,Foundation to Promote Open Society,Coletivo Caranguejo Tabaiares Resiste,,Rua Vila Canal n14 Ilha do Retiro R,,Recife,,BR,50750280,24991,"to support the Grantee's fiscally sponsored program, Coletivo Caranguejo Tabaiares Resiste, to work on the intersection of state violence and racism in Recife, Pernambuco, Brazil"
2021,263753801,Foundation to Promote Open Society,Coletivo Papo Reto,,CESeCRua da Assembleia 10 Sala 810,,Rio de Janeiro,,BR,,75000,"to support Coletivo Papo Reto's program work related to harm reduction, drug policy, and community safety"
2021,263753801,Foundation to Promote Open Society,Collaboration on International ICT Policy in East,,156-158 Mutesa 2 Road Ntinda,,Kampala,,UG,,75000,"to promote access to information technology in the wake of the COVID 19 pandemic and how this affects citizen participation and livelihoods through its existing relationship with the continental platform, The Alliance for affordable internet (A4AI)"
2021,263753801,Foundation to Promote Open Society,Collective for Research & Training on Development,,Karim Salameh Bldg - 2nd floor,,Beirut,,LE,165302,62500,to strengthen feminist organizations and networks responding to the impact of COVID-19 on women in Lebanon and the MENA region
2021,263753801,Foundation to Promote Open Society,Colnodo,,Diagonal 40A 14 75,,Bogota,,CO,,130000,to provide general support
2021,263753801,Foundation to Promote Open Society,Colnodo,,Diagonal 40A 14 75,,Bogota,,CO,,65000,to provide general support
2021,263753801,Foundation to Promote Open Society,Colombia Diversa,,Calle 30A No 6 - 22 Oficina 1102,,Bogota,,CO,,60000,to document and analyze violence against LGBT persons in order to address and prevent such violence
2021,263753801,Foundation to Promote Open Society,Comedores Sociales de Puerto Rico inc,,PO Box 3181,,Caguas,,RQ,00726-3181,30000,to provide general support
2021,263753801,Foundation to Promote Open Society,Comision Internacional contra la Pena de Muerte,,Serrano Galvache 26,,Madrid,,SP,28071,150000,to provide general support
2021,263753801,Foundation to Promote Open Society,Comision Mexicana de Defensa y Promocion de los De,,Tehuantepec 142 Col Roma Sur De,,Mexico City,,MX,06760,125000,"to support the Grantee in its efforts to demand justice and stop impunity for, and bring public visibility to, grave crimes through strategic litigation, enhanced visibility and protection for human rights defenders, and regional knowledge-sharing"
2021,263753801,Foundation to Promote Open Society,Comissao de Defesa dos Direitos Humanos Dom Paulo,,Av Santos Dumont 843,,Sao Paulo,,BR,01101-000,60000,to support Arns Commission to fight against social inequality and to avoid human rights setbacks in Brazil in the context of Covid-19
2021,263753801,Foundation to Promote Open Society,Comite Fronterizo de Obreros,,R Blvd Eliseo Mendoza Berrueto 80,,Piedras Negras,,MX,26070,95000,to support a series of workshops and training to improve worker's conditions and to strengthen worker's empowerment in northern Mexico
2021,263753801,Foundation to Promote Open Society,COMMUNITYartCENTERmannheim,,Laurentiusstrasse 16,,Mannheim,,GM,68167,34375,to support charitable and educational activities of Core Support for the COMMUNITYartCENTERmannheim
2021,263753801,Foundation to Promote Open Society,COMPAZ Centro de Recursos para la Paz,,Calle 75 5-59Piso 3,,Bogota,,CO,00472,200000,to provide general support
2021,263753801,Foundation to Promote Open Society,Comunitas,,Rua Pamplona 1005 - 3o Andar,,Sao Paolo,,BR,-,180000,"to support the development of a public safety and violence reduction plan in Caruaru, Brazil"
2021,263753801,Foundation to Promote Open Society,Coordinadora Paz para la Mujer,,PO Box 193008 San Juan PR,,San Juan,,RQ,00919-3008,150000,"to support feminist organizing efforts in Puerto Rico led by the Colectiva Feminista en Construccin, a fiscally sponsored project of the Grantee"
2021,263753801,Foundation to Promote Open Society,Corporacion Caribe Afirmativo,,Carrera 53 75 - 87 Oficina 4-1,,Barranquilla,,CO,-,40000,to provide general support
2021,263753801,Foundation to Promote Open Society,Corporacion Humanas - Centro Regional de Derechos,,Carrera 7 No 33-49 oficina 201,,Bogota,,CO,,50000,to provide general support
2021,263753801,Foundation to Promote Open Society,Corporacion Humanas - Centro Regional de Derechos,,Carrera 7 No 33-49 oficina 201,,Bogota,,CO,,276000,to provide general support
2021,263753801,Foundation to Promote Open Society,Corporacion Ilex Accion Juridica,,Cr 6 No 55-52 apto 701,,Bogota,,CO,,190000,to provide general support
2021,263753801,Foundation to Promote Open Society,Corporacion JustLabs,,Calle 63 3-12 Suite 303,,Bogota,,CO,,150000,"to support reflection and strategizing on retooling the human rights movement, to benefit victims of human rights violations by enabling human rights organizations to respond more effectively to the current challenges and opportunities"
2021,263753801,Foundation to Promote Open Society,Corporacion Manos Visibles,,Street 38 15-67,,Bogota,,CO,,40000,"to survey and coach several afro and indigenous, women-led organizations in the Pacific region of Colombia in order to improve water, health, education, and other community resources"
2021,263753801,Foundation to Promote Open Society,Corporacion Mision de Observacion Electoral,,Carrera 19 35 - 42,,Bogota,,CO,-,200000,to provide general support
2021,263753801,Foundation to Promote Open Society,Corporacion Movilizatorio,,Cr 23 80-42,,Bogota,,CO,11001000,50000,to provide general support
2021,263753801,Foundation to Promote Open Society,Corporacion Region,,Carrera 95 No 47 A - 155 Barrio Sa,,Medellin,,CO,050033,50000,to support research on and design of educational materials about municipal corruption in order to promote better governance
2021,263753801,Foundation to Promote Open Society,Corporacion Transparencia por Colombia,,Carrera 45A No 93-61,,Bogota,,CO,6100822,100000,to provide general support
2021,263753801,Foundation to Promote Open Society,Corporacion Transparencia por Colombia,,Carrera 45A No 93-61,,Bogota,,CO,6100822,84000,"to promote transparency, access to public information and citizen control of the reconstruction process of Providencia Island post-hurricane"
2021,263753801,Foundation to Promote Open Society,Corporacion Viviendo,,Carrera 64 No 9 - 195,,Cali,,CO,-,218000,to provide general support
2021,263753801,Foundation to Promote Open Society,Corporation Fernando Gonzalez - Otraparte,,Cra 43A n 27A Sur - 11,,Envigado,,CO,055422,465000,"to support citizenship training and advocacy processes in order to foment democratic participation and to address gender, justice, and climate issues"
2021,263753801,Foundation to Promote Open Society,Cosmopolitan Culture Action Taichung,,No10 Ln 59 Luchuan W St Cent,,Taichung,,TW,400,35000,to provide general support
2021,263753801,Foundation to Promote Open Society,Council for the Development of Social Science Rese,,Avenue Cheikh Anta Diop X Canal IV,,Dakar,,SG,,107500,to provide general support
2021,263753801,Foundation to Promote Open Society,Counterpoints Arts,,Unit 23Hoxton Works128 Hoxton Stre,,London,,UK,N1 6SH,150000,to provide general support
2021,263753801,Foundation to Promote Open Society,Covenants Watch,,4F No 97-1 Jen-Ai Road Section,,Taipei City,,TW,-,150000,to provide general support
2021,263753801,Foundation to Promote Open Society,Criola,,Avenue Presidente Vargas 482 mezza,,Rio de Janeiro,,BR,20.071-909,95000,to provide general support
2021,263753801,Foundation to Promote Open Society,CTRC-Crimean Tatar Resource Center,,51B Bogdana Khmelnitskogo street o,,Kiev,,UP,01030,90000,to provide general support
2021,263753801,Foundation to Promote Open Society,Culture Action Europe,,Rue Ravenstein 18,,Brussels,,BE,1000,100000,to support a series of working groups and research which will counter the impact of COVID-19 on MENA artists in the EU
2021,263753801,Foundation to Promote Open Society,Culture Resource -- Al Mawred Al Thaqafy,,19 Square Sainctelette,,Brussels,,BE,1000,500000,to provide general support
2021,263753801,Foundation to Promote Open Society,Culture Resource -- Al Mawred Al Thaqafy,,19 Square Sainctelette,,Brussels,,BE,1000,393750,to provide general support
2021,263753801,Foundation to Promote Open Society,Culture Resource -- Al Mawred Al Thaqafy,,19 Square Sainctelette,,Brussels,,BE,1000,200000,to provide general support
2021,263753801,Foundation to Promote Open Society,Dalit Feminist Upliftment Organization (DAFUO),,Gulariya Municiapality Ward no6,,Bardiya,,NP,,18000,to support the grantee's advocacy work for the reintegration of returning migrant women and the justice of women
2021,263753801,Foundation to Promote Open Society,Danish Institute Against Torture,,Bryggervangen 55,,Copenhagen,,DA,2100,150000,"to improve prevention and management mechanisms focusing on suicide, suicide attempts, and self-harm in prisons"
2021,263753801,Foundation to Promote Open Society,Data Civica AC,,Monte Alban 261,,Mexico City,,MX,06600,75000,to support research and documentation on the use of lethal force in order to improve access to justice for victims in Mxico
2021,263753801,Foundation to Promote Open Society,Delegaci Fundaci ICEERS,,Seplveda 65 baixos 2,,Barcelona,,SP,08015,220000,to provide general support
2021,263753801,Foundation to Promote Open Society,Demopublic Media Pvt Ltd,,Neel Sarswoti Marg,,Kathmandu,,NP,44600,24500,to support the Kathmandu press's investigative unit to produce content on accountability and good governance
2021,263753801,Foundation to Promote Open Society,Derecho Ambiente y Recursos Naturales (DAR),,Calle Cartagena 130,,Pueblo Libre,,PE,15084,420000,to provide general support
2021,263753801,Foundation to Promote Open Society,Development Alternatives With Women for a New Era,,Level 2 JP Bayly Trust Building19,,Suva,,FJ,,200000,to provide general support
2021,263753801,Foundation to Promote Open Society,Development Alternatives With Women for a New Era,,Level 2 JP Bayly Trust Building19,,Suva,,FJ,,200000,to provide general support
2021,263753801,Foundation to Promote Open Society,Development Reimagined Ltd,,View Park Towers Monrovia Street,,Nairobi,,KE,P. O. Box 67145,22000,to gather concrete evidence of the challenges of racism in the global health sector and provoke an inclusive reflection on possible avenues for the global health sector going forward
2021,263753801,Foundation to Promote Open Society,Development Reimagined Ltd,,View Park Towers Monrovia Street,,Nairobi,,KE,P. O. Box 67145,50401,"to provide information, research and analysis to facilitate a change in how African stakeholders assert and direct their agency vis--vis China in particular on Debt and Development issues"
2021,263753801,Foundation to Promote Open Society,Documenta analisis y accion para la justicia soci,,Etna 96 Los Alpes Alvaro Obregon0,,Distrito Federal,,MX,01900,320000,to provide general support
2021,263753801,Foundation to Promote Open Society,Dublin AIDS Alliance Ltd trading as HIV Ireland,,70 Eccles Street,,Dublin,,EI,DO7 A977,25000,to provide general support
2021,263753801,Foundation to Promote Open Society,E-Romnja (The Association for Promoting Roma Women,,Rotunda street no 4 flat Y1A sc,,Bucharest,,RO,District 3,60000,to provide general support
2021,263753801,Foundation to Promote Open Society,E-Romnja (The Association for Promoting Roma Women,,Rotunda street no 4 flat Y1A sc,,Bucharest,,RO,District 3,30000,to provide general support
2021,263753801,Foundation to Promote Open Society,Each One Teach One (EOTO) eV,,Togostrasse 76,,Berlin,,GM,13351,180000,to provide general support
2021,263753801,Foundation to Promote Open Society,El Centro de Estudios Legales y Sociales (CELS),,Piedras 547 1 piso,,Ciudad de Buenos Aires,,AR,C1070AAK,135000,to provide general support
2021,263753801,Foundation to Promote Open Society,El Centro de Estudios Legales y Sociales (CELS),,Piedras 547 1 piso,,Ciudad de Buenos Aires,,AR,C1070AAK,350000,to provide general support
2021,263753801,Foundation to Promote Open Society,El Colegio de Mexico,,Camino al Ajusco No 20 Pedregal d,,Mexico DF,,MX,10740,500000,"to produce actionable research on migration and economic justice, and support the Grantee's institutional development and student mobility program"
2021,263753801,Foundation to Promote Open Society,ELC EuroCentral Asian Lesbian Community,,c/o GBW-Wien Faika El-NagashiMarga,,Wien,,AU,1050,200000,to provide general support
2021,263753801,Foundation to Promote Open Society,Elementa Consultoria en Derechos,,Calle 98 No 9-03 Fl 602,,Bogot,,CO,110221,400000,to provide general support
2021,263753801,Foundation to Promote Open Society,EngageMedia Collective Inc,,7/225 Bourke Street,,Melbourne,,AS,3000,55000,to provide general support
2021,263753801,Foundation to Promote Open Society,Envol Vert,,44B Rue de Montreuil,,Paris,,FR,75010,22500,to combat deforestation by promoting better monitoring of the beef industry's supply chain in Brazil
2021,263753801,Foundation to Promote Open Society,EPHA - European Public Health Alliance AISBL,,Rue de Treves 49-51,,Brussels,,BE,1040,255000,to provide general support
2021,263753801,Foundation to Promote Open Society,Epicenterworks - platform Fundamental rights poli,,Annagasse 8/1/8,,Vienna,,AU,01010,107500,to provide general support
2021,263753801,Foundation to Promote Open Society,Equal Opportunities Initiative Association,,313 str 3,,Sofia,,BU,1373,100000,to provide general support
2021,263753801,Foundation to Promote Open Society,Equidad de Gnero Ciudadana Trabajo y Familia,,Avenida Coyoacan 1622 Edificio 4,,Ciudad de Mexico,,MX,03100,125000,to support the Women's Working Group on Financing for Development's activities linking feminist movements with economic justice movements responding to the global economic and ecological crisis
2021,263753801,Foundation to Promote Open Society,Equipo Argentino de Antropologia Forense,,Av del Libertador 8151,,Buenos Aires,,AR,C1429BNC,600000,"to allow the Grantee to undertake human rights related forensic anthropology work, including conducting independent investigation, training local forensic teams, and providing testimony, in the Americas"
2021,263753801,Foundation to Promote Open Society,Equipo Argentino de Antropologia Forense,,Av del Libertador 8151,,Buenos Aires,,AR,C1429BNC,172500,"to allow the Grantee to continue its investigation of human rights violations by undertaking forensic anthropology work, including conducting independent investigation, training local forensic teams, and providing testimony, in the Americas"
2021,263753801,Foundation to Promote Open Society,EQUIS Justicia para las Mujeres AC,,Valladolid 14 Colonia Roma Norte,,Ciudad de Mexico,,MX,06700,340000,to provide general support
2021,263753801,Foundation to Promote Open Society,EQUIS Justicia para las Mujeres AC,,Valladolid 14 Colonia Roma Norte,,Ciudad de Mexico,,MX,06700,82500,to provide general support
2021,263753801,Foundation to Promote Open Society,EU DisinfoLab,,Rue Maurice Wilmotte 17,,Brussles,,BE,1060,75000,to provide general support
2021,263753801,Foundation to Promote Open Society,Eurasian Harm Reduction Association,,Verkiu 34B-3 701,,Vilnius,,LH,08221,661000,to provide general support
2021,263753801,Foundation to Promote Open Society,Eurasian Harm Reduction Association,,Verkiu 34B-3 701,,Vilnius,,LH,08221,225000,to provide general support
2021,263753801,Foundation to Promote Open Society,Euro-Mediterranean Foundation of Support to Human,,Vestergade 16 2,,Copenhagen K,,DA,1456,50000,"to support legal aid and assistance to counter discrimination and to protect human rights in Israel, West Bank, and East Jerusalem"
2021,263753801,Foundation to Promote Open Society,Euro-Mediterranean Foundation of Support to Human,,Vestergade 16 2,,Copenhagen K,,DA,1456,400000,to provide general support
2021,263753801,Foundation to Promote Open Society,Euro-Mediterranean Foundation of Support to Human,,Vestergade 16 2,,Copenhagen K,,DA,1456,300000,to promote and protect human rights defenders and civic space in the MENA region
2021,263753801,Foundation to Promote Open Society,EuroMed Rights,,Vestergade 14-16 2nd floor,,Copenhagen,,DA,DK-1456,300000,to provide general support
2021,263753801,Foundation to Promote Open Society,European Center for Not-for-Profit Law Stichting,,5 Riviervismarkt 2513AM,,The Hague,,NL,,200000,to provide general support
2021,263753801,Foundation to Promote Open Society,European Climate Foundation,,Riviervismarkt 5,,The Hague,,NL,2513 AM,500000,to provide general support
2021,263753801,Foundation to Promote Open Society,European Institute of Health and Sustainable Devel,,10 Giruliu str Vilnius Lithuania,,Vilnius,,LH,,625000,to convene a series of high-level political dialogues to codify the role of all EU member states in addressing health workforce shortages resulting from mass migration of health professionals from newer member States of Central and Eastern Europe to those in Western Europe
2021,263753801,Foundation to Promote Open Society,European Middle East Project,,Huidevettersstraat 165,,Brussels,,BE,B-1000,50000,to provide general support
2021,263753801,Foundation to Promote Open Society,European Network on Debt and Development,,Rue dEdimbourg 18-26,,Brussels,,BE,1050,200000,to support Eurodad's anchoring of a civil society coalition to challenge international development financing institutions' advancement of public-private partnerships
2021,263753801,Foundation to Promote Open Society,European Network on Debt and Development,,Rue dEdimbourg 18-26,,Brussels,,BE,1050,95000,"to support research, mobilization, and action on the Caribbean region's Covid-19 policy responses to ensure a focus on long term debt sustainability and oversight centering on human rights, gender equality, climate resilience, and sustainable development"
2021,263753801,Foundation to Promote Open Society,European Roma Institute for Arts and Culture,,c/o Paul Hastings LLPSiesmayrstr 2,,Frankfurt am Main,,GM,60323,310000,to provide general support
2021,263753801,Foundation to Promote Open Society,European Roma Rights Center AISBL,,Rond-pont Schuman 2-4Boite 6,,Brussels,,BE,1040,400000,to provide general support
2021,263753801,Foundation to Promote Open Society,Extituto de Poltica Abierta,,Cra 9 69- 09 piso 2,,Bogot,,CO,110231,87500,to provide general support
2021,263753801,Foundation to Promote Open Society,Fair Trials International,,3/7 Temple Chambers Temple Avenue,,London,,UK,EC4Y 0HP,332500,to provide general support
2021,263753801,Foundation to Promote Open Society,Federacion Nacional de Personerias de Colombia,,Calle 26 No 5 - 44 Torre B Local,,Bogota,,CO,,65000,to support a series of workshops and regional meetings to strengthen municipal ombudsman offices to protect the right to life and reduction of homicides in Colombia
2021,263753801,Foundation to Promote Open Society,Federation for Women and Family Planning,,Nowolipie 13/15,,Warsaw,,PL,00-150,200000,to provide general support
2021,263753801,Foundation to Promote Open Society,Federation for Women and Family Planning,,Nowolipie 13/15,,Warsaw,,PL,00-150,100000,to provide general support
2021,263753801,Foundation to Promote Open Society,Feed The Hungry Nepal,,Damkalchowk Street,,Lalitpur,,NP,-,56632,to support food relief and ambulance services for vulnerable daily wage laborers effected by COVID-19
2021,263753801,Foundation to Promote Open Society,Femmes Dans La Region MENA,,Rue Du Meridien 10,,Brussels,,BE,1210,100000,to provide general support
2021,263753801,Foundation to Promote Open Society,Financial Investigations for Non-profit Design Ltd,,4th Floor 56-60 St John St,,London,,UK,EC1M 4HG,240000,to provide general support
2021,263753801,Foundation to Promote Open Society,Financially Wise,,Pearl Building - Corniche el Nahr-,,Beirut,,LE,,25000,to support knowledge production on fiscal issues in order to increase accountability for spending in Lebanon
2021,263753801,Foundation to Promote Open Society,FMDC Media for Development and Social Change,,Masjid Road,,Dhangadhi,,NP,-,22489,to support the rights to equality of Dalit people by raising voices for their equal access to legal identity document and access to public services
2021,263753801,Foundation to Promote Open Society,Focus on the Global South,,19 Maginhawa St UP Village Dilima,,Quezon City,,RP,1104,83333,to provide general support
2021,263753801,Foundation to Promote Open Society,Fondation Connaissance et Liberte,,143 Avenue Christophe BP 2720,,PortauPrince,,HA,HT 6112,2000000,to provide general support
2021,263753801,Foundation to Promote Open Society,Fondation Connaissance et Liberte,,143 Avenue Christophe BP 2720,,PortauPrince,,HA,HT 6112,6348116,to provide general support
2021,263753801,Foundation to Promote Open Society,Fondation Connaissance et Liberte,,143 Avenue Christophe BP 2720,,PortauPrince,,HA,HT 6112,756055,to provide general support
2021,263753801,Foundation to Promote Open Society,Fondation pour l'Institut de hautes etudes interna,,Chemin Eugne-Rigot 2ACase postale,,Geneve,,SZ,1211,1201633,to support the Grantee's work on high level international advocacy for progressive drug policy reform
2021,263753801,Foundation to Promote Open Society,Fondo Lunaria Mujer,,Carrera 26 No 39 - 25,,Bogota,,CO,-,1750000,to support the Grantee's work on intersectional gender justice and alliance building
2021,263753801,Foundation to Promote Open Society,Fondo Lunaria Mujer,,Carrera 26 No 39 - 25,,Bogota,,CO,-,313000,"to support a fund, training, and workshops to strengthen young Colombian women's right to a life free of violence"
2021,263753801,Foundation to Promote Open Society,Fondo Semillas AC,,Calle Fragonard 84 Colonia San Juan,,Ciudad de Mexico,,MX,03730,150000,to provide general support
2021,263753801,Foundation to Promote Open Society,Forest Peoples Programme,,Stratford Road,,MoretoninMarsh,,OC,GL56 9NQ,100000,to provide general support
2021,263753801,Foundation to Promote Open Society,Forum for Human Rights,,Ovenecka 33,,Prague,,EZ,170000,100000,to provide general support
2021,263753801,Foundation to Promote Open Society,Foundation Center for International Education,,10 Chovelidze Street,,Tbilisi,,GG,0108,15000,to provide general support
2021,263753801,Foundation to Promote Open Society,Foundation for Community Educational Media (Pracha,,409 Ratchada Soi 14 Huaikwang,,Bangkok,,TH,10320,60989,"to support the grantee covering current affairs with daily updates and more frequent in-depth reports in line with our principles of human rights, democracy and freedom of expression, and to work at the regional level to make creative efforts to redefine freedom of expression"
2021,263753801,Foundation to Promote Open Society,Foundation of Polish Drug Policy Network,,11/49 Mazowiecka St,,Warsaw,,PL,00-052,200000,to provide a general support grant
2021,263753801,Foundation to Promote Open Society,Foundation Open Society - Macedonia,,Bul Jane Sandanski 111 POB 378,,Skopje,,MK,1000,150000,to provide general support
2021,263753801,Foundation to Promote Open Society,Foundation Open Society - Macedonia,,Bul Jane Sandanski 111 POB 378,,Skopje,,MK,1000,1528696,to provide general support
2021,263753801,Foundation to Promote Open Society,Foundation Open Society - Macedonia,,Bul Jane Sandanski 111 POB 378,,Skopje,,MK,1000,2213649,to provide general support
2021,263753801,Foundation to Promote Open Society,Frantz Fanon Association,,Via San Francesco dAssisi 3,,Turin,,IT,10122,175000,to provide general support
2021,263753801,Foundation to Promote Open Society,Freemuse,,Jagtvej 223 3rd floor,,Copenhagen,,DA,2100,300000,to provide general support
2021,263753801,Foundation to Promote Open Society,FRIDA The Young Feminist Fund,,215 Spadina Ave Suite 225,,Toronto,,CA,M5T 2C7,300000,to provide general support
2021,263753801,Foundation to Promote Open Society,FRIDA The Young Feminist Fund,,215 Spadina Ave Suite 225,,Toronto,,CA,M5T 2C7,200000,to provide general support
2021,263753801,Foundation to Promote Open Society,Friends of the Earth Europe,,Rue DEdimbourg 26,,Brussels,,BE,-,173000,to use strategic litigation to restrain the harmful activities of factory farms and to further develop the human right to water using the EU and the human rights legal framework
2021,263753801,Foundation to Promote Open Society,Frontiers-Rights Association,,Hikmat Abi Khalil,,Beyrouth,,LE,-,37500,to provide legal aid services and support to Beirut explosion victims
2021,263753801,Foundation to Promote Open Society,Frontiers-Rights Association,,Hikmat Abi Khalil,,Beyrouth,,LE,-,90500,to support the protection of refugees in Lebanon by recruiting and training community facilitators who will work to further basic rights and services in vulnerable host communities
2021,263753801,Foundation to Promote Open Society,Frontline AIDS,,Preece House91-101 Davigdor Road,,Hove,,OC,BN3 1RE,100000,to provide general support
2021,263753801,Foundation to Promote Open Society,Frontline AIDS,,Preece House91-101 Davigdor Road,,Hove,,OC,BN3 1RE,500000,to provide general support
2021,263753801,Foundation to Promote Open Society,Fundacao Getulio Vargas,,Praia de Botafogo 190/13 andar Bot,,Rio de Janeiro,,BR,22250-145,180000,to help to create the Center for Racial Justice and Law
2021,263753801,Foundation to Promote Open Society,Fundao Instituto Fernando Henrique Cardoso,,Rua Formosa 367 - Repblica,,So Paulo,,BR,01049-000,250000,to provide general support
2021,263753801,Foundation to Promote Open Society,Fundao Instituto Fernando Henrique Cardoso,,Rua Formosa 367 - Repblica,,So Paulo,,BR,01049-000,61250,to produce and disseminate an educational handbook on countering fake news
2021,263753801,Foundation to Promote Open Society,Fundacion Accion Interna,,Avenida Caracas 36 - 41,,Bogota,,CO,-,100000,to support the Grantee's work in promoting opportunities for former inmates and help reduce recidivism in Colombia
2021,263753801,Foundation to Promote Open Society,Fundacion Accion Interna,,Avenida Caracas 36 - 41,,Bogota,,CO,-,105000,"to partner with local authorities to develop post-release interventions that adapt to social distancing restrictions, prevent further contagion within vulnerable population, and help to reduce recidivism"
2021,263753801,Foundation to Promote Open Society,Fundacion Barra Mexicana AC,,Durango 332 Desp 203 Roma Norte06,,CDMX,,MX,06700,50000,"to support strategic pro-bono litigation on behalf of victims of mass graves in Morelos, Mexico, as a tool for access to justice"
2021,263753801,Foundation to Promote Open Society,Fundacion Calala - Fondo de Mujeres,,Arago 424 esc izq entlo 3,,Barcelona,,SP,08013,1750000,to support the Grantee's work on intersectional gender justice and alliance building
2021,263753801,Foundation to Promote Open Society,Fundacion Casa de las Estrategias,,Carrera 97 40 - 26 San Javier,,Medellin,,CO,-,200000,to provide general support
2021,263753801,Foundation to Promote Open Society,Fundacion Civico Social Pro Cartagena - FUNCICAR,,Calle del BouquetCarrera 21 25 -,,Cartagena,,CO,130001,50000,to provide general support
2021,263753801,Foundation to Promote Open Society,Fundacion Derechos Economicos Sociales y Cultural,,10 Calle 12-07 Zona 1 Edificio Kos,,Guatemala,,GT,1001,230000,to provide general support
2021,263753801,Foundation to Promote Open Society,Fundacion Derechos Economicos Sociales y Cultural,,10 Calle 12-07 Zona 1 Edificio Kos,,Guatemala,,GT,1001,100000,to provide general support
2021,263753801,Foundation to Promote Open Society,Fundacion Gabo,,Centro Calle San Juan de Dios No,,Cartagena,,CO,130002,380000,to provide general support
2021,263753801,Foundation to Promote Open Society,Fundacin Grupo de Accin y Apoyo a Personas Trans,,Calle 57 10 24,,Bogota,,CO,Calle 57 10 24,100000,to provide general support
2021,263753801,Foundation to Promote Open Society,Fundacion Hoja Blanca,,Calle 79 50-20,,Barranquilla,,CO,-,210000,"to launch Volcnicas, a feminist journalistic outlet focused on Latin America and the Caribbean"
2021,263753801,Foundation to Promote Open Society,Fundacion Hormigas Argentinas,,Humberto I 517,,Ciudad de Buenos Aires,,AR,1103,36000,"to advance support of citizen participation in government by implementing participatory budgets and public consultations, creating a video, and inviting underrepresented groups to a meeting on political innovation"
2021,263753801,Foundation to Promote Open Society,Fundacion Ideas para la Paz,,Calle 100 No 8 A 37Torre A Oficina,,Bogota,,CO,-,195000,to provide general support
2021,263753801,Foundation to Promote Open Society,Fundacin IFARMA,,Kr 15 32-70 Piso 1,,Bogota,,CO,111311,30000,to provide general support
2021,263753801,Foundation to Promote Open Society,Fundacion Lxs Locxs,,Calle 27a sur 2b-98 apt 301,,Bogota,,CO,-,24500,to support the grantee's efforts to advance health and rights of vulnerable populations aged 50 and older
2021,263753801,Foundation to Promote Open Society,Fundacion Mi Sangre,,Carrera 34 7-84 Barrio Provenza,,Medellin,,CO,-,200000,to provide general support
2021,263753801,Foundation to Promote Open Society,Fundacion Multitudes,,Constitucin 85 Providencia,,Santiago,,CI,-,100000,to provide general support
2021,263753801,Foundation to Promote Open Society,Fundacion Myrna Mack,,2a Calle 15-15 Zona 13,,Guatemala City,,GT,1013,100000,to provide general support
2021,263753801,Foundation to Promote Open Society,Fundacion Nacional para el Desarrollo,,Calle Arturo Ambrogi 411,,Colonia Escalon,,ES,1101,100000,to provide general support
2021,263753801,Foundation to Promote Open Society,Fundacion para el Desarrollo de la Raza Negra,,Carrera 115 No 6-140 Casa 15,,Cali,,CO,760008,90000,to support research and analysis on the causes that led to complaints of discrimination and racism during the social protests in Cali
2021,263753801,Foundation to Promote Open Society,Fundacion para la Justicia y el Estado Democratico,,Palenque 269 Colonia Narvarte Orien,,Mexico,,MX,03100,200000,to provide general support
2021,263753801,Foundation to Promote Open Society,Fundacion para la Justicia y el Estado Democratico,,Palenque 269 Colonia Narvarte Orien,,Mexico,,MX,03100,80000,to support engagement with criminal justice authorities to develop effective investigations for homicides and forced disappearances and to advocate for justice sector transformations in Mexico
2021,263753801,Foundation to Promote Open Society,Fundacion Para la Libertad de Prensa (FLIP),,Calle 40 22-17 Oficina 302,,Bogota,,CO,-,200000,to provide general support
2021,263753801,Foundation to Promote Open Society,Fundacion Para la Libertad de Prensa (FLIP),,Calle 40 22-17 Oficina 302,,Bogota,,CO,-,14500,"to continue to develop joint initiatives to strengthen public debate around democracy and human rights in Colombia, fostering new formats and narratives, and tackling disinformation and online manipulation"
2021,263753801,Foundation to Promote Open Society,Fundacion Paz y Reconciliacion (PARES),,Calle 26b 4 - 45 Piso 15 y 16 E,,Bogota,,CO,-,115000,to provide general support
2021,263753801,Foundation to Promote Open Society,Fundacion Salud por Derecho,,c/ Albasanz 49-51 3A,,Madrid,,SP,28037,241000,to provide general support
2021,263753801,Foundation to Promote Open Society,Fundacion Santo Domingo,,Calle 53 No 106-280 Piso 9,,Bogota,,CO,-,22000,"to educate the private sector on and promote its participation in the social and productive inclusion of migrant populations in Colombia, including by promoting the participation of migrant healthcare professionals in Colombia's COVID-19 response"
2021,263753801,Foundation to Promote Open Society,Fundacion Servicio de los Jesuitas para los Refugi,,Carrera 5 33b-02,,Bogot DC,,CO,110311,100000,to provide general support
2021,263753801,Foundation to Promote Open Society,Fundacion Uruguaya del Instituto sobre Discapacida,,M Cassinoni 1085,,Montevideo,,UY,11200,75000,to provide general support
2021,263753801,Foundation to Promote Open Society,Fundacion Vist,,Calle 46 5-21 torre 2 apt 503,,Bogota,,CO,-,120000,to provide general support
2021,263753801,Foundation to Promote Open Society,Fundacion Voragine Periodismo Contracorriente,,Calle 16 B Sur No 25 B - 110,,Medelln,,CO,050022,50000,"to support an investigation of the massacres that have occurred in Colombia in the form of long-form reports, comics and podcasts"
2021,263753801,Foundation to Promote Open Society,FUNDAR Centro de Analisis e Investigacion AC,,Cerrada de Alberto Zamora 21,,Mexico City,,MX,4000,1585000,to provide general support
2021,263753801,Foundation to Promote Open Society,FUNDAR Centro de Analisis e Investigacion AC,,Cerrada de Alberto Zamora 21,,Mexico City,,MX,4000,445000,to provide general support for the years 2020-2021
2021,263753801,Foundation to Promote Open Society,Fundo Brasil de Direitos Humanos,,Rua Santa Isabel 137 conj 42,,So Paulo,,BR,01221-010,228000,to provide general support
2021,263753801,Foundation to Promote Open Society,Future Forum,,The Factory Phnom Penh 1st Floor,,Phnom Penh,,CB,12350,37000,to provide general support
2021,263753801,Foundation to Promote Open Society,Gaia Foundation,,6 Heathgate PlaceAgincourt Road,,London,,UK,NW3 2NU,100000,to provide general support
2021,263753801,Foundation to Promote Open Society,Gaia Foundation,,6 Heathgate PlaceAgincourt Road,,London,,UK,NW3 2NU,62500,to provide general support
2021,263753801,Foundation to Promote Open Society,GAJOP,,Rua do Sossego n 432 Boa Vista,,Recife,,BR,50050080,475000,to provide general support
2021,263753801,Foundation to Promote Open Society,GAJOP,,Rua do Sossego n 432 Boa Vista,,Recife,,BR,50050080,62500,to provide general support
2021,263753801,Foundation to Promote Open Society,Galileo6 SAS,,Calle 80 9- 92 Oficina 202,,Bogota,,CO,-,25000,"to support Venezuelan civil society organizations on strategy development, strategic communications, and crisis management"
2021,263753801,Foundation to Promote Open Society,GELEDES - Instituto da Mulher Negra,,Rua Doutor Vila Nova305apto 64,,SO PAULO,,BR,01222-020,150000,to provide general support
2021,263753801,Foundation to Promote Open Society,GENDERDOC-M Information Centre,,str Valeriu Cupcea 72/1,,Chisinau,,MD,MD 2021,80000,to provide general support
2021,263753801,Foundation to Promote Open Society,German Association of Psychosocial Centres for Ref,,Paulsenstr 55-56,,Berlin,,GM,12163,114000,to provide general support
2021,263753801,Foundation to Promote Open Society,Ghana Center for Democratic Development,,No 95 Nortei Ababio Loop North Ai,,Accra,,GH,-,201055,"to support the Grantee's work on the promotion of democracy, good governance, and economic openness, by researching African democratic challenges, creating a community of practice of African actors and institutions exploring the future of African democracy, and supporting efforts to bring the erstwhile president of Gambia, Yahya Jammeh, to trial in Ghana for human rights abuses"
2021,263753801,Foundation to Promote Open Society,Global Dialogue,,First Floor 10 Queen Street Place,,London,,UK,EC4R 1BE,49277,"to create a part-time coordinator position, situat"
2021,263753801,Foundation to Promote Open Society,Global Diversity Foundation,,37 St Margarets Street Canterbury,,Kent,,OC,CT1 2TU,50000,"to educate Moroccan farmers and communities on sustainable agriculture and the policy frameworks supporting agriculture in Morocco, to educate staff of a Moroccan agriculture NGO, and to evaluate the feasibility of renovating existing facilities into community seed banks"
2021,263753801,Foundation to Promote Open Society,Global Fund for Community Foundations,,Community HouseCitylink Business Pa,,Belfast,,OC,BT12 4HQ,56000,to support ELLAS - Mujeres y Filantropia's work to democratize philanthropy to support women's rights in Latin America
2021,263753801,Foundation to Promote Open Society,Global Health Advocates France,,176 rue du Temple,,Paris,,FR,75003,360000,to provide general support
2021,263753801,Foundation to Promote Open Society,Global Health Advocates France,,176 rue du Temple,,Paris,,FR,75003,100000,to provide general support
2021,263753801,Foundation to Promote Open Society,Global Legal Action Network,,c/o Irish Centre for Human Rights,,Galway,,EI,H91 TK33,53000,to support advocacy and litigation to bolster international law in Yemen and the Occupied Palestinian Territories
2021,263753801,Foundation to Promote Open Society,Global Network of People Living with HIVAIDS (GNP,,Van Diemenstraat 192,,Amsterdam,,NL,1018EV,670000,to provide general support
2021,263753801,Foundation to Promote Open Society,Global Network of Sex Work Projects Ltd,,The Matrix 62 Newhaven Road,,Edinburgh,,OC,EH6 5QB,200000,to provide a general support grant
2021,263753801,Foundation to Promote Open Society,Global Public Policy Institute,,Reinhardtstrae 7,,Berlin,,GM,10117,58000,to support a research project to assess the means of implementation of the 2030 Agenda for Sustainable Development's 17 goals established by the United Nations General Assembly
2021,263753801,Foundation to Promote Open Society,Global Rights Advocates for Sustainable Justice,,19 YPO Shodeinde StreetUtako,,Abuja,,NI,-,50000,to provide general support
2021,263753801,Foundation to Promote Open Society,Global Witness,,Green House244-254 Cambridge Heath,,London,,UK,E2 9DA,3400000,to provide general support
2021,263753801,Foundation to Promote Open Society,Gobierno Facil SA de CV,,Blvd Valsequillo 210-3 Col San Ba,,Puebla,,MX,72550,20000,"to support a platform which will give the public better access to open-data as a means of promoting government transparency, accountability & citizen participation in Mexico"
2021,263753801,Foundation to Promote Open Society,Goldsmiths University of London,,New Cross,,London,,UK,SE14 6NW,130000,"to support Forensic Architecture, a research project of the Grantee, to conduct research and investigations into grave crimes and human rights abuses using new techniques and methodologies"
2021,263753801,Foundation to Promote Open Society,Graca Machel Trust,,Investment Place Block C10th RoadH,,Johannesburg,,SF,2196,333334,to provide general support
2021,263753801,Foundation to Promote Open Society,Grassroots Jerusalem,,POB 49379,,Jerusalem,,IS,914302,50000,to provide general support
2021,263753801,Foundation to Promote Open Society,Grupo de Estudos dos Novos Ilegalismos da Universi,,Rua Professor Marcos Waldemar de Fr,,Niteroi,,BR,24210-201,205000,to support research on violence trends in Rio de Janeiro
2021,263753801,Foundation to Promote Open Society,Grupo de Investigacion de Enfermedades Infecciosas,,Policlinica Metropolitana Oficina,,Caracas,,VE,-,350000,to support monitoring of COVID-19 vaccination in Venezuela for the general public
2021,263753801,Foundation to Promote Open Society,Grupo de Monitoreo Independiente de El Salvador (G,,Residencial Palomo calle Las Victo,,San Salvador,,ES,0000,400000,to provide general support
2021,263753801,Foundation to Promote Open Society,Gulf Centre for Human Rights,,Suite AAshtown Business CentreNav,,Dublin,,EI,15,400000,to provide general support
2021,263753801,Foundation to Promote Open Society,Hacia la vida digna para todas las personas Rever,,Anaxagoras 1341Colonia Letran Valle,,Mexico City,,MX,03650,115000,to provide general support
2021,263753801,Foundation to Promote Open Society,Hamro Abhiyan Parsa,,Birgunj 15,,Parsa,,NP,-,21185,to make local representatives accountable for efficient and effective governance by creating a platform to increase youth engagement will local government
2021,263753801,Foundation to Promote Open Society,Harm Reduction International,,61 Mansell Street,,London,,UK,E1 8AN,72500,"to continue to foster and strengthen a regional network of leaders in South Asia and the Middle East, able to counter pro-death penalty populism and monitor the use of extraordinary powers in criminal justice systems during COVID-19"
2021,263753801,Foundation to Promote Open Society,Harm Reduction International,,61 Mansell Street,,London,,UK,E1 8AN,166500,to provide program support to the Grantee as it takes on the implementation of the global Lawyering on the Margins initiative aimed at promoting legal protection of marginalized communities
2021,263753801,Foundation to Promote Open Society,HASER INC,,123 Calle Loaiza Cordero oficina 7,,San Juan,,RQ,00918,80000,"to provide support to the grantee's fiscal sponsored project, Casa Pueblo, in their quest to transform Puerto Rico's energy sources into 100% renewable"
2021,263753801,Foundation to Promote Open Society,Healthy Life Foundation,,Anamnagar - 29,,Kathmandu,,NP,44600,21148,to support quick access to health services through telemedicine for COVID-19 patients
2021,263753801,Foundation to Promote Open Society,Heinrich Bll Foundation,,Schumannstr 8 10117 Berlin,,Berlin,,GM,10117,111000,"to support the efforts coordinated by the HBS which seeks to ask how future crises - whether financial or, potentially, environmental - might lead to reforms aimed at achieving a more sustainable, equitable and democratic economy"
2021,263753801,Foundation to Promote Open Society,Here be Dragons,,10/1 Dror st,,Jaffa,,IS,-,57500,to support a series of retreats and meetings which are meant to result in creative strategies for resolving the Palestine/Israeli conflict
2021,263753801,Foundation to Promote Open Society,HIV Legal Network Rseau juridique VIH,,1240 Bay Street Suite 600,,Toronto,,CA,M5R 2A7,450000,to provide general support
2021,263753801,Foundation to Promote Open Society,HIV Legal Network Rseau juridique VIH,,1240 Bay Street Suite 600,,Toronto,,CA,M5R 2A7,243000,to provide general support
2021,263753801,Foundation to Promote Open Society,Human Rights Defenders Fund (HRDF),,PO Box 3478,,Jerusalem,,IS,9103401,60000,to support legal representation for vulnerable groups in Israel and East Jerusalem
2021,263753801,Foundation to Promote Open Society,Human Rights House Foundation,,Mariboes gate 13,,Oslo,,NO,0183,620000,to provide general support
2021,263753801,Foundation to Promote Open Society,Human Rights in Mental Health-FGIP,,PO Box 1282,,Hilversum,,NL,1200 BG,70000,to provide general support
2021,263753801,Foundation to Promote Open Society,Human Rights Information and Documentation Systems,,3 rue de Varembe,,Geneva,,SZ,CH-1202,100000,to provide general support
2021,263753801,Foundation to Promote Open Society,Human Rights Monitoring Institute,,Didzioji str 5-406,,Vilnius,,LH,01128,120000,to provide general support
2021,263753801,Foundation to Promote Open Society,Human Rights Monitoring Institute,,Didzioji str 5-406,,Vilnius,,LH,01128,120000,to provide general support
2021,263753801,Foundation to Promote Open Society,Human Rights Now,,4F Suzuki Bldg 335 Yamabukicho,,Shinjukuku,,JA,162-0801,50000,to provide general support
2021,263753801,Foundation to Promote Open Society,Humentum UK,,C/O Critchleys Audit LLP Beaver Ho,,Oxford,,OC,OX1 2EP,10000,to provide general support
2021,263753801,Foundation to Promote Open Society,Hungarian Civil Liberties Union,,Tatra utca 15/b I/1,,Budapest,,HU,1136,750000,to provide general support
2021,263753801,Foundation to Promote Open Society,Hungarian Helsinki Committee,,Dohany utca 20 II / 9,,Budapest,,HU,H-1074,500000,to provide general support
2021,263753801,Foundation to Promote Open Society,I WATCH,,105 Rue Taher Ben Ammar Menzah 9B,,Tunis,,TS,1013,440000,to provide general support
2021,263753801,Foundation to Promote Open Society,Icesi University,,Calle 18 No 122-135,,Cali,,CO,-,175000,"to support Black, Afro-Colombian, Raizal and Palenquera women and other marginalized groups within the Afrodiasporic community to construct and appropriate a methodology to write, introduce and circulate their stories and create new narratives about their intersecting identities"
2021,263753801,Foundation to Promote Open Society,IFEX,,555 Richmond Street West 1101 PO,,Toronto,,CA,M5V 3B1,500000,to provide general support
2021,263753801,Foundation to Promote Open Society,IHRNGO,,POBox 2169 Solli,,Oslo,,NO,0204,300000,to provide general support
2021,263753801,Foundation to Promote Open Society,IM-Defensoras,,123 Slater Street Suite 600,,Ottawa,,CA,ON K1P 5H2,350000,to provide general support
2021,263753801,Foundation to Promote Open Society,Impacto Social Metropolitan Group (ISMG),,Atlanta 188 Nochebuena Benito Jur,,Mexico City,,MX,-,120000,"to develop communications campaigns to raise awareness of the work of and to develop the strategic communications capacity of Mexican civil society organizations (CSOs) focused on human rights, protection of democracy, gender equality, and similar objectives"
2021,263753801,Foundation to Promote Open Society,Inclusion International,,KD203 University of East London,,London,,UK,E16 2RD,535000,to provide general support
2021,263753801,Foundation to Promote Open Society,Independent Medico-Legal Unit (IMLU),,69 Mokoyeti West Road Off Langata,,Nairobi,,KE,16035 - 00509,75000,"to enable the Grantee to continue promoting the prevention and accountability for torture, violence, and discrimination in Kenya"
2021,263753801,Foundation to Promote Open Society,Initiative for the Right to Memory and Racial Just,,Rua Dr Lauro Neiva 32 - Centro -D,,Duque de Caxias,,BR,25020-040,40000,"to support IDMJR to conduct research, mobilization, communication and education activities in Baixada Fluminense, Rio de Janeiro"
2021,263753801,Foundation to Promote Open Society,Innovations for Development (I4DEV),,292/29 Mawanda Road Kamwokya,,Kampala,,UG,22234,40000,to support health sector-related work of the grantee.
2021,263753801,Foundation to Promote Open Society,Insan Association (Lebanon),,Adib Ishak StreetMaalouf Building,,Beirut,,LE,,150000,to provide general support
2021,263753801,Foundation to Promote Open Society,Insan Association (Lebanon),,Adib Ishak StreetMaalouf Building,,Beirut,,LE,,95500,to provide paralegal support to refugees and vulnerable people in Beirut in order to improve legal aid and overcome obstacles of accessing justice
2021,263753801,Foundation to Promote Open Society,Institut fr Europische Politik,,Bundesallee 23,,Berlin,,GM,D-10717,59999,to support a virtual laboratory for junior researchers from Eurasia and research competition
2021,263753801,Foundation to Promote Open Society,Institut Maghrebin pour le Developpement Durable,,7 bis Ghandi Street,,Tunis,,TS,1001,200000,to provide a general support
2021,263753801,Foundation to Promote Open Society,Institut Maghrebin pour le Developpement Durable,,7 bis Ghandi Street,,Tunis,,TS,1001,32500,to support meetings and exchange workshops among youth in Tunisia in order to develop their social accountability and social participation capacities
2021,263753801,Foundation to Promote Open Society,Institut Prometheus,,16 Rue New York Ocean,,Rabat,,MO,10040,50000,to support educational programs
2021,263753801,Foundation to Promote Open Society,Institute for Development of Freedom of Informatio,,3 Griboedov Street,,Tbilisi,,GG,0108,23333,"to continue running and further developing the academic certification program on anti-corruption studies during the 2020/2021 academic year on the platform of Ilia State University in Tbilisi, Georgia"
2021,263753801,Foundation to Promote Open Society,Institute for Economic Justice,,Third Floor62 Juta StreetBraamfonte,,Johannesburg,,SF,2001,60000,to provide general support
2021,263753801,Foundation to Promote Open Society,Institute for Human Sciences,,Spittelauer Lnde 3,,Vienna,,AU,A-1090,1695000,to provide general support
2021,263753801,Foundation to Promote Open Society,Institute for Human Sciences,,Spittelauer Lnde 3,,Vienna,,AU,A-1090,275000,to enhance the research capacity of scholars in South Asia who are working on issues of rights and justice for the victims of forced migration and to set up a Europe-South Asia platform of research and critical policy knowledge on refugee and migration issues
2021,263753801,Foundation to Promote Open Society,Institute for Human Sciences,,Spittelauer Lnde 3,,Vienna,,AU,A-1090,61865,"to support the costs of a consultancy at the Grantee's Eurasia in Global Dialogue (EiGD) Program, which aims to help with EiGD's fellowship program, the Program's educational publications as well as with conference planning"
2021,263753801,Foundation to Promote Open Society,Institute for Security Studies Trust,,PO Box 1787Brooklyn Square,,Pretoria,,SF,0075,1029491,"Building on two prior project support grants, to ensure governmental transparency, prevent corruption, and strengthen the rule of law in South Africa by enhancing the National Prosecuting Authority's institutional effectiveness generally through continued provision of necessary technical support and, specifically, by helping to build the capacity of the Strategic and Innovations Unit in the office of the National Directorate of Public Prosecutions."
2021,263753801,Foundation to Promote Open Society,Institute in Defense of the Right to Defense (IDDD,,Avenida Liberdade 65 - Conj 1101,,Sao Paulo,,BR,CEP: 01503-000,100000,to provide general support
2021,263753801,Foundation to Promote Open Society,Institute in Defense of the Right to Defense (IDDD,,Avenida Liberdade 65 - Conj 1101,,Sao Paulo,,BR,CEP: 01503-000,100000,to provide general support
2021,263753801,Foundation to Promote Open Society,Institute of African Studies,,Anne Jiagge RoadUniversity of Ghana,,Legon,,GH,GHA,382500,to develop social and economic policy alternatives that will enable gender equitable structural transformation in Africa
2021,263753801,Foundation to Promote Open Society,Institutional Development Consulting Group - IDCG,,Calle 22N 5BN-21 Oficina 201 - V,,Cali,,CO,-,189000,to support an analysis on the effectiveness of security and coexistence planning in order to improve conditions in Afro-Colombian territories
2021,263753801,Foundation to Promote Open Society,Instituto 25A,,10 avenida 2-18 zona 4 Oficina 503,,Guatemala City,,GT,,200000,to provide general support
2021,263753801,Foundation to Promote Open Society,Instituto AMMA Psique e Negritude,,AVENIDA DOUTOR ARNALDO 2083 SUMARe,,So Paulo,,BR,01.255-000,100000,to provide general support
2021,263753801,Foundation to Promote Open Society,Instituto Clima e Sociedade,,Rua General Dionisio 14Humaita,,Rio de Janeiro,,BR,22271050,1500000,to provide general support
2021,263753801,Foundation to Promote Open Society,Instituto Clima e Sociedade,,Rua General Dionsio 14HumaitA,,,,BR,22271050,700000,to provide general support
2021,263753801,Foundation to Promote Open Society,Instituto de Defensa Legal (IDL),,Av Pardo y Aliaga N 268-272 San Is,,Lima,,PE,27,1350000,to provide general support
2021,263753801,Foundation to Promote Open Society,Instituto de Defensa Legal (IDL),,Av Pardo y Aliaga N 268-272 San Is,,Lima,,PE,27,305000,to provide general support
2021,263753801,Foundation to Promote Open Society,Instituto de Defensa Legal (IDL),,Av Pardo y Aliaga N 268-272 San Is,,Lima,,PE,27,80000,"to support IDL-Reporteros and REPI (Red Estructurada de Periodismo de Investigacion), a network that connects and optimizes the investigative work of journalists in Latin America"
2021,263753801,Foundation to Promote Open Society,Instituto De Machos A Hombres,,Ro Po 57,,Cuauhtemoc,,MX,06500,80000,"to support data collection, interventions, and work groups with the male population in Mexico in order to prevent male violence in all its forms"
2021,263753801,Foundation to Promote Open Society,Instituto de Referencia Negra Peregum,,Rua da Abolio 167,,So Paulo,,BR,01319-010,390000,to provide general support
2021,263753801,Foundation to Promote Open Society,Instituto del Tercer Mundo,,Avenida 18 de Julio 2095/301,,Montevideo,,UY,11200,185000,to provide general support
2021,263753801,Foundation to Promote Open Society,Instituto Desinstitute,,Qnn 3 Conjunto C casa 29,,Brasilia,,BR,72225033,80000,to provide general support
2021,263753801,Foundation to Promote Open Society,Instituto do Homem e Meio Ambiente da Amazonia - I,,Trav Dom Romualdo de Seixas 1698 1,,Belem,,BR,66055200,120000,to support a study and a blueprint for sustainable development and conservation in the Brazilian Amazon
2021,263753801,Foundation to Promote Open Society,Instituto do Homem e Meio Ambiente da Amazonia - I,,Trav Dom Romualdo de Seixas 1698 1,,Belem,,BR,66055200,70000,to provide general support
2021,263753801,Foundation to Promote Open Society,Instituto Incube,,Rua Scipio 506 Vila Romana,,So Paulo,,BR,05047-060,320000,to provide general support
2021,263753801,Foundation to Promote Open Society,Instituto Internacional de Politicas Publicas,,Frei Solano 18 - 302,,Rio De Janeiro,,BR,22471250,70000,to support a workshop and other events to track climate policy and government action in the Brazilian Amazon region
2021,263753801,Foundation to Promote Open Society,Instituto Liderazgo Simone de Beauvoir,,Tabasco 68 Roma Norte Cuauhtemoc,,Mexico City,,MX,06700,300000,to provide general support
2021,263753801,Foundation to Promote Open Society,Instituto Liderazgo Simone de Beauvoir,,Tabasco 68 Roma Norte Cuauhtemoc,,Mexico City,,MX,06700,200000,to provide general support
2021,263753801,Foundation to Promote Open Society,Instituto Makarapy,,ROD BR 010 KM 1327 Bananal,,Governador Edison Lobao,,BR,65.928-000,100000,to support independent and educational indigenous-led journalism in the Amazon in order to ensure coverage of issues impacting indigenous peoples
2021,263753801,Foundation to Promote Open Society,Instituto Maria e Joao Aleixo,,Rua Teixeira Ribeiro 535 - Mare,,Rio de Janeiro,,BR,21044251,125000,to support education on democracy for people in the Brazilian peripheries
2021,263753801,Foundation to Promote Open Society,Instituto Nueva Escuela Inc,,PO Box 23087,,San Juan,,RQ,00931-3087,30000,to provide general support
2021,263753801,Foundation to Promote Open Society,Instituto para las Mujeres en la Migracin,,Ave Mexico No 188Colonia del Carm,,Delegacin Coyoacn,,MX,04100,96000,to provide general support
2021,263753801,Foundation to Promote Open Society,Instituto PROMUNDO,,SCN Quadra 01 Bloco E Sala 202 - E,,Braslia,,BR,,250000,to provide general support
2021,263753801,Foundation to Promote Open Society,Instituto RIA AC,,Gamma 57 Romero de Terreros,,Coyoacan,,MX,04310,120000,to provide general support
2021,263753801,Foundation to Promote Open Society,Instituto Terra Trabalho e Cidadania (ITTC),,R Marques de It 298 - Vila Buarq,,So Paulo,,BR,01223-000,120000,to provide general support
2021,263753801,Foundation to Promote Open Society,Instituto Update,,R Arapiraca 228,,So Paulo,,BR,05443?020,90000,to expand democratic training among underprivileged groups in Latin America
2021,263753801,Foundation to Promote Open Society,Instituto Vladimir Herzog,,Avenida Brigadeiro Faria Lima 1853,,Sao Paulo,,BR,-,150000,to provide general support
2021,263753801,Foundation to Promote Open Society,International Commission of Jurists,,33 rue des Bains PO Box 1211,,Geneva,,SZ,1211,150000,to provide general operating support
2021,263753801,Foundation to Promote Open Society,International Commission of Jurists,,33 rue des Bains PO Box 1211,,Geneva,,SZ,1211,150000,to provide general support
2021,263753801,Foundation to Promote Open Society,International Commission of Jurists,,33 rue des Bains PO Box 1211,,Geneva,,SZ,1211,100000,to provide general support
2021,263753801,Foundation to Promote Open Society,International Commission of Jurists- Kenya Chapter,,Vihiga Road Kileleshwa PO Box 5,,Nairobi,,KE,,200000,to provide general support
2021,263753801,Foundation to Promote Open Society,International Committee on the Rights of Sex Worke,,Patrick VignalAvenue Minerve Boite,,Belguim,,BE,1190,100000,to provide general support
2021,263753801,Foundation to Promote Open Society,International Council of AIDS Service Organization,,120 Carlton Street Suite 311,,Toronto,,CA,M5A 4K2,59700,"to support three leading HIV service and advocacy organizations in Venezuela to monitor shipments of HIV drugs coming from the Global Fund to Fight AIDS, TB and Malaria (Global Fund) and other humanitarian organizations; accompany patients in their attempts to access their medicines; and expose ongoing treatment stock-outs and other human rights violations suffered by health and HIV advocates"
2021,263753801,Foundation to Promote Open Society,International Development Economics Associates,,34 St Georges ManorMandelbrote Dr,,Oxford,,OC,OX4 4TN,90000,to provide general support
2021,263753801,Foundation to Promote Open Society,International Disability Alliance,,150 Route de Ferney PO Box 2100,,Genve,,SZ,CH-1211,104000,to elevate the voices of people with psycho-social disabilities in Asia Pacific through building a network of self-advocacy organizations through the region
2021,263753801,Foundation to Promote Open Society,International Domestic Workers Federation- Swiss,,c/o IUFRampe du Pont-Rouge 8,,PetitLancy,,SZ,1213,2600000,to provide general support
2021,263753801,Foundation to Promote Open Society,International Domestic Workers Federation- Swiss,,c/o IUFRampe du Pont-Rouge 8,,PetitLancy,,SZ,1213,550000,to provide general support
2021,263753801,Foundation to Promote Open Society,International Drug Policy Consortium,,1st Floor 61 Mansell Street,,London,,UK,E1 8AN,400000,to provide general support
2021,263753801,Foundation to Promote Open Society,International Labour Organization,,Route des Morillons 4 1202,,Genve,,SZ,,112500,"to support the work of the National Directorate of Economy, Equality, and Gender (DNEIyG), which aims to promote workerswomen's rights, encourage decent employment opportunities, enhance social protection, and strengthen social dialogue on work-related issues"
2021,263753801,Foundation to Promote Open Society,International Lesbian Gay Bisexual Trans and In,,rue du Trone 60,,Brussels,,BE,B-1050,700000,to provide general support
2021,263753801,Foundation to Promote Open Society,International Media Support (IMS),,Norregade 18 2nd floor,,Copenhagen,,DA,DK-1165,250000,to provide emergency support to the independent media sector in the Arab region in light of the COVID-19 pandemic
2021,263753801,Foundation to Promote Open Society,International Media Support (IMS),,Norregade 18 2nd floor,,Copenhagen,,DA,DK-1165,605000,to support the independent media sector in the Arab region through strategic support to digital front-runners and promising start-up media organizations
2021,263753801,Foundation to Promote Open Society,International Network of Civil Liberties Organizat,,49 Avenue Blanc,,Geneva,,SZ,1202,100000,"to enable the Grantee to (1) improve the efficacy of its members' human rights advocacy through training, knowledge-sharing, and other capacity-building activities and (2) develop its programmatic research and educational efforts on the subjects of police brutality and assembly rights; informational rights; religious freedom and equal treatment; and the closing space for civil society and democratic dissent"
2021,263753801,Foundation to Promote Open Society,International Partnership for Human Rights (IPHR),,Rue Belliard 205,,Brussels,,BE,1040,1150000,to provide general support
2021,263753801,Foundation to Promote Open Society,International Partnership for Human Rights (IPHR),,Rue Belliard 205,,Brussels,,BE,1040,980000,to provide general support
2021,263753801,Foundation to Promote Open Society,International Partnership for Human Rights (IPHR),,Rue Belliard 205,,Brussels,,BE,1040,265000,to provide general support for IPHR's human rights work in the Eurasia region
2021,263753801,Foundation to Promote Open Society,International Planned Parenthood Federation Europe,,55 Rue Royale,,Brussels,,BE,1000,600000,to provide general support
2021,263753801,Foundation to Promote Open Society,International Planned Parenthood Federation Europe,,55 Rue Royale,,Brussels,,BE,1000,300000,to support sexual and reproductive rights work in Europe
2021,263753801,Foundation to Promote Open Society,International Service for Human Rights,,Rue Varembe 1 POBox 16,,Geneva CIC,,SZ,CH-1211,75000,to support the knowledge-sharing and coordination efforts of HRC-Net's member NGOs to work towards improved human rights outcomes through an annual convening and support of the HRC-Net coordinator position
2021,263753801,Foundation to Promote Open Society,International Step by Step Association,,Child Rights HomeHooglandse Kerkgra,,Leiden,,NL,2312 HS,333333,"to provide core support funding for the International Step by Step Association (ISSA), an OSF spin-off organization that represents part of the legacy of the Step by Step program"
2021,263753801,Foundation to Promote Open Society,International Trade Union Confederation,,Bld du Roi Albert II 5,,Brussels,,BE,1210,2800000,"to support the Grantee's work to strengthen women's leadership in the labor movement, and to enable trade union engagement in important processes related to migrant worker rights and climate change"
2021,263753801,Foundation to Promote Open Society,International Trade Union Confederation,,Bld du Roi Albert II 5,,Brussels,,BE,1210,350000,"to support the Grantee's work to strengthen women's leadership in the labor movement, and to enable trade union engagement in important processes related to migrant worker rights and climate change."
2021,263753801,Foundation to Promote Open Society,International Treatment Preparedness Coalition,,104 Oxford Road Houghton EstateRos,,Johannesburg,,SF,2196,600000,to provide general support
2021,263753801,Foundation to Promote Open Society,International Treatment Preparedness Coalition,,104 Oxford Road Houghton EstateRos,,Johannesburg,,SF,2196,303000,to provide general support
2021,263753801,Foundation to Promote Open Society,International Women's Rights Action Watch Asia-Pac,,10-2 Jalan Bangsar Utama 9,,Kuala Lumpur,,MY,59000,400000,to provide general support
2021,263753801,Foundation to Promote Open Society,Internews Europe,,43-51 New N Rd Hoxton,,London,,UK,N1 6LU,200000,to provide general support
2021,263753801,Foundation to Promote Open Society,Intersecta Organizacion para la Igualdad AC,,Orizaba 154 Oficina 207 Col Roma,,Mexico City,,MX,06700,150000,to provide general support
2021,263753801,Foundation to Promote Open Society,Intersection Foundation,,Svitrigailos st 11k -109,,Vilnius,,LH,-,65000,to provide general support
2021,263753801,Foundation to Promote Open Society,Investigative Reporting Project Italy,,Viale Giulio Cesare 92,,Roma,,IT,00192,57500,to provide general support
2021,263753801,Foundation to Promote Open Society,Ir Amim,,9 Herechavim street,,Jerusalem,,IS,94581,70000,to provide general support
2021,263753801,Foundation to Promote Open Society,Irish Family Planning Association,,Solomons House42a Pearse Street,,Dublin,,EI,2,200000,to provide general support
2021,263753801,Foundation to Promote Open Society,Irish Family Planning Association,,Solomons House42a Pearse Street,,Dublin,,EI,2,100000,to provide general support
2021,263753801,Foundation to Promote Open Society,IZ Verein zur Forderung von Vielfalt Dialog und,,Lilienbrunngasse 18/2/58,,Vienna,,AU,1020,220000,to provide general support
2021,263753801,Foundation to Promote Open Society,Jagaran Media Center,,Post Box No19619,,Kathmandu,,NP,,15000,to support evidence-based advocacy to pursue justice for victims of caste-based discrimination and untouchability
2021,263753801,Foundation to Promote Open Society,Jinsiangu,,No 32 Acacia Drive Mt View Esta,,Nairobi,,KE,00200,25000,"to improve the healthcare situation of the Kenyan marginalised community, and to improve the legal and social situation of the marginalised"
2021,263753801,Foundation to Promote Open Society,Jubilee Debt Campaign,,Oxford HouseDerbyshire Street,,London,,UK,E2 6HG,50000,to secure structural change to tackle irresponsible and exploitative lending
2021,263753801,Foundation to Promote Open Society,Judicial Reform Foundation,,Fl7 No3 Lane 90 Song-Chiang Rd,,Taipei,,TW,10456,225000,to provide general support
2021,263753801,Foundation to Promote Open Society,JUSTA,,Rua Bartira 654,,So Paulo,,BR,05009-000,140000,to provide general support
2021,263753801,Foundation to Promote Open Society,Justica Global,,Av Beira Mar 406/1207,,Rio de Janeiro,,BR,20021-900,100000,to provide general support
2021,263753801,Foundation to Promote Open Society,Justica Global,,Av Beira Mar 406/1207,,Rio de Janeiro,,BR,20021-900,34000,"to support a South-South exchange for victims' movements from Brazil, Mexico, Colombia and another country"
2021,263753801,Foundation to Promote Open Society,Justice Association for Fair Trials,,N 2 imm 8 rue Cameroun Avenue Hassa,,Rabat,,MO,,150000,to provide general support
2021,263753801,Foundation to Promote Open Society,Justice Center for Legal Aid,,37 Al-Lud Street Jabal Al-Hussein,,Amman,,JO,11184,875000,to support access to justice through grassroots legal and administrative assistance provided by community facilitators and legal consultants
2021,263753801,Foundation to Promote Open Society,Kampania Przeciw Homofobii,,ul Solec 30a,,Warsaw,,PL,00-403,125000,to provide general support
2021,263753801,Foundation to Promote Open Society,Kampania Przeciw Homofobii,,ul Solec 30a,,Warsaw,,PL,00-403,62500,to provide general support
2021,263753801,Foundation to Promote Open Society,Kayan-Feminist Organization,,118 Arlozorov Street,,Haifa,,IS,33276,112500,to provide general support
2021,263753801,Foundation to Promote Open Society,Keeping Alive Societies Hope,,Maseno University Retirement Bene,,Kisumu,,KE,,70000,to provide general support
2021,263753801,Foundation to Promote Open Society,Kenya Hospices and Palliative Care Association (KE,,Suite 2-2 Top Plaza Kindaruma Roa,,Kilimani Nairobi,,KE,00202,100000,to provide general support
2021,263753801,Foundation to Promote Open Society,Kenya Human Rights Commission,,Gitanga Road opp Valley Arcade Sho,,Nairobi,,KE,00100,200000,to provide general support
2021,263753801,Foundation to Promote Open Society,Kituo Cha Sheria,,Ole Odume Road Off Arwings Kodhek,,Nairobi,,KE,,100000,to support the inclusion and integration of refugees in Kenya
2021,263753801,Foundation to Promote Open Society,kolekTIRV For the rights of trans intersex and,,Krapinska 27,,Zagreb,,HR,10000,90000,to provide general support
2021,263753801,Foundation to Promote Open Society,Kosovo Foundation for Open Society,,Rr Imzot Nike Prela Vila 13,,Pristina,,KV,10000,1723000,to provide general support
2021,263753801,Foundation to Promote Open Society,L'Art Rue,,09 rue Bach Hamba,,Medina de Tunis,,TS,01009,75000,to provide general support
2021,263753801,Foundation to Promote Open Society,LaboCiudadano,,Av Los Cortijos Edif Residencias C,,Caracas,,VE,1060,70000,to support sustainable and inclusive spaces for citizen action and reflection focused on Human Rights and nonviolence in Venezuela
2021,263753801,Foundation to Promote Open Society,Le Centre d'art de Port-au-Prince,,58 rue Roy,,Port au Prince,,HA,,999998,"to support the Caribbean Culture Fund which aims to promote social and cultural justice and foster intercultural dialogue and mutual understanding, by providing financial resources and programs to support individual and collaborative projects led by artists and cultural organizations based in the region"
2021,263753801,Foundation to Promote Open Society,Legal Agenda (Al Mufakkira al-Qannuniya),,Beni Kanaan Street Joseph Moawad B,,Beirut,,LE,NA,75000,to support a disaster management analysis in response to the crises in Lebanon resulting from the Beirut explosion as well as Covid-19
2021,263753801,Foundation to Promote Open Society,Legal Agenda (Al Mufakkira al-Qannuniya),,Beni Kanaan Street Joseph Moawad B,,Beirut,,LE,NA,380000,to provide general support
2021,263753801,Foundation to Promote Open Society,Legal Aid and Consultancy Center,,GPO Box - 3216 Man Bhavan Lalitp,,Kathmandu,,NP,,10000,to support the Grantee's work on legal aid and community justice
2021,263753801,Foundation to Promote Open Society,Legal Resources Foundation Trust,,Hurlingharm 209 Lenana Road,,Nairobi,,KE,34720 00100,125000,to provide general support
2021,263753801,Foundation to Promote Open Society,Liberal Alternative for Roma Civil Unification - L,,4 Burevestnik str,,Kjustendil,,BU,2500,200000,to provide general support
2021,263753801,Foundation to Promote Open Society,Luca Coscioni Association,,via di San Basilio 64,,Rome,,IT,00187,50000,to provide general support
2021,263753801,Foundation to Promote Open Society,Mada al-Carmel - Arab Center for Applied Social Re,,PO Box 913251 Allenby Street,,Haifa,,IS,31090,300000,to provide general support
2021,263753801,Foundation to Promote Open Society,Mama Cash,,Eerste Helmersstraat 17-III1054 CX,,Amsterdam,,NL,1054,100000,to support the Red Umbrella Fund in their work to build capacity in sex worker organizations
2021,263753801,Foundation to Promote Open Society,Mawazo Institute Nairobi,,Sarit Centre Ikigai Coworking,,Nairobi,,KE,-,125000,"to provide space for engagement for science and research in order to give voice to African thinkers, researchers, experts, and other practitioners advancing the social policy agenda and looking at new ways to achieve resilient economies"
2021,263753801,Foundation to Promote Open Society,Mboalab,,PO Box 31066,,Yaounde,,CM,,24500,to provide general support
2021,263753801,Foundation to Promote Open Society,Media Academy Nepal,,Dhangadhi-1,,Kailali,,NP,,5000,to support local media in their work to amplify the key issues and concerns created by Covid-19 through a situation analysis study and mentorship program
2021,263753801,Foundation to Promote Open Society,Media DoR Association,,Str Jean-Louis Calderon nr 17 sc,,Bucharest,,RO,020021,120000,to provide general support
2021,263753801,Foundation to Promote Open Society,Media Institute of the Caribbean,,22B Old Hope Road,,Kingston,,JM,,100000,"to support the Grantee's work to monitor and evaluate the use of financial resources in response to Covid19 in the Caribbean to ensure that make sure there is no corruption, abuse of funding, or delayed responses"
2021,263753801,Foundation to Promote Open Society,Media Legal Defence Initiative,,5 Chancery Lane,,London,,UK,WC2A 1LG,250000,to provide general support
2021,263753801,Foundation to Promote Open Society,Memorial Chico Mendes,,Rua Teofilo Said,,Manaus,,BR,69.054-693,50000,to support a series of workshops and a festival which will educate young people from disadvantaged communities about preservation of the Amazon Rainforest
2021,263753801,Foundation to Promote Open Society,Mental Health Europe,,Rue de la Presse 4,,Brussels,,BE,10000,250000,to provide general support
2021,263753801,Foundation to Promote Open Society,Merdeka Strategic Development Centre Sdn Bhd,,910B Kompleks DiamondJalan Medan Ba,,Bandar Baru Bangi,,MY,43650,100000,to support youth leadership training and civic and democracy education
2021,263753801,Foundation to Promote Open Society,Mesa Multisectorial del Bosque Modelo de Puerto Ri,,UPR Recinto de Utuado Carr 123 km,,Utuado,,RQ,00641,20000,to coordinate activities and special events to benefit a network of social and economic development mutual aid centers located in marginalized rural communities in Puerto Rico
2021,263753801,Foundation to Promote Open Society,Mexico Evalua Centro de Analisis de Politicas Publ,,Jaime Balmes No 11 Piso 2 Torre,,Mexico City,,MX,11510,100000,"to support the development of a new program for public security, including the launch and implementation of a research and advocacy strategy"
2021,263753801,Foundation to Promote Open Society,Migrant Rights Centre Ireland,,13 Lower Dorsert Street,,Dublin,,EI,1,140000,to provide general support
2021,263753801,Foundation to Promote Open Society,Migrants Organise Ltd,,196 Freston Road,,London,,UK,W10 6TT,38000,to provide general support
2021,263753801,Foundation to Promote Open Society,Migrants Organise Ltd,,196 Freston Road,,London,,UK,W10 6TT,65000,to provide general support
2021,263753801,Foundation to Promote Open Society,Migrar es Vivir AC,,Ayuntamiento 35 esquina Marroqu 8,,Mexico City,,MX,-,200000,to provide general support
2021,263753801,Foundation to Promote Open Society,Milynali Red Cfc AC,,Calle Constitucin 112,,Tamuin,,MX,-,50000,to strengthen and consolidate citizen search collectives in order to follow-up and monitor the forensic crisis in Mexico
2021,263753801,Foundation to Promote Open Society,Minassa,,Bsalim Street No 2 Majzoob Build,,Beirut,,LE,,37500,to provide the Lebanese public with a simplified guide dedicated to understanding the Lebanese financial and debt crisis
2021,263753801,Foundation to Promote Open Society,Mnemonic,,Bosestr 23,,Berlin,,GM,12103,75000,to support work to document and analyze human rights violations as a means of contributing to overall justice and accountability efforts in Yemen
2021,263753801,Foundation to Promote Open Society,Mnemonic,,Bosestr 23,,Berlin,,GM,12103,100000,to support work on preserving and analyzing digital documentation of human rights violations in the MENA region
2021,263753801,Foundation to Promote Open Society,Moroccan Prison Observatory,,10 rue des Batignolles Apt 7Belved,,Casablanca,,MO,20300,105000,to provide general support
2021,263753801,Foundation to Promote Open Society,Motu Economic and Public Policy Research Trust,,Level 1 97 Cuba StreetPO Box 24390,,Wellington,,NZ,6142,75000,"to support the continued production of reliable data on the human rights performance of states across rights, countries and time"
2021,263753801,Foundation to Promote Open Society,Movimiento de Veeduria Civica de Old Providence,,Cabanas Miss ElmaFresh Water Bay,,Providencia,,CO,-,60000,to strengthen investigative and scientific support in defense of human rights and hurricane recovery in Providencia and Santa Catalina
2021,263753801,Foundation to Promote Open Society,Muntada - The Arab Forum for Sexuality and Health,,PO Box 8502,,Haifa,,IS,31085,200000,to provide general support
2021,263753801,Foundation to Promote Open Society,Musawah Global Vision Berhad,,15 Jalan Limau PurutBangsar Park,,Kuala Lumpur,,MY,59000,320000,to provide general support
2021,263753801,Foundation to Promote Open Society,Muslim Education and Welfare Association (MEWA),,Shariff Nassir Road,,Mombasa,,KE,,85000,to provide general support
2021,263753801,Foundation to Promote Open Society,Mwatana Organization for Human Rights,,West Dairy St next to Aljeel Aljad,,Sanaa,,YM,,200000,to provide general support
2021,263753801,Foundation to Promote Open Society,Mwatana Organization for Human Rights,,West Dairy St next to Aljeel Aljad,,Sanaa,,YM,,75000,to support the monitoring of violations against detainees in Yemen and to advocate for their rights and release amidst Covid-19
2021,263753801,Foundation to Promote Open Society,National Association of Displaced Afro-Colombians,,Calle 17 No 10-11 Piso 3,,Bogota DC,,CO,-,50000,to provide general support
2021,263753801,Foundation to Promote Open Society,National Association of Displaced Afro-Colombians,,Calle 17 No 10-11 Piso 3,,Bogota DC,,CO,-,100000,to provide general support
2021,263753801,Foundation to Promote Open Society,National Association of Displaced Afro-Colombians,,Calle 17 No 10-11 Piso 3,,Bogota DC,,CO,-,240000,to improve security conditions and implement collective and individual protection measures for Colombian social leaders with an ethnic-differential approach
2021,263753801,Foundation to Promote Open Society,National Association of Quilombos for Cooperation-,,Rua QE 24 Conjunto A Casa 2 Ter,,Brasilia DF,,BR,71060-010,100000,to provide general support
2021,263753801,Foundation to Promote Open Society,National Ugly Mugs,,209 Green Fish Resource Centre 46-,,Manchester,,OC,M4 1LE,80000,to provide general support
2021,263753801,Foundation to Promote Open Society,Natural Justice,,Mercantile Building 63 Hout Street,,Cape Town,,SF,8001,200000,"to support frontline and impacted communities and lawyers to build strategic climate litigation cases in South Africa, Kenya, Senegal, and Madagascar that will set precedent on mitigation and adaptation"
2021,263753801,Foundation to Promote Open Society,NEF Network of European Foundations for Innovative,,Philanthropy House 94 Rue Royale,,Brussels,,BE,1000,200000,"to support the Civitates Fund, a collaborative philanthropic initiative for supporting resilient civil societies and a healthy public discourse online for shaping vibrant and open European democracies"
2021,263753801,Foundation to Promote Open Society,Network of African National Human Rights Instituti,,2nd Floor CVS Plaza Lenana Road,,Nairobi,,KE,00200,100000,to provide general support
2021,263753801,Foundation to Promote Open Society,Network of Arab Arthouse Screens,,Armenia Street,,Beirut,,LE,,112500,to provide general support
2021,263753801,Foundation to Promote Open Society,Network of Communities and Movements Against Viole,,Rua Evaristo da Veiga n 35 Sala,,Rio de Janeiro,,BR,-,39877,to support Grantee's work in protecting and promoting the rights of victims of state-sponsored violence and their families during the COVID-19 pandemic in Brazil
2021,263753801,Foundation to Promote Open Society,Network of Education Policy Centers (NEPC),,Amruseva 8,,Zagreb,,HR,10000,165000,to further support the institutional development of the Network of Education Policy Centers
2021,263753801,Foundation to Promote Open Society,Netzwerk integrierte Gesundheitsversorgung Pinel g,,Czeminskistr 5,,Berlin,,GM,10829,100000,to provide general support
2021,263753801,Foundation to Promote Open Society,New Economy Organisers Network,,Thor House 49 Guildford Road Bags,,Surrey,,OC,GU19 5NG,173000,to provide general support
2021,263753801,Foundation to Promote Open Society,New Economy Organisers Network,,Thor House 49 Guildford Road Bags,,Surrey,,OC,GU19 5NG,70150,"to support the work of Nurses United, a powerful movement of nurses supporting greater education and awareness raising to advance health rights in the NHS"
2021,263753801,Foundation to Promote Open Society,New Vitality Independent Living Association Taipei,,Zhongxiao East Road Segment 6 188,,Taipei,,TW,-,90000,to provide general support
2021,263753801,Foundation to Promote Open Society,NGO Partnership for Human Rights,,Aleksidze str 1 Block 2 Apt 26,,Tbilisi,,GG,00193,100000,to provide general support
2021,263753801,Foundation to Promote Open Society,Non-governmental Association for Social Developmen,,24 Fuchik Street,,Bishkek,,KG,720021,70000,to provide general support
2021,263753801,Foundation to Promote Open Society,Noria Research,,50 rue des Tournelles,,Paris,,FR,75003,66500,to provide general support
2021,263753801,Foundation to Promote Open Society,Noria Research,,50 rue des Tournelles,,Paris,,FR,75003,25000,to support research on elections-related violence in Mexico during the mid-term 2021 elections
2021,263753801,Foundation to Promote Open Society,Norwegian Helsinki Committee,,Kirkegata 5,,Oslo,,NO,00153,985300,to provide general support
2021,263753801,Foundation to Promote Open Society,Nossas Cidades,,Rua Jardim Botnico 635 sala 406,,Rio de Janeiro,,BR,22470-050,70000,to provide general support
2021,263753801,Foundation to Promote Open Society,Nuestra Escuela,,273 Calle Sierra MorenaUrb La Cumbr,,San Juan,,RQ,00926,30000,to support the Grantee's education and community organizing efforts of agroecological farmers in Puerto Rico
2021,263753801,Foundation to Promote Open Society,OC Media,,6a S Chikovani St,,Tbilisi,,GG,0102,80000,provide general support
2021,263753801,Foundation to Promote Open Society,OC Media,,6a S Chikovani St,,Tbilisi,,GG,0102,25000,"to strengthen human rights and social justice in the South Caucasus by raising public awareness of democracy, human rights, peace, and social justice"
2021,263753801,Foundation to Promote Open Society,Odara Instituto da Mulher Negra,,Rua Augusto Frana 145 Dois de Julh,,Salvador,,BR,40060-090,300000,to provide general support
2021,263753801,Foundation to Promote Open Society,Office of Civil Liberties,,19 Ayni Street Apt 7,,Dushanbe,,TI,,155000,to provide general support
2021,263753801,Foundation to Promote Open Society,Office of Civil Liberties,,19 Ayni Street Apt 7,,Dushanbe,,TI,,85000,to provide general operating support
2021,263753801,Foundation to Promote Open Society,Office of Civil Liberties,,19 Ayni Street Apt 7,,Dushanbe,,TI,,44983,to strengthen civic activism by capacity building of existing public places and involving youth in human rights
2021,263753801,Foundation to Promote Open Society,Office of the United Nations High Commissioner for,,Palais Wilson Rue des Paquis 52,,Geneva,,SZ,1211,79981,"to support the UN Independent Expert on debt, financial obligations and human rights and that office's work on Debt relief, debt crisis prevention and resolution in the COVID-19 era and beyond"
2021,263753801,Foundation to Promote Open Society,Open Culture Foundation,,7F No142 Linsen S Rd Zhongzhe,,Taipei,,TW,00100,219236,to provide general support
2021,263753801,Foundation to Promote Open Society,Open Estonia Foundation,,Kentmanni 10-18,,Tallinn,,EN,10116,178000,to provide general support
2021,263753801,Foundation to Promote Open Society,Open Society Forum - Mongolia,,Jamiyan gun Street 5/1 Sukhbaatar,,Ulaanbaatar,,MG,48,1233893,"to provide support for non-lobbying charitable activities including governance and policy issue activities such as monitoring elections, expanding access to justice, promoting transparency in natural resource revenues, increasing citizen oversight of government budgets and expenditures, and strengthening the capacity of advocates for inclusive education"
2021,263753801,Foundation to Promote Open Society,Open Society Foundation for Albania,,Rr Qemal Stafa P120/2,,Tirana,,AL,,477348,to provide general support
2021,263753801,Foundation to Promote Open Society,Open Society Foundation for Albania,,Rr Qemal Stafa P120/2,,Tirana,,AL,,1753296,to provide general support
2021,263753801,Foundation to Promote Open Society,Open Society Foundation for South Africa,,Park Lane 2nd floor Lobby 2 Bloc,,Cape Town,,SF,7450,1700000,"to support grantee's non-lobbying clean energy campaign, which aims to improve the conditions, lives, and livelihoods of people most vulnerable and affected by climate change"
2021,263753801,Foundation to Promote Open Society,Open Society Foundation for South Africa,,Park Lane 2nd floor Lobby 2 Bloc,,Cape Town,,SF,7450,4674342,"to support non-lobbying program activities related to criminal justice, human rights, democracy building, public health, media freedom and access to information"
2021,263753801,Foundation to Promote Open Society,Open Society Foundation for South Africa,,Park Lane 2nd floor Lobby 2 Bloc,,Cape Town,,SF,7450,700000,"to support grantee's COVID response work, which will include provisions for rapid testing and biomedical supplies for marginalized communities in South Africa"
2021,263753801,Foundation to Promote Open Society,Open Society Foundation gGmbH,,Jagerstarsse 54/55 10117,,Berlin,,GM,,1094776,"to support non-lobbying activities and programs promoting open, democratic societies around the world"
2021,263753801,Foundation to Promote Open Society,Open Society Foundation gGmbH,,Jagerstarsse 54/55 10117,,Berlin,,GM,,1490000,"to support non-lobbying activities and programs promoting open, democratic societies around the world"
2021,263753801,Foundation to Promote Open Society,Open Society Foundation London,,4th Floor Herbal House8 Back Hill,,London,,UK,EC1R 5EN,43671524,"to support non-lobbying activities and programs promoting open, democratic societies around the world"
2021,263753801,Foundation to Promote Open Society,Open Society Foundation Serbia,,Resavska 22,,Belgrade,,RI,11000,1564000,"to provide support for non-lobbying activities which support good governance and democratic practice, equality and inclusion of ethnic, racial and religious minorities, pluralism and public sphere"
2021,263753801,Foundation to Promote Open Society,Open Society Fund - Bosnia and Herzegovina,,Marsala Tita 19/III,,Sarajevo,,BK,71000,821167,"to provide support for non-lobbying activities supporting access to justice/legal empowerment of the poor and marginalized, the civic democracy movement, as well as equality and inclusion in education, health establishments, the fiscal system, and for the LGBTI and Roma populations"
2021,263753801,Foundation to Promote Open Society,Open Society Institute Assistance Foundation - Taj,,37/1 Bokhtar Street Vefa Business,,Dushanbe,,TI,734 002,15243,to provide general support
2021,263753801,Foundation to Promote Open Society,Open Society Institute Assistance Foundation - Taj,,37/1 Bokhtar Street Vefa Business,,Dushanbe,,TI,734 002,133757,to provide general support
2021,263753801,Foundation to Promote Open Society,Open Society Institute Assistance Foundation - Taj,,37/1 Bokhtar Street Vefa Business,,Dushanbe,,TI,734 002,357437,to provide general support
2021,263753801,Foundation to Promote Open Society,Open Society Institute Assistance Foundation - Taj,,37/1 Bokhtar Street Vefa Business,,Dushanbe,,TI,734 002,2244001,to provide general support
2021,263753801,Foundation to Promote Open Society,Organisation Intersex International Europe eV,,Heidelbergerstr 64,,Berlin,,GM,12435,60000,to provide general support
2021,263753801,Foundation to Promote Open Society,Organizacion Nacional Indigena de Colombia,,Calle 12b 4 - 38,,Bogota DC,,CO,-,100000,to provide general support
2021,263753801,Foundation to Promote Open Society,Organization against Torture in Tunisia (OCTT),,56 avenue de la Liberte,,Tunis,,TS,1002,80000,to provide general support
2021,263753801,Foundation to Promote Open Society,Oromo Horn von Afrika Zentrum eV (OHAZ),,Prinzenallee 81,,Berlin,,GM,13357,140000,to provide general support
2021,263753801,Foundation to Promote Open Society,Overseas Development Institute,,203 Blackfriars Road,,London,,UK,SE1 8NJ,750000,to provide general support
2021,263753801,Foundation to Promote Open Society,Palestinian Performing Arts Network,,Askar Building 4th Floor Jerusale,,Al Bireh,,OC,-,300000,to provide general support
2021,263753801,Foundation to Promote Open Society,Palliative Care Association of Uganda (PCAU),,Plot 8804 Block 383 Kitende Enteb,,Kampala,,UG,,63000,to provide general support
2021,263753801,Foundation to Promote Open Society,PALOMA,,33 rue Foure,,Nantes,,FR,44000,70000,to provide general support
2021,263753801,Foundation to Promote Open Society,Palpa Development Center,,Tansen,,Palpa,,NP,,24000,"to support the grantee to perform as Nepal's provincial media think tank organization wherein capacity building, policy debates, and discussions are held around the protection of freedom of expression and people-centric journalism"
2021,263753801,Foundation to Promote Open Society,Partners For Democratic Change Hungary Partners Hu,,Rakoczi Street 224th floor/24,,Budapest,,HU,HU 1072,200000,to provide general support
2021,263753801,Foundation to Promote Open Society,Peace Brigades International UK,,465a Hornsey RoadUnit 6,,London,,UK,N19 4DR,75000,to provide general support
2021,263753801,Foundation to Promote Open Society,Penal Reform International,,The Green House 244-254 Cambridge,,London,,UK,E2 9DA,110000,to provide general support
2021,263753801,Foundation to Promote Open Society,People in Need (Clovek v tisni o p s),,Safarkova 24,,Praha,,EZ,12000,650000,to provide general support
2021,263753801,Foundation to Promote Open Society,People in Need (Clovek v tisni o p s),,Safarkova 24,,Praha,,EZ,12000,160500,to strengthen the resilience and protection of human rights defenders and enhance their capacities in Eurasia
2021,263753801,Foundation to Promote Open Society,Peruvian Down Syndrome Society,,Las Orquideas 266,,Surquillo Lima,,PE,34,120000,to provide general support
2021,263753801,Foundation to Promote Open Society,Plataforma Eje Inc,,9 Calle Alpierre,,Guaynabo,,RQ,00969,150000,to provide general support
2021,263753801,Foundation to Promote Open Society,Plateforme de protection des lanceurs d'alerte en,,156 rue de Rivoli,,Paris,,FR,75001,400000,to provide general support
2021,263753801,Foundation to Promote Open Society,Polish Academy of Sciences Institute of Philosoph,,Graduate School for Social Research,,Warsaw,,PL,00-330,49000,To contribute to the running costs of GSSR in order to free some of the School's resources for award of stipends for students from selected countries as part of a targeted recruitment campaign.
2021,263753801,Foundation to Promote Open Society,Polish Society of Anti-discrimination Law,,ul Warecka 8/91,,Warsaw,,PL,00 040,90000,to provide general support
2021,263753801,Foundation to Promote Open Society,Pontificia Universidad Catolica de Chile,,Av Vicuna Mackenna 4860 Macul,,Santiago,,CI,-,88000,"to support the Grantee's program, Abdul Latif Jameel Poverty Action Lab, research and piloting work on a comprehensive response to femicide in Mexico City"
2021,263753801,Foundation to Promote Open Society,Pontificia Universidad Javeriana Bogota,,Carrera 7 No 40 - 62,,Bogota,,CO,,150000,to support Observatorio Fiscal's Women and Fiscal Policy Initiative
2021,263753801,Foundation to Promote Open Society,Pontificia Universidad Javeriana Bogota,,Carrera 7 No 40 - 62,,Bogota,,CO,,140000,to develop a macroeconomic model integrating the care economy for Colombia
2021,263753801,Foundation to Promote Open Society,Prayatna Nepal,,Talshikhel-14 Lalitpur Metropoli,,ThalshikhelLalitpur Metropolitan,,NP,-,24500,to support digital accessibility for persons with disabilities
2021,263753801,Foundation to Promote Open Society,Prison Reform Trust,,15 Northburgh Street,,London,,UK,EC1V 0JR,600000,to provide general support
2021,263753801,Foundation to Promote Open Society,Prison Reform Trust,,15 Northburgh Street,,London,,UK,EC1V 0JR,55000,"to support the continued development of an access to justice knowledge hub for persons with disabilities, enabling people from around the world to share knowledge and expertise"
2021,263753801,Foundation to Promote Open Society,Prisons Care and Counseling Association (PRISCCA),,FINDECO House 19th floor Cairo Ro,,Lusaka,,ZA,10101,175000,to provide general support
2021,263753801,Foundation to Promote Open Society,Privacy International,,62 Britton Street,,London,,UK,EC1M 5UY,50000,to enable and empower privacy activism in Eurasia
2021,263753801,Foundation to Promote Open Society,Producciones Red Comunica Investiga Conecta S de,,Colonia Palmira Avenida la Paz Ed,,tegucigalpa,,HO,11101,75000,to support educational and independent investigative journalism in Honduras
2021,263753801,Foundation to Promote Open Society,Programa Companeros A C,,Av de la Raza 2661 Silvias,,Ciudad Juarez,,MX,32330,150000,to provide general support
2021,263753801,Foundation to Promote Open Society,Programa Companeros A C,,Av de la Raza 2661 Silvias,,Ciudad Juarez,,MX,32330,150000,to provide general support
2021,263753801,Foundation to Promote Open Society,Programa Venezolano de Educacion Accion en Derecho,,Bulevar Panten Edificio Centro Pl,,Caracas,,VE,,650000,to provide general support
2021,263753801,Foundation to Promote Open Society,Proiuris,,Orinoco St Los Olivos Bello Monte,,Caracas,,VE,1050,100000,to provide general support
2021,263753801,Foundation to Promote Open Society,Proiuris,,Orinoco St Los Olivos Bello Monte,,Caracas,,VE,1050,25000,"to support a legal aid network to benefit activists at risk and their families by providing legal aid and legal representation, monitoring and reporting"
2021,263753801,Foundation to Promote Open Society,Promsex,,Av Jose Pardo 601 Oficina 604 M,,Lima,,PE,,300000,to provide general support
2021,263753801,Foundation to Promote Open Society,Pronatura Noroeste,,Calle Decima 60,,Ensenada,,MX,22800,40000,to support citizen participation in conserving the environment in Northwestern Mexico
2021,263753801,Foundation to Promote Open Society,Protection International,,Rue de la Linire 11,,Brussels,,BE,1060,150000,to provide general support
2021,263753801,Foundation to Promote Open Society,Protection International,,Rue de la Linire 11,,Brussels,,BE,1060,80000,"to strengthen, enable, and promote the work of Human Rights Defenders and their networks in Eurasia"
2021,263753801,Foundation to Promote Open Society,Protection International,,Rue de la Linire 11,,Brussels,,BE,1060,52660,"to scale up security management and protection strategies for civil society organizations (CSOs), media organizations and human rights defenders (HRDs) in Tanzania"
2021,263753801,Foundation to Promote Open Society,Protection International,,Rue de la Linire 11,,Brussels,,BE,1060,20000,to train human rights defenders in Central Africa on security management and protection strategies
2021,263753801,Foundation to Promote Open Society,Proyecto de Derechos Economicos Sociales y Cultura,,Zamora 169 Despacho B2,,Mexico City,,MX,06140,550000,to provide general support
2021,263753801,Foundation to Promote Open Society,Proyecto de Derechos Economicos Sociales y Cultura,,Zamora 169 Despacho B2,,Mexico City,,MX,06140,275000,to provide general support
2021,263753801,Foundation to Promote Open Society,Proyecto Matria Inc,,31 Jimenez Sicardo,,Caguas,,RQ,00725,50000,to provide general support
2021,263753801,Foundation to Promote Open Society,PT Info Media Digital,,Tempo Building Palmerah Barat No8,,South Jakarta,,ID,12210,58636,"to support Tempo Witness, a charitable and educational project of the Grantee, that seeks to train marginalized indigenous communities and provide them with a platform to share and bring public visibility to topics of importance to their communities"
2021,263753801,Foundation to Promote Open Society,Public and Private Development Center,,1st Floor UAC Commercial Complex,,Abuja,,NI,,75000,to provide general support
2021,263753801,Foundation to Promote Open Society,Public Organization Insight,,PO Box 351B,,Kiev,,UP,1001,55000,to support Insight's work with trans and LGBI+ communities
2021,263753801,Foundation to Promote Open Society,Publish What You Pay (PWYP),,CAN Mezzanine 7-14 Great Dover Str,,London,,UK,SE1 4YR,1500000,to provide general support
2021,263753801,Foundation to Promote Open Society,ReCommon,,via Lucio Lombardo Radice 9,,Roma,,IT,00134,600000,to provide general support
2021,263753801,Foundation to Promote Open Society,ReCommon,,via Lucio Lombardo Radice 9,,Roma,,IT,00134,250000,to provide general support
2021,263753801,Foundation to Promote Open Society,Reachout Centre Trust,,PO 84929,,Mombasa,,KE,80100,45000,to provide general support
2021,263753801,Foundation to Promote Open Society,Recovering Justice,,Woodside Terrace,,Stanley,,OC,DH9 7HG,200000,to provide general support
2021,263753801,Foundation to Promote Open Society,Red de Periodistas Sociales,,Milan 20 Colonia Juarez Delegacio,,Mexico City,,MX,06600,70000,to advance strategic communications capacity and implementation of vulnerable workers in Mexico City
2021,263753801,Foundation to Promote Open Society,Rede Liberdade,,Rua Cardeal Arcoverde 359 13 and,,Sao Paulo,,BR,CEP: 05407-007,121270,to support the Grantee's work to address emblematic legal cases on human rights violations and authoritarian responses including those emerging from the health emergency of COVID 19 pandemic in Brazil
2021,263753801,Foundation to Promote Open Society,Reform Initiative for Transparent Economies,,4th Floor Fitzrovia House153-157 C,,London,,UK,W1T 6QW,75000,to support a monitoring and investigation of the funding of public projects in Lebanon in order to ensure that the Lebanese people benefit from rebuilding
2021,263753801,Foundation to Promote Open Society,Relais Prison-Socit,,Complexe socioculturel DARLAMANE B,,Casablanca,,MO,,80000,to provide general support
2021,263753801,Foundation to Promote Open Society,Release Leads Ltd,,61 Mansell Street,,London,,OC,E1 8AN,304000,to provide general support
2021,263753801,Foundation to Promote Open Society,REPCE,,Bridge 5 Mill22a Beswick Street,,Ancoats,,OC,M4 7HR,350000,to provide general support
2021,263753801,Foundation to Promote Open Society,Reporters Without Borders,,CS 90247 Cedex 02,,Paris,,FR,75083,150000,to provide general support
2021,263753801,Foundation to Promote Open Society,Res Non Verba Asociacion,,Thames 1024,,Buenos Aires,,AR,C1414DCW,125000,"to strengthen technology expertise among Latin American civil society organizations through education, peer-learning, and knowledge sharing"
2021,263753801,Foundation to Promote Open Society,Res Non Verba Asociacion,,Thames 1024,,Buenos Aires,,AR,C1414DCW,70000,"to strengthen through training and coaching, technology expertise among Latin American civil society organizations to better operate during the COVID-19 pandemic"
2021,263753801,Foundation to Promote Open Society,Rhodes University,,Eden Grove Building Lucas Avenue,,Grahamstown,,SF,06140,75000,to promote social accountability practices that results in systemic improvements to public resource management (PRM) processes for quality access to essential basic services that benefit communities
2021,263753801,Foundation to Promote Open Society,Roma Actors' Association,,Bulevardul Regina Elisabeta 34 ap,,Bucharest,,RO,050017,115000,to provide general support
2021,263753801,Foundation to Promote Open Society,Roma and Egyptians Youth Movement,,Neighboorhood 5 Maji Pallati 580/1,,Elbasan,,AL,3001,55000,to provide general support
2021,263753801,Foundation to Promote Open Society,Roma Center for Health Policies - Sastipen,,76 Mircea cel Batran Street,,Bucharest District,,RO,,150000,to provide general support
2021,263753801,Foundation to Promote Open Society,Roma center for women and children Daje,,Gostivarska 28,,Belgrade,,RI,11000,40000,to provide general support
2021,263753801,Foundation to Promote Open Society,Roma center for women and children Daje,,Gostivarska 28,,Belgrade,,RI,11000,17000,to provide general support
2021,263753801,Foundation to Promote Open Society,Roma Education Fund,,Baarerstrasse 12,,Zug,,SZ,CH-6300,5048038,to provide general support
2021,263753801,Foundation to Promote Open Society,Roma Education Fund,,Baarerstrasse 12,,Zug,,SZ,CH-6300,330000,"to support the move and transition of the Roma Education Fund headquarters from Budapest, Hungary, to Belgrade, Serbia, which will enable it to advance on its work that promotes quality, inclusive education and desegregated schools and classrooms for Roma students"
2021,263753801,Foundation to Promote Open Society,Roma Lawyers Association,,August Cesarec 5/10-8,,Skopje,,MK,1000,35000,to provide general support
2021,263753801,Foundation to Promote Open Society,Roma Women Association of Dendropotamos,,6 Kiprou Street Dendropotamos,,Thessaloniki,,GR,54628,275000,to provide general support
2021,263753801,Foundation to Promote Open Society,Royal United Services Institute For Defence And Se,,61 Whitehall,,London,,UK,SW1A 2ET,249760,to support the grantee's advocacy and accountability efforts focused on the global impact of UK economic crime
2021,263753801,Foundation to Promote Open Society,Ruwwad Al-Tanmeya,,Nathmi Abdelhadi Street Building,,Amman,,JO,11161,110000,to support empowering refugees and vulnerable citizens through deploying community facilitators and creative mediums to facilitate public attitude change towards marginalized people
2021,263753801,Foundation to Promote Open Society,Santamaria Fundacion,,Calle 18 42b-32 Barrio San Judas,,Cali,,CO,-,45000,to provide general support
2021,263753801,Foundation to Promote Open Society,SCOT-PEP,,The Matrix62 Newhaven Road,,Edinburgh,,OC,EH6 5QB,40000,to provide general support
2021,263753801,Foundation to Promote Open Society,SECTION27,,Southpoint CenterFirst Floor87 De K,,Braamfontein,,SF,2017,120000,to provide general support
2021,263753801,Foundation to Promote Open Society,Seoul National University,,1 Gwanak-ro Gwanak-gu,,Seoul,,KS,08826,330000,to support the Centre for Transnational Migration and Social Inclusion's research and policy advocacy activities promoting women's rights and social inclusion in South Korea
2021,263753801,Foundation to Promote Open Society,Seoul National University Foundation,,2nd Floor Research Park Main Cente,,Seoul,,KS,-,24815,to support The Centre for Transnational Migration and Social Inclusion's work on feminist macroeconomic models integrating a care economy by supporting an international conference
2021,263753801,Foundation to Promote Open Society,Shadow World Investigations Ltd,,39a Welbeck Street,,London,,UK,W1G 8DH,142673,to support the Grantee in a public education campaign and to pursue accountability for State Capture cases in South Africa
2021,263753801,Foundation to Promote Open Society,Shamaa,,Sodeco Square Bloc C 6th floorDa,,Beirut,,LE,2062-1211,115000,to support collection and cataloguing of critical educational research in the Arab world
2021,263753801,Foundation to Promote Open Society,Shan State Development Foundation,,No22 Dhama Yadanar Kyaung Street,,Taung Gyi,,BM,-,19000,to support the grantee's work on health care in Shan State
2021,263753801,Foundation to Promote Open Society,Shilpee Theatre Group,,Battisputali,,Kathmandu,,NP,44600,64663,to educate and sensitize the wider public on everyday corruption through the medium of theatre
2021,263753801,Foundation to Promote Open Society,Sibling Arts CIC,,50 Patshull Road,,London,,UK,NW5 2LD,80000,to provide general support
2021,263753801,Foundation to Promote Open Society,Sivio Institute Trust,,6 Ashton Road Alex Park Harare Zi,,Harare,,ZI,00263,25000,"to conduct a study on the underlying principles and manifestations of informal democracies, and the governance codes, ways of inclusion and roles played in those spaces"
2021,263753801,Foundation to Promote Open Society,Skoun Lebanese Addictions Center,,Rafic Hariri University Hospital A,,Beirut,,LE,20272101,70000,to support the Grantee's work on emergency funding to stave off the current Opiate Substitution Therapy shortage in Lebanon
2021,263753801,Foundation to Promote Open Society,Skoun Lebanese Addictions Center,,Rafic Hariri University Hospital A,,Beirut,,LE,20272101,285051,to provide general support
2021,263753801,Foundation to Promote Open Society,Social Accountability Association,,8 Mahdia Street Bloc B 5th floor,,Tunis,,TS,1006,180000,to provide general support
2021,263753801,Foundation to Promote Open Society,Social Forum of Debt and Development of Honduras,,Ave Tiburcio Carias Andino,,Tegucigalpa,,HO,11101,150000,to provide general support
2021,263753801,Foundation to Promote Open Society,Sociedad y Discapacidad (SODIS),,AvSan Martn 765 Dep 305 Barran,,Lima,,PE,4,50000,"to support Redesfera, a fiscally-sponsored project of the Grantee, to build the capacity of persons with psychosocial disabilities in Latin America to advocate for their rights"
2021,263753801,Foundation to Promote Open Society,Sociedad y Discapacidad (SODIS),,AvSan Martn 765 Dep 305 Barran,,Lima,,PE,4,350000,to provide general support
2021,263753801,Foundation to Promote Open Society,Sociedad y Discapacidad (SODIS),,AvSan Martn 765 Dep 305 Barran,,Lima,,PE,4,75000,to provide general support
2021,263753801,Foundation to Promote Open Society,Sociedade Amigos do Museu de Imagens do Inconscien,,Rua Ramiro Magalhes 521 Engenho,,Rio de Janeiro,,BR,20730-460,40000,to provide general support
2021,263753801,Foundation to Promote Open Society,Society for International Development - Kenya,,6th Floor Timau Plaza Off Argwing,,Nairobi,,KE,-,82500,to contribute to understanding the challenges and opportunities in Ethiopia and allow for development support to be tailored to responding to these challenges in a more informed way
2021,263753801,Foundation to Promote Open Society,Socio-Economic Rights Institute of South Africa,,6th Floor Aspern House54 De Korte S,,Braamfontein,,SF,2001,95000,to support the work of empowering South African individuals and communities marginalized by poverty
2021,263753801,Foundation to Promote Open Society,Solidarity Now,,3rd Septemvriou 24,,Athens,,GR,10432,500000,to support the Thessaloniki Solidarity Center and to defend the rights of vulnerable people in Greece through advocacy and management functions
2021,263753801,Foundation to Promote Open Society,Soloricon Ltd,,46 Coral StreetPO Box 291,,Castries,,ST,-,40000,"to organize and listen to the voices of the people who are at the frontline of the Caribbean need for just transition, particularly the working poor and the vulnerable"
2021,263753801,Foundation to Promote Open Society,Soros Foundation - Kyrgyzstan,,55A Logvinenko St,,Bishkek,,KG,720040,2099682,"to provide support for non-lobbying activities in the following spheres and programs: public health, rule of law, budget transparency and accountability, information and media, education reform and higher education support, and youth activism and democratic values support"
2021,263753801,Foundation to Promote Open Society,Soros Foundation - Moldova,,Bulgara str 32,,Chisinau,,MD,2001,300100,to provide general support
2021,263753801,Foundation to Promote Open Society,Soros Foundation - Moldova,,Bulgara str 32,,Chisinau,,MD,2001,2096198,to provide general support
2021,263753801,Foundation to Promote Open Society,Soros Foundation - Moldova,,Bulgara str 32,,Chisinau,,MD,2001,604000,to provide general support
2021,263753801,Foundation to Promote Open Society,Southern Africa Litigation Centre Trust,,President Place 2nd Floor 1 Hood A,,Rosebank Johannesburg,,SF,2196,185000,to provide general support
2021,263753801,Foundation to Promote Open Society,Southern Africa Litigation Centre Trust,,President Place 2nd Floor 1 Hood A,,Rosebank Johannesburg,,SF,2196,150000,"to support the Office of the UN Independent Expert on Alibinism, a fiscally-sponsored project of the Grantee, to address rights violations against persons with albinism in Africa, conduct research to uncover the origins of attacks, and raise awareness about and promote the rights of persons with albinism on the continent"
2021,263753801,Foundation to Promote Open Society,Southern and Eastern Trade Information and Negotia,,Plot 806 Block 213 Bukoto-Kisaasi,,Kampala,,UG,3138,160000,to provide general support
2021,263753801,Foundation to Promote Open Society,Stanislaw Brzozowski Association,,Jasna St 10 app 3,,Warsaw,,PL,00-013,701649,to provide general support
2021,263753801,Foundation to Promote Open Society,Stichting Bits of Freedom (BOF),,Prinseneiland 97hs,,Amsterdam,,NL,1013LN,95000,to provide general support
2021,263753801,Foundation to Promote Open Society,Stichting Center for Climate Crime Analysis,,Trompstraat 318,,The Hague,,NL,2518BS,500000,to initiate and support litigation to hold polluters accountable for their climate damage and human rights violations through innovative NGO-driven investigations
2021,263753801,Foundation to Promote Open Society,Stichting eIFLnet,,Marisplantsoen 9,,Nieuwegein,,NL,3431 GZ,150000,to provide general support
2021,263753801,Foundation to Promote Open Society,Stichting EqualA Foundation,,Tilanusstraat 322A,,Amsterdam,,NL,1091MZ,75000,to support Asia-Pacific's LGBTIQ+ movements and raise awareness on the exclusion of LGBTIQ+ communities' needs in Asia in order to build the capacity of community supported organizations to navigate available protection mechanisms
2021,263753801,Foundation to Promote Open Society,Stichting Health Action International Foundation,,Overtoom 60/II,,Amsterdam,,NL,1054 HK,80000,to provide general support
2021,263753801,Foundation to Promote Open Society,Stichting Institute on Statelessness and Inclusion,,Gestelsestraat 134,,Eindhoven,,NL,5615 LJ,985000,to provide general support
2021,263753801,Foundation to Promote Open Society,Stichting Lighthouse Reports,,Van Beeck Calkoenlaan 5,,Bunnik,,NL,3981 EL,50000,to build and equip a collaborative newsroom with the resources and expertise that would enable media to interrogate the rise of surveillance tech industry
2021,263753801,Foundation to Promote Open Society,Stichting Lighthouse Reports,,Van Beeck Calkoenlaan 5,,Bunnik,,NL,3981 EL,140000,to advance public interest journalism around the themes of migration and corruption
2021,263753801,Foundation to Promote Open Society,Stichting Open Future,,Bonairestraat 9,,Amsterdam,,NL,1058XC,250000,to provide general support
2021,263753801,Foundation to Promote Open Society,Stichting Prins Claus Fonds voor Cultuur en Ontwik,,Herengracht 603,,Amsterdam,,NL,1017 CE,143369,to provide general support
2021,263753801,Foundation to Promote Open Society,Stichting Wemos,,Ellermanstraat 15-O,,AmsterdamDuivendrecht,,NL,1114AK,170000,to provide general support
2021,263753801,Foundation to Promote Open Society,Stichting Wemos,,Ellermanstraat 15-O,,AmsterdamDuivendrecht,,NL,1114AK,550000,to provide general support
2021,263753801,Foundation to Promote Open Society,Stichting Wemos,,Ellermanstraat 15-O,,AmsterdamDuivendrecht,,NL,1114AK,175000,to provide general support
2021,263753801,Foundation to Promote Open Society,STOPAIDS,,Grayston Centre 28 Charles Square,,London,,OC,N1 6HT,391000,to provide general support
2021,263753801,Foundation to Promote Open Society,StreetNet International,,Unit 101 1st Floor Dinvir Centre,,Durban,,SF,040 01,75000,"to support the organization's work on promoting and uniting unorganized and marginalized street and market vendors in their struggle for socio-economic rights and justice through strengthening their voice, visibility and legitimacy"
2021,263753801,Foundation to Promote Open Society,SWAN Foundation for the Human Rights of Sex Worker,,Bertalan Lajos u 22 fsz6,,Budapest,,HU,H-1111,220000,to provide general operating support to SWAN
2021,263753801,Foundation to Promote Open Society,Swansea University,,Singleton Park,,Swansea,,OC,SA2 8PP,60000,to support the continued operation of the Grantee's Global Drug Policy Observatory unit
2021,263753801,Foundation to Promote Open Society,Syn-eirmos NGO of Social Solidarity,,72 I Drosopoulou,,Athens,,GR,42100,221667,to provide general support
2021,263753801,Foundation to Promote Open Society,Synaps Suisse,,Chemin de Mourat 69,,Lutry,,SZ,1095,400000,to provide general support
2021,263753801,Foundation to Promote Open Society,Synaps Suisse,,Chemin de Mourat 69,,Lutry,,SZ,1095,75000,to provide general support
2021,263753801,Foundation to Promote Open Society,Syndicat du travail sexuel (STRASS),,C/o Act up Paris 8 rue des Dunes,,Paris,,FR,75019,20000,to provide general support
2021,263753801,Foundation to Promote Open Society,Taiwan Alliance to End the Death Penalty,,3F No3 Ln 1 Zhenjiang St Zhon,,Taipei City,,TW,00100,120000,to provide general support
2021,263753801,Foundation to Promote Open Society,Taiwan Tongzhi Hotline Association,,12F NO 70 Sec 2 Roosevelt Rd,,Taipei City,,TW,00100,300000,to provide general support
2021,263753801,Foundation to Promote Open Society,Tamkeen for Legal Aid and Human Rights,,Wasfi Al Tall Street Building No8,,Amman,,JO,1555 Amman11118,125000,to support refugeesmigrant workers' labor rights through the deployment of community facilitators and the provision of legal aid services
2021,263753801,Foundation to Promote Open Society,Tanneri Chaso Services,,Hilledol Tarakeswhor Municipality,,Kathmandu,,NP,-,25279,"to support youth involvement in educating the public about the issues of corruption, good governance, and demanding accountability of government authorities"
2021,263753801,Foundation to Promote Open Society,Tax Justice Network-Africa,,George Padmore Ridge 2nd FL Wing B,,Nairobi,,KE,,31000,to support the roll-out of the East Africa Tax Governance Network's 2019-2023 strategic plan
2021,263753801,Foundation to Promote Open Society,TB HIV Care Non-Profit Company,,PO Box 2589,,Cape Town,,SF,8000,300000,to provide general support
2021,263753801,Foundation to Promote Open Society,Teacher Creativity Center,,Ein Mesbah-Alkasawny Neighborhood-A,,Ramallah,,OC,-,200000,to provide general support
2021,263753801,Foundation to Promote Open Society,Teacher Creativity Center,,Ein Mesbah-Alkasawny Neighborhood-A,,Ramallah,,OC,-,110000,to provide general support
2021,263753801,Foundation to Promote Open Society,Tech for People,,Dhobighat,,Kathmandu,,NP,-,32500,to raise public awareness on corruption and the kleptocratic network existing in Nepal through contemporary online media
2021,263753801,Foundation to Promote Open Society,Temblores ONG,,Calle 70 0-32Apto 302,,Bogota,,CO,-,100000,to provide general support
2021,263753801,Foundation to Promote Open Society,Temblores ONG,,Calle 70 0-32Apto 302,,Bogota,,CO,-,250000,to provide general support
2021,263753801,Foundation to Promote Open Society,Temblores ONG,,Calle 70 0-32Apto 302,,Bogota,,CO,-,26000,to support the health and dignity of health for marginalized people
2021,263753801,Foundation to Promote Open Society,Terra de Direitos,,Rua Ebano Pereira 44 - sala 905,,Curitiba,,BR,80.410-240,350000,to provide general support
2021,263753801,Foundation to Promote Open Society,Terra de Direitos,,Rua Ebano Pereira 44 - sala 905,,Curitiba,,BR,80.410-240,105000,to provide general support
2021,263753801,Foundation to Promote Open Society,The Action Foundation,,Kibera Slums PO Box 59541,,Nairobi,,KE,00200,100000,to provide general support
2021,263753801,Foundation to Promote Open Society,The Arab Center for Alternative Planning,,PO Box 571,,Eilaboun Galilee,,IS,16972,80000,to support media and data collection to advocate for the rights of Palestinian citizens of Israel
2021,263753801,Foundation to Promote Open Society,The Festival Academy,,Sainctelettesquare 17,,Brussels,,BE,B-1000,165000,to provide general support
2021,263753801,Foundation to Promote Open Society,The Governing Council of the University of Toronto,,27 Kings College Circle,,Toronto,,CA,M5S 1A1,300000,"to support the Center for Global Social Policy to undertake a comparative study of social, economic and policy landscapes of the care economy in Mongolia, Sri Lanka and Canada, paying attention to changes and learnings since the COVID pandemic in 2020"
2021,263753801,Foundation to Promote Open Society,The Governing Council of the University of Toronto,,27 Kings College Circle,,Toronto,,CA,M5S 1A1,240000,to provide general support to Citizen Lab while it implements its institutional strategy
2021,263753801,Foundation to Promote Open Society,The Governing Council of the University of Toronto,,27 Kings College Circle,,Toronto,,CA,M5S 1A1,38755,"to support a fellowship program at the Munk School of Global Affairs and Public Policy for justice officials from Ukraine, Georgia, and Armenia and vice versa for Canadian justice officials to offer seminars in one of the participating countries"
2021,263753801,Foundation to Promote Open Society,The Kawaakibi Center,,Bygdy Alle 9A,,Oslo,,NO,0257,300000,to provide general support
2021,263753801,Foundation to Promote Open Society,The Project Syndicate ops,,Lazarska 8,,Prague,,EZ,12000,275000,to provide general support
2021,263753801,Foundation to Promote Open Society,The REDRESS Trust Limited,,87 Vauxhall Walk,,London,,UK,SE11 5HJ,345000,"to support the development and coordination of corruption-related sanctions submissions to UK authorities in order to provide accountability for victims of corruption and disrupt and deter future corrupt acts, for the benefit of citizens of corruption-affected countries"
2021,263753801,Foundation to Promote Open Society,The REDRESS Trust Limited,,87 Vauxhall Walk,,London,,UK,SE11 5HJ,50000,to provide general support
2021,263753801,Foundation to Promote Open Society,The Refugee Council of Australia,,Suite 4A6 410 Elizabeth Street Su,,Sydney,,AS,2010,64526,to support the Grantee's work on the development of a sustainable and inclusive network for refugee-led organizations in the Asia-Pacific region
2021,263753801,Foundation to Promote Open Society,The Tagaung Institute of Political Studies,,Myakantha street,,Yangon,,BM,-,20000,to support the grantee's research and advocacy on the COVID-19 policy responses by sub-national government
2021,263753801,Foundation to Promote Open Society,The Womanity Foundation,,55 Route des Jeunes,,GrandLancy,,SZ,1212,150000,to provide general support
2021,263753801,Foundation to Promote Open Society,The Womanity Foundation,,55 Route des Jeunes,,GrandLancy,,SZ,1212,100000,to support the grantee's Womanity Award program (2020-2021) which supports innovative transnational programs to prevent violence against women
2021,263753801,Foundation to Promote Open Society,The Women's Budget Group,,Edinburgh HouseKLG14170 Kennington,,London,,UK,SE11 5DP,600000,to provide general support
2021,263753801,Foundation to Promote Open Society,The Women's Budget Group,,Edinburgh HouseKLG14170 Kennington,,London,,UK,SE11 5DP,205000,to provide general support
2021,263753801,Foundation to Promote Open Society,The WoMin Alliance Trust,,Office 902 Southpoint Corner 87 D,,Johannesburg,,SF,2001,200000,to provide general support
2021,263753801,Foundation to Promote Open Society,The WoMin Alliance Trust,,Office 902 Southpoint Corner 87 D,,Johannesburg,,SF,2001,90000,to provide general support WoMin Alliance Trust
2021,263753801,Foundation to Promote Open Society,Think Olga,,Rua Edson 640 apto 274 Crystal CE,,Sao Paulo,,BR,-,75000,to provide general support
2021,263753801,Foundation to Promote Open Society,Third World Network-Africa,,9 Asmara Street East Legon,,Accra,,GH,xxxx,200000,to provide general support
2021,263753801,Foundation to Promote Open Society,Third World Network Berhad,,131 Jalan Macalister,,Penang,,MY,10400,200000,to provide general support
2021,263753801,Foundation to Promote Open Society,Trans-Fuzja Foundation,,Noakowskiego 10 lok 66,,Warsaw,,PL,00-666,70000,to provide general operating support
2021,263753801,Foundation to Promote Open Society,Transform Drug Policy Foundation,,9-10 King Street,,Bristol,,OC,BS14EQ,200000,to provide general support
2021,263753801,Foundation to Promote Open Society,Transgender Europe,,Kiefholzstr 2,,Berlin,,GM,12435,240000,to provide general support
2021,263753801,Foundation to Promote Open Society,Transnational Institute (TNI),,De Wittenstraat 25,,Amsterdam,,NL,1052 AK,400000,to support the Grantee's work on evidence-based drug policy
2021,263753801,Foundation to Promote Open Society,Transnational Institute (TNI),,De Wittenstraat 25,,Amsterdam,,NL,1052 AK,37500,"to support the production of a transnational analysis on the securitization of health in the wake of the Covid19 pandemic, that will benefit civil society organizations and social movements around the globe by informing their work on rethinking national security narratives and by mobilizing them to collectively push back against the repressive dimension of pandemic politics"
2021,263753801,Foundation to Promote Open Society,Transnational Institute (TNI),,De Wittenstraat 25,,Amsterdam,,NL,1052 AK,70000,"to support research and advocacy to limit the ability of multinationals to shape public policies and decision-making to serve their interests, prevent alternatives, and escape accountability for their impacts"
2021,263753801,Foundation to Promote Open Society,Transparency International eV,,Alt-Moabit 96,,Berlin,,GM,10559,150000,to increase civil society's capacity to hold governments accountable for creation and implementation of effective anti-corruption commitments to the Open Government Partnership platform
2021,263753801,Foundation to Promote Open Society,Transparency International eV,,Alt-Moabit 96,,Berlin,,GM,10559,200000,to support the Grantee's Global Anti-Corruption Consortium to scale up efforts to increase cross-border cooperation on legal accountability for corruption
2021,263753801,Foundation to Promote Open Society,Treatment Activist Group on HIVAIDS,,Avenida de Paris 4 1 direito,,Lisbon,,PO,1000-228,200000,to provide general support
2021,263753801,Foundation to Promote Open Society,True Self Foundation,,Triple S Plaza Suite 9B1 Ave Roosev,,San Juan,,RQ,00968,43000,to create a network of queer trans-led organizations in Puerto Rico
2021,263753801,Foundation to Promote Open Society,TrustAfrica,,Lot 4 Almadies-NgorBP 45 435,,DakarFann,,SG,45435,112500,to provide general support
2021,263753801,Foundation to Promote Open Society,Uma Gota No Oceano,,Rua Coronel Paulo Malta Rezende 135,,Rio de Janeiro,,BR,22631005,110000,to support analyses and communications with the general public to promote the importance of the Amazon Rainforest's protection
2021,263753801,Foundation to Promote Open Society,Umbrella Journalists' International Network NGO,,Andranik 114 1,,Yerevan,,AM,0064,120000,to provide general support
2021,263753801,Foundation to Promote Open Society,Umbrella Journalists' International Network NGO,,Andranik 114 1,,Yerevan,,AM,0064,78000,"to support production of independent, analytical journalism and increase awareness about violence and discrimination against women"
2021,263753801,Foundation to Promote Open Society,Umzimvubu Farmers Support Network,,978 GAP ROAD PORT ST JOHNS,,Port St Johns,,SF,5120,200000,to provide general support
2021,263753801,Foundation to Promote Open Society,UNAS,,Rua da Mina Central 38,,So Paulo,,BR,04235460,200000,to support the production of data and analysis on the Heliopolis region of Sao Paulo in order to better residents' lives
2021,263753801,Foundation to Promote Open Society,Union of Indigenous Yage Medics of the Colombian A,,Barrio Obrero Etapa II Mocoa,,Putumayo,,CO,,20000,to provide general support
2021,263753801,Foundation to Promote Open Society,United Nations Economic Commission for Latin Ameri,,Av Dag Hammarskjold 3477,,Vitacura Santiago,,CI,7630412,180000,"to undertake research and policy dialogue among government officials, women's rights organizations, and technical experts on gender equality into the discussion on care policies, trade policies, and fiscal and financial policies in Latin American countries, with special attention to coronavirus COVID19 and its impact"
2021,263753801,Foundation to Promote Open Society,Universidad Catolica Andres Bello (UCAB),,Final Av Teheran Edificio Servici,,Caracas,,VE,,75000,to provide educational and data tools to local civil society to carry out coordinated social projects that impact the well-being of their communities
2021,263753801,Foundation to Promote Open Society,Universidad de los Andes,,Carrera 1 No 18a 12,,Bogota,,CO,,220000,"to support Womansplaining, a podcast addressing political, economic, cultural and social issues from a gender perspective, and to support participatory journalistic coverage of emerging youth movements in Colombia"
2021,263753801,Foundation to Promote Open Society,Universidad de los Andes,,Carrera 1 No 18a 12,,Bogota,,CO,,95000,to support Cerosetenta's investigations and workshops on human rights in the context of protests in Colombia
2021,263753801,Foundation to Promote Open Society,University College London,,Gower Street,,London,,UK,WC1E 6BT,1000000,"to provide support to the UCL Institute for Innovation and Public Purpose to research and advance the notion of public value, and to develop innovative research and educational programs to address key societal challenges"
2021,263753801,Foundation to Promote Open Society,University of Alicante,,Ctra San Vicente del Raspeig S/N,,Alicante,,SP,03690,24950,to provide general support
2021,263753801,Foundation to Promote Open Society,University of Essex,,Wivenhoe Park,,Colchester,,OC,CO4 3SQ,95000,"to support the on-going development and expansion of the Grantee's mission to advance, promote, and disseminate international legal scholarship and research on human rights and drug policy"
2021,263753801,Foundation to Promote Open Society,University of Essex,,Wivenhoe Park,,Colchester,,OC,CO4 3SQ,200000,"to support the programmatic work of the Centre for Human Rights at the University of Essex for the establishment of a Centre on Global Mental Health, Human Rights and Social Justice"
2021,263753801,Foundation to Promote Open Society,University of Exeter,,University of ExeterNorthcote House,,Exeter,,OC,EX4 4QJ,404,to build and inform an international network of partners around the issue of political exiles
2021,263753801,Foundation to Promote Open Society,University of Pretoria,,University of Pretoria,,Pretoria,,SF,2,62500,to enable the work of the African Coalition for Corporate Accountability (ACCA) in supporting African communities and individuals whose human rights are adversely impacted daily by the activities of both multi-national and domestic corporations
2021,263753801,Foundation to Promote Open Society,University of Pretoria,,University of Pretoria,,Pretoria,,SF,2,250000,to support the Centre for Human Rights' educational program on sexual and reproductive rights
2021,263753801,Foundation to Promote Open Society,University of San Isidro,,Av del Libertador 17175 B1643 Bec,,Buenos Aires,,AR,-,7500,to provide long-term technical assistance in early childhood development to Argentina's early childhood sector and to the Open Society care economy portfolio in Argentina
2021,263753801,Foundation to Promote Open Society,University of the West Indies,,Mona Campus,,Kingston,,JM,7,50000,"to advance teaching, research, advocacy, and partnerships on issues relating to regional and global climate justice"
2021,263753801,Foundation to Promote Open Society,University of the Western Cape,,Private Bag x17,,Bellville,,SF,7535,150000,to provide general support
2021,263753801,Foundation to Promote Open Society,University of York,,Heslington,,York,,OC,YO10 5DD,100000,"to support the Grantee's Centre for Applied Human Rights to conduct research and organize workshops, exhibitions and networking events for human rights defenders"
2021,263753801,Foundation to Promote Open Society,Uplift - A People Powered Community,,28 N Great Georges St,,Dublin,,EI,2,165000,to provide general support
2021,263753801,Foundation to Promote Open Society,UPR Law Trust- UPR Resiliency Law Center,,7 Ave Universidad Ste 701,,San Juan,,RQ,00925-2527,100000,to support the University of Puerto Rico's Resiliency Law Center in their work to train legal experts and community members on a just recovery framework for post-disaster scenarios like Hurricane Maria
2021,263753801,Foundation to Promote Open Society,Urgent Action Fund Africa,,Riara Corporate Suites 2nd Floor,,Nairobi,,KE,-,300000,to provide general support
2021,263753801,Foundation to Promote Open Society,Urgent Action Fund Africa,,Riara Corporate Suites 2nd Floor,,Nairobi,,KE,-,100000,"to support the development of the Feminist Republik, an African women human rights defenders platform focused on feminist approaches to integrated security, well-being and resilience in human rights activism"
2021,263753801,Foundation to Promote Open Society,Urgent Action Fund for Women's Human Rights Asia &,,Level 6 126 Wellington Parade,,East Melbourne,,AS,3002,225000,to provide general support
2021,263753801,Foundation to Promote Open Society,Urgewald eV,,Von-Galen-Str 4,,Sassenberg,,GM,48336,75000,"to support the development of an oil and gas industry database to educate financial institutions, investors, and civil society for climate-mitigating divestment"
2021,263753801,Foundation to Promote Open Society,Validity Foundation - Mental Disability Advocacy C,,Impact HubFerenciek tere 2,,Budapest,,HU,1053,108000,to provide general support
2021,263753801,Foundation to Promote Open Society,Violence Prevention Alliance (Jamaica),,13 Gilbratar Camp WayUWI Mona,,Kingston,,JM,-,200000,to provide general support
2021,263753801,Foundation to Promote Open Society,Visao Mundial,,22 Fire Street - Saint Antonio,,Recife,,BR,-,145000,to support the Grantee's work in strengthening a network of progressive human rights evangelical leaders in Brazil
2021,263753801,Foundation to Promote Open Society,Vision for Change,,Suryabinayak - 6,,Bhaktapur,,NP,-,30000,to support Body & Data's strategic objective of knowledge building and dissemination on digital rights in the context of Nepal
2021,263753801,Foundation to Promote Open Society,Welfare Association,,Al Nahda Square Canada St PO Bo,,Ramallah,,OC,-,140000,to address urgent medical and humanitarian needs on the ground in Palestine in light of the Covid-19 crisis
2021,263753801,Foundation to Promote Open Society,Wits Health Consortium (Pty) Ltd,,Rosebank,,Johannesburg,,SF,-,100000,"to provide program support to the Wits Health Consortium to support their Rural Health Advocacy Project (RHAP) and the development of a rural-focused policy and advocacy campaign to advance equitable access to COVID19 diagnostics, vaccines and therapeutics (DVTs) in South Africa"
2021,263753801,Foundation to Promote Open Society,Women's Center for Legal Assistance and Counseling,,Ramallah Batn el-Hawa PO Box 5426,,Jerusalem,,OC,91516,100000,to provide general support
2021,263753801,Foundation to Promote Open Society,Women's International League for Peace and Freedom,,1 Rue de Varembe - Case Postale 28,,Geneva,,SZ,1211,100000,"to support a convening and online platform for feminist activists to exchange experiences, build networks and develop joint strategies to challenge gender-based discrimination"
2021,263753801,Foundation to Promote Open Society,Women for the Future Association,,Dozsa Gyorgy street 34,,Simonfa,,HU,7474,155000,to provide general support
2021,263753801,Foundation to Promote Open Society,Women in Informal Employment Globalizing and Orga,,521 Royal Exchange,,Manchester,,OC,M2 7EN,10000,to advance the empowerment of COVID-19 vulnerable workers by strengthening the communications capacity for global networks of informal workers
2021,263753801,Foundation to Promote Open Society,Women in Informal Employment Globalizing and Orga,,521 Royal Exchange,,Manchester,,OC,M2 7EN,150000,to improve the knowledge base on social insurance for informal workers and to integrate this knowledge into the organizational and negotiating strategies of organizations of informal workers affiliated to StreetNet International.
2021,263753801,Foundation to Promote Open Society,Worldwide Hospice Palliative Care Alliance,,34-44 Britannia Street,,London,,UK,WC1X 9JG,20000,to support the Worldwide Hospice and Palliative Care Alliance with a project grant to improve sustainability of global palliative care
2021,263753801,Foundation to Promote Open Society,Worldwide Hospice Palliative Care Alliance,,34-44 Britannia Street,,London,,UK,WC1X 9JG,80000,to provide two-year general support to the Worldwide Hospice and Palliative Care Network
2021,263753801,Foundation to Promote Open Society,Yayasan Panna (PannaFoto Institute),,Jalan Bambu Apus III No 206 Pondo,,Indonesia,,ID,-,45807,to support freedom of expression and freedom of speech through photography and visual storytelling in Indonesia
2021,263753801,Foundation to Promote Open Society,Young African Refugees for Integral Development,,Nsambya Goggonya off Kabega Lane,,Kampala,,UG,PO BOX 71360,151030,to support the development of refugee-led networks
2021,263753801,Foundation to Promote Open Society,Youth Changers Kenya,,67298-00200,,Nairobi,,KE,00100,40000,to provide general support
2021,263753801,Foundation to Promote Open Society,Youth Empowerment Team,,No16 2nd Floor Ywama Kyaung St,,Yangon,,BM,-,19000,"to support improving health services, reducing unjust consequences of drug use among substance users, and strengthening the National Drug User Network through trainings and peer discussion meetings"
2021,263753801,Foundation to Promote Open Society,Youth Foundation for Development Education and Le,,26 Massenya Street Off Cotonou St,,Massenya Street Off Cotonou St,,NI,,35000,"to design a programme that will provide a platform for youth, youth leaders and youth focused organizations in Africa to build skills, collaborate and address youth-specific challenges"
2021,263753801,Foundation to Promote Open Society,YouthRISE Nigeria,,Flat 1 No 6 Bonny Close Area 2,,Abuja,,NI,,270000,to provide general support
2021,263753801,Foundation to Promote Open Society,YouthRISE Nigeria,,Flat 1 No 6 Bonny Close Area 2,,Abuja,,NI,,80000,to provide general support
2021,263753801,Foundation to Promote Open Society,Zamara Foundation,,PO Box 10402,,Nairobi,,KE,00100,40000,to provide general support
2021,263753801,Foundation to Promote Open Society,Public Defender Association,,110 Prefontaine Place South Suite,,Seattle,WA,,98104,150000,"to support the Grantee's ""LEAD Support Bureautheir ability to provide international law enforcement peer technical assistance and support"
2021,263753801,Foundation to Promote Open Society,Paung Ku,,No52Thirimingalar2 street Kamary,,Yangon,,BM,-,20000,to provide general support
2021,263753801,Foundation to Promote Open Society,Instituto AMMA Psique e Negritude,,AVENIDA DOUTOR ARNALDO 2083 SUMARe,,So Paulo,,BR,01.255-000,200000,to support ANPSINEP in their work to produce and disseminate knowledge in the field of Psychology on the impact of racism on the construction of subjectivities and race relations
2021,263753801,Foundation to Promote Open Society,Collaboration on International ICT Policy in East,,156-158 Mutesa 2 Road Ntinda,,Kampala,,UG,,100000,"to promote access to information technology in the wake of the COVID 19 pandemic and how this affects citizen participation and livelihoods through its existing relationship with the continental platform, The Alliance for affordable internet (A4AI)"
2021,263753801,Foundation to Promote Open Society,Representa Producoes,,Rua Joao Ramalho 586,,So Paulo,,BR,05008-001,25000,to support the production of a documentary to advocate in LGBT+ and non-LGBT+ communities about the need for diversity in spheres of power
2021,263753801,Foundation to Promote Open Society,University of San Isidro,,Av del Libertador 17175 B1643 Bec,,Buenos Aires,,AR,,60000,to provide long-term technical assistance in early childhood development to Argentina's early childhood sector and to the Open Society care economy portfolio in Argentina
2021,263753801,Foundation to Promote Open Society,Hamida Barmaki Organisation for the Rule of Law,,7th Street Taimani area PD10,,Kabul,,AF,1001,16456,to support charitable and educational activities of Awareness Raising on Afghan Constitution
2021,263753801,Foundation to Promote Open Society,Independent Medico-Legal Unit (IMLU),,69 Mokoyeti West Road Off Langata,,Nairobi,,KE,16035 - 00509,150000,"to enable the Grantee to continue promoting the prevention and accountability for torture, violence, and discrimination in Kenya"
